step,t,N,K,M_u,M_v,xc_x,xc_y,L,h_eff,S_u,R2,R_0.05,R_0.1,R_0.2,R_0.3,R_0.5,R_0.8,R_0.9,R_0.99,N_0.5,N_0.8,N_0.9,R50_over_heff,peak_PK_u,peak_PK_v,S_L2_u,S_L2,outside_v_frac,drift_cfl,n_birth,n_death,drift_cfl_solver_field,drift_cfl_fourier_diag,max_grad_solver_field,max_grad_fourier_diag,solver_field_mode,solver_field_h,solver_field_residual_E,S_dg_raw_80,S_dg_cross_80,peak_dg_80,ppc_80,empty_80,S_dg_raw_160,S_dg_cross_160,peak_dg_160,ppc_160,empty_160
0,0.0,80000,10,31.41592653589793,31.41592653589793,0.00014152332180111126,-0.00017593831783516123,0.2726986807817523,0.02726986807817523,0.011948212486302031,0.10930787934225981,0.024798004454317846,0.03573119634795941,0.05161643994135021,0.06516113912443332,0.0908995602605841,0.13865680474847492,0.16596292863192985,0.23500810496462557,40000,64000,72000,3.3333333333333335,826.3022478864383,442.28305005860545,114.81727569668634,114.81727569668634,0.0251,0.7651478393105536,0,0,0.7651478393105536,0.7651478393105536,2419.609918977869,2419.609918977869,current_fourier,nan,nan,115.83451040416209,114.77659789180457,1064.6238564388163,12.5,0.75984375,118.80846685406895,114.69754247919225,1766.0601237299197,3.125,0.8113671875
5,1e-06,80000,10,31.41592653589793,31.41592653589793,0.0001530619744076519,-0.0001554321424188057,0.2663644872151473,0.026636448721514733,0.011599924886619102,0.1077029474370089,0.024103271743397495,0.0345639091982001,0.04991995617939675,0.06322742815469166,0.08878816240504911,0.13659329933642492,0.16422768264780777,0.2346055176882126,40000,64000,72000,3.333333333333333,887.3968050215008,443.6271979843418,117.38648826949947,117.38648826949947,0.0298,0.7803529768762479,0,0,0.7803529768762479,0.7803529768762479,2467.692785821651,2467.692785821651,current_fourier,nan,nan,118.33950703386455,117.30533226226821,1209.4228633524447,12.5,0.76015625,121.3128808398777,117.29427989525776,1513.9402173996727,3.125,0.8123828125
10,2e-06,80000,10,31.41592653589793,31.41592653589793,0.00016371644157748582,-0.00014604741277986054,0.2603424088394371,0.02603424088394371,0.011257232473198684,0.10610010590569023,0.02328196951651041,0.03335548534959855,0.04823612829738985,0.061319916657378896,0.08678080294647904,0.13455498953172318,0.16254339950611632,0.23370210179939419,40000,64000,72000,3.3333333333333335,971.0057917147764,444.460833380879,120.16282045264217,120.16282045264217,0.034125,0.793268551512227,0,0,0.793268551512227,0.793268551512227,2508.535418961245,2508.535418961245,current_fourier,nan,nan,121.13059505705479,120.14909967466465,1254.9763851181033,12.5,0.7615625,124.09477820018192,120.24504367764054,1795.3784185708878,3.125,0.815
15,3e-06,80000,10,31.41592653589793,31.41592653589793,0.00017484436505262597,-0.00013506404711897268,0.254067429766213,0.0254067429766213,0.010922073048271728,0.10450872235498684,0.022436178178682504,0.0321523295922919,0.046666390135102306,0.05943904516727118,0.08468914325540433,0.13262203199404726,0.1607328099864001,0.2328703287574867,40000,64000,72000,3.333333333333333,1078.6800182416023,443.1430040232898,123.13338172369158,123.13338172369158,0.0399125,0.8118895106218952,0,0,0.8118895106218952,0.8118895106218952,2567.420061964657,2567.420061964657,current_fourier,nan,nan,124.06187756882261,123.11241143979434,1319.3421889599972,12.5,0.76140625,126.89484282642117,123.04004040740325,2047.5456664699984,3.125,0.8165625
20,4e-06,80000,10,31.41592653589793,31.41592653589793,0.00018976570132615193,-0.00012073975697386842,0.24784553659007277,0.024784553659007277,0.010592446309707536,0.10291961090923117,0.021741226832965282,0.031097232625669383,0.04513959976107629,0.057508012106453496,0.08261517886335759,0.13049299029031824,0.158988904618357,0.2321708346712754,40000,64000,72000,3.3333333333333335,1202.0193886163497,443.45025482154716,126.34998800401344,126.34998800401344,0.046525,0.81963480997777,0,0,0.81963480997777,0.81963480997777,2591.912849089057,2591.912849089057,current_fourier,nan,nan,127.23180116854863,126.3382970553429,1554.0283193041291,12.5,0.7628125,129.94492609316794,126.20887048004467,1960.7466704196877,3.125,0.8185546875
25,4.9999999999999996e-06,80000,10,31.41592653589793,31.41592653589793,0.00019052326002664361,-0.00010688357271528875,0.24142747630451,0.024142747630451,0.01027080067239744,0.10134495879123658,0.020929890926512144,0.03001193089239739,0.04354108063444472,0.05570520895023243,0.08047582543483667,0.12842851402275154,0.15712606133054008,0.23164416229028056,40000,64000,72000,3.3333333333333335,1336.4704600121995,442.91569828404874,129.81001423518157,129.81001423518157,0.0538625,0.838383842400843,0,0,0.838383842400843,0.838383842400843,2651.202495470313,2651.202495470313,current_fourier,nan,nan,130.6704133602323,129.77793298384051,1604.8828718788616,12.5,0.76375,133.40933488511436,129.71772700383178,2215.682875770896,3.125,0.81890625
30,6e-06,80000,10,31.41592653589793,31.41592653589793,0.00019084295911712067,-8.109349296238793e-05,0.23517356052522245,0.023517356052522247,0.009955142411199353,0.09977545996485986,0.020268692460121345,0.029014489613534825,0.04206294076141692,0.053926178766121,0.07839118684174082,0.1263326353567974,0.15537077542835223,0.23083590256084469,40000,64000,72000,3.333333333333333,1492.1506155700758,438.6267377949396,133.58518388357288,133.58518388357288,0.0622,0.860942613342063,0,0,0.860942613342063,0.860942613342063,2722.539592858589,2722.539592858589,current_fourier,nan,nan,134.49417925868923,133.59610984985093,1836.1634173434695,12.5,0.76234375,137.03778802688583,133.52563319529105,2243.8004936156467,3.125,0.8208984375
35,7e-06,80000,10,31.41592653589793,31.41592653589793,0.00019345769303894973,-6.049091115182843e-05,0.22882792471479138,0.02288279247147914,0.009647571715831214,0.09822205310331898,0.019520195777002463,0.02797248949061586,0.0406337238721884,0.05226510472397467,0.07627597490493046,0.12418791443546447,0.15365863141416464,0.23046756508250563,40000,64000,72000,3.333333333333333,1653.4833706326745,441.71152302502105,137.6558261532499,137.6558261532499,0.0718625,0.8805182601699714,0,0,0.8805182601699714,0.8805182601699714,2784.4432235058293,2784.4432235058293,current_fourier,nan,nan,138.54510418587168,137.66389252598006,2091.8639054209757,12.5,0.76328125,141.06744349142954,137.65433948069193,2831.215078161874,3.125,0.8216796875
40,8e-06,80000,10,31.41592653589793,31.41592653589793,0.00019072297799243903,-3.515370024749433e-05,0.22251754435762125,0.022251754435762126,0.009349924975076187,0.0966950100836449,0.018815939430600587,0.027063838989231943,0.039300110858372136,0.05053811944517629,0.07417251478587375,0.12203790288312719,0.1518122452603361,0.2298158237441354,40000,64000,72000,3.333333333333333,1835.4847270451505,441.8407265703897,141.9864332090644,141.9864332090644,0.08225,0.9076440022238085,0,0,0.9076440022238085,0.9076440022238085,2870.2223516181684,2870.2223516181684,current_fourier,nan,nan,142.94434225186026,142.09368286551748,2453.471482512333,12.5,0.76296875,145.47024915777746,142.26719969604073,2748.618980503318,3.125,0.82359375
45,9e-06,80000,10,31.41592653589793,31.41592653589793,0.0001832076051597103,-1.1467666532358346e-05,0.21618939368310908,0.021618939368310906,0.009060181899272506,0.09518498778311896,0.0182812298447963,0.026098641087996092,0.03795039932439078,0.0490053037156089,0.07206313122770303,0.1199264949819609,0.14980297903833972,0.22959733745367403,40000,64000,72000,3.3333333333333335,2026.734183505923,442.30935520764115,146.60681657799853,146.60681657799853,0.0940625,0.9365861127882528,0,0,0.9365861127882528,0.9365861127882528,2961.745341294234,2961.745341294234,current_fourier,nan,nan,147.56963553770925,146.77738054738643,2753.7442616777507,12.5,0.76375,150.0750575665005,146.98204703633587,3087.723267868212,3.125,0.82453125
50,9.999999999999999e-06,80000,10,31.41592653589793,31.41592653589793,0.00017768517535096738,1.049427339528638e-05,0.21021129472353195,0.021021129472353194,0.008781322357550381,0.09370871014772522,0.0175266067064094,0.025185463877891227,0.03668589762191257,0.04749863202419623,0.07007043157451065,0.11782820395822068,0.14784789226761516,0.22968896663635083,40000,64000,72000,3.3333333333333335,2248.2323808016235,441.9772789299046,151.56129371494168,151.56129371494168,0.1061,0.9568541108698279,0,0,0.9568541108698279,0.9568541108698279,3025.838378843934,3025.838378843934,current_fourier,nan,nan,152.53428413519117,151.76865899012518,3135.501502906428,12.5,0.764375,154.82824773030936,151.8061505518707,3645.988005639605,3.125,0.8255078125
55,1.1e-05,80000,10,31.41592653589793,31.41592653589793,0.0001688001730424958,3.9679077494826864e-05,0.203963615688648,0.020396361568864797,0.008509913633524544,0.09224919313210574,0.016901695355680205,0.02426223739599058,0.035442342136135736,0.04597445439141017,0.067987871896216,0.11574977857854088,0.14600434314024638,0.2300855515274096,40000,64000,72000,3.3333333333333335,2510.508479833528,445.4533496189076,156.958089806371,156.958089806371,0.1202125,0.9846640241190503,0,0,0.9846640241190503,0.9846640241190503,3113.781046243171,3113.781046243171,current_fourier,nan,nan,157.9496750215852,157.2398516274844,3540.7173708168693,12.5,0.76234375,160.37021916418186,157.36213977779246,3572.3178339144165,3.125,0.8248828125
60,1.2e-05,80000,10,31.41592653589793,31.41592653589793,0.00017032497079958635,6.815803218507104e-05,0.19792984690191218,0.019792984690191216,0.00825039911547338,0.09083170765472473,0.016333040781791187,0.023424194332086132,0.03416938028450973,0.044634007398586015,0.06597661563397073,0.11368582746717645,0.14409633592492563,0.2306476931336061,40000,64000,72000,3.3333333333333335,2831.0774423773687,450.03579743767,162.84006282004196,162.84006282004196,0.1347875,1.0029833871729608,0,0,1.0029833871729608,1.0029833871729608,3171.7119587770662,3171.7119587770662,current_fourier,nan,nan,163.95567909641812,163.1478972127267,3998.2077190145687,12.5,0.7615625,166.29957830406968,163.34454432795224,4078.6538154880395,3.125,0.827578125
65,1.3e-05,80000,10,31.41592653589793,31.41592653589793,0.0001626983718483679,0.00010351700610316366,0.19205388545179086,0.019205388545179086,0.00800012842260683,0.08944343700130732,0.0157060980674388,0.022505687552368914,0.032906699696973234,0.04325145280865429,0.06401796181726362,0.11152929151584069,0.14218198486427855,0.23134090307139688,40000,64000,72000,3.333333333333333,3230.72015792992,453.1528799743083,169.39078414713168,169.39078414713168,0.1513125,1.023347380822497,0,0,1.023347380822497,1.023347380822497,3236.1085609668057,3236.1085609668057,current_fourier,nan,nan,170.7247508578032,169.971672052719,4953.705206312455,12.5,0.759375,173.06070587709743,170.2433254456768,5154.817945123497,3.125,0.828046875
70,1.4e-05,80000,10,31.41592653589793,31.41592653589793,0.0001524664768377118,0.0001445942520795789,0.1863028684091916,0.01863028684091916,0.0077602280705633235,0.08809215669152007,0.015057983023081829,0.0217303114939161,0.031819118763620945,0.04192024015415831,0.062100956136397205,0.10936411567672179,0.14017678808173262,0.2322513612605669,40000,64000,72000,3.3333333333333335,3691.138950324724,451.0833188440909,176.45318344050793,176.45318344050793,0.1688,1.0623158146102052,0,0,1.0623158146102052,1.0623158146102052,3359.337568585426,3359.337568585426,current_fourier,nan,nan,178.05156884733452,177.35492661696526,5824.066746320905,12.5,0.7596875,180.37909575454003,177.7577563919683,5959.559668902378,3.125,0.8291015625
75,1.4999999999999999e-05,80000,10,31.41592653589793,31.41592653589793,0.00014373923619219938,0.0001804916693851848,0.18056375956284895,0.018056375956284895,0.007534257339086405,0.08680009987947251,0.01461152195586663,0.02105337765435173,0.03071650021611899,0.04068718992265695,0.060187919854282984,0.10732948658875684,0.13813805468372609,0.23349189061348335,40000,64000,72000,3.3333333333333335,4211.034837592888,450.68975502976383,184.26674461135283,184.26674461135283,0.18725,1.067093890055016,0,0,1.067093890055016,1.067093890055016,3374.44716982315,3374.44716982315,current_fourier,nan,nan,186.35121667651092,185.69535159942595,6987.209589532627,12.5,0.75859375,188.56521667831376,186.0946272126502,6386.473797172862,3.125,0.829609375
80,1.6e-05,80000,10,31.41592653589793,31.41592653589793,0.0001204397363748834,0.0002230619090059099,0.17566410947225922,0.01756641094722592,0.007317178634442468,0.08554050873383012,0.014313552322785014,0.020441583229064628,0.029680331900864033,0.0394336101107228,0.05855470315741974,0.10532846883802473,0.1361307750968632,0.23447879310169334,40000,64000,72000,3.3333333333333335,4786.79877343882,447.2446777708069,192.71397011649844,192.71397011649844,0.2039,1.0781761338474056,0,0,1.0781761338474056,1.0781761338474056,3409.492301792363,3409.492301792363,current_fourier,nan,nan,195.26188252432195,194.6457542409943,8026.198876085726,12.5,0.75609375,197.53371903057382,195.1336362233241,8592.001347235246,3.125,0.8293359375
85,1.7e-05,80000,10,31.41592653589793,31.41592653589793,9.901452060528064e-05,0.00026788275422967757,0.1707601178181699,0.01707601178181699,0.007110405154866928,0.08432321836165249,0.013975897261388886,0.019942391559886658,0.028656027164184743,0.038113937500328786,0.05692003927272331,0.10340139431334953,0.13404242137038463,0.2355896551825594,40000,64000,72000,3.3333333333333335,5450.461499996326,452.54476477210636,202.200236200203,202.200236200203,0.222575,1.1068958985662352,0,0,1.1068958985662352,1.1068958985662352,3500.31217216801,3500.31217216801,current_fourier,nan,nan,205.31778520544714,204.71881795553625,9769.860248282377,12.5,0.7546875,207.80151585753111,205.4552333184012,9284.834231950006,3.125,0.8305859375
90,1.8e-05,80000,10,31.41592653589793,31.41592653589793,8.083697252648442e-05,0.00031429101262813635,0.16641673966988232,0.01664167396698823,0.0069175351056715165,0.08317172058862024,0.013573810624244613,0.01931124536791407,0.027754424300219977,0.036859177366897096,0.05547224655662744,0.10143875154955632,0.13201173712793807,0.2363294399732637,40000,64000,72000,3.3333333333333335,6169.187495153763,458.0504238520059,212.61814351777244,212.61814351777244,0.2396,1.147364895323201,0,0,1.147364895323201,1.147364895323201,3628.2863765419897,3628.2863765419897,current_fourier,nan,nan,216.63347979265106,216.06599198701267,11527.109303942023,12.5,0.75703125,219.57571677786544,217.36840898135932,10854.469816458486,3.125,0.831171875
95,1.8999999999999998e-05,80000,10,31.41592653589793,31.41592653589793,6.458201959230365e-05,0.00035553807903096913,0.1621109171256439,0.01621109171256439,0.006734379967083763,0.08206326807460061,0.012953868240118968,0.018702367190415774,0.026867581850856696,0.03576158073383534,0.05403697237521464,0.09948812792004257,0.1299258157433036,0.23779814719414583,40000,64000,72000,3.333333333333334,6957.721991841329,453.1538177466196,223.88646627884694,223.88646627884694,0.258,1.1541662691174746,0,0,1.1541662691174746,1.1541662691174746,3649.7942089500757,3649.7942089500757,current_fourier,nan,nan,229.23058983832814,228.7044764403128,13374.637402869634,12.5,0.75609375,232.19582525704587,230.20655451041998,12343.682919238954,3.125,0.831328125
100,1.9999999999999998e-05,80000,10,31.41592653589793,31.41592653589793,5.9662818548717156e-05,0.00039669174783039506,0.15832899243256676,0.015832899243256676,0.006561319397130836,0.08100197156323317,0.012361886053556303,0.0180401670712057,0.02598859266553192,0.03472112958259024,0.05277633081085559,0.09743015458636863,0.1279073218317219,0.23907456062012897,40000,64000,72000,3.3333333333333335,7833.8673742573765,456.2099580665617,236.30355178711216,236.30355178711216,0.2740875,1.1139541611261627,0,0,1.1139541611261627,1.1139541611261627,3522.632358180872,3522.632358180872,current_fourier,nan,nan,243.26076171886666,242.76799052886008,15230.836700888882,12.5,0.755625,246.88773812997766,245.0860121322283,14869.754569472698,3.125,0.83359375
105,2.1e-05,80000,10,31.41592653589793,31.41592653589793,5.3766503239363355e-05,0.00043085562389327434,0.15485591899217016,0.015485591899217017,0.006397946722422593,0.07998716598569168,0.011741004909348611,0.017435652003427223,0.025190264668573024,0.033659099323711535,0.05161863966405672,0.09538241563822751,0.12594876176002137,0.2406638144089391,40000,64000,72000,3.333333333333333,8664.93417301665,452.69336988404825,249.21637253812867,249.21637253812867,0.289725,1.135059022460883,0,0,1.135059022460883,1.135059022460883,3589.3717897006086,3589.3717897006086,current_fourier,nan,nan,258.31034361787476,257.8391041481532,17506.960874806395,12.5,0.75453125,262.50705335638827,260.8147566488795,16769.80418293085,3.125,0.8318359375
110,2.2e-05,80000,10,31.41592653589793,31.41592653589793,5.362719783573115e-05,0.00044866526253072074,0.1514890415538454,0.01514890415538454,0.006245851445434797,0.07903069938596517,0.011227414801565737,0.016818915364402907,0.0245362014794086,0.0326755851688526,0.05049634718461514,0.09336760211251115,0.12409015986947418,0.24177574677166322,40000,64000,72000,3.333333333333334,9404.463221558064,454.59013966846715,261.7045519981907,261.7045519981907,0.30515,1.1552123890378476,0,0,1.1552123890378476,1.1552123890378476,3653.1023306041284,3653.1023306041284,current_fourier,nan,nan,272.0617125517697,271.5665877044221,18675.336712418608,12.5,0.75421875,277.05973730761184,275.2774692190146,19864.95958784984,3.125,0.83296875
115,2.3e-05,80000,10,31.41592653589793,31.41592653589793,5.359529278392207e-05,0.00047473375763150384,0.14857911613626773,0.014857911613626772,0.00610168841347559,0.07811330497089206,0.010719785030797083,0.016171729268070464,0.023806425641758878,0.03177129452962994,0.04952637204542258,0.09134297524320938,0.12218721068058638,0.24282226625140163,40000,64000,72000,3.333333333333334,10265.258618544072,465.8456341929325,275.07885716013277,275.07885716013277,0.318875,1.1487842219945723,0,0,1.1487842219945723,1.1487842219945723,3632.774681567348,3632.774681567348,current_fourier,nan,nan,287.06229332583587,286.661980520137,19484.43364498186,12.5,0.75453125,293.1731347804651,291.41581991851524,22129.6876386942,3.125,0.8340234375
120,2.4e-05,80000,10,31.41592653589793,31.41592653589793,7.074561164359488e-05,0.00047275578868598154,0.145813704426077,0.0145813704426077,0.005966630940725998,0.07724397025481017,0.010140414999689956,0.015551541971548101,0.02313221229356735,0.03087346543327962,0.04860456814202567,0.0893643582534168,0.12031530502721775,0.24389284095222896,40000,64000,72000,3.3333333333333335,11106.977987739605,460.85947751464465,288.1216716319734,288.1216716319734,0.332675,1.2040078501950107,0,0,1.2040078501950107,1.2040078501950107,3807.4071273390387,3807.4071273390387,current_fourier,nan,nan,301.7059530690253,301.3370655683301,19778.22567844557,12.5,0.755,309.2176562673446,307.7473741229675,22081.111190565338,3.125,0.835390625
125,2.4999999999999998e-05,80000,10,31.41592653589793,31.41631923497963,8.748418856365185e-05,0.00046917045381311776,0.1429695883333695,0.01429695883333695,0.005840729071630843,0.0764246627184631,0.00954732303031291,0.01483458776219307,0.022470930191151994,0.029986147534035005,0.0476565294444565,0.08748306412463165,0.1187000880968469,0.2451199628346923,40000,64000,72000,3.3333333333333335,11798.705340507742,451.933956469762,298.94109516993353,298.94109516993353,0.34665816677291533,1.1999783388910792,1,0,1.1999783388910792,1.1999783388910792,3794.6646937612204,3794.6646937612204,current_fourier,nan,nan,312.4459632341153,312.071458789408,20129.798641148223,12.5,0.755625,320.61029410511884,319.11152015390985,20825.77109012632,3.125,0.838359375
130,2.6e-05,80000,10,31.41592653589793,31.41631923497963,0.00012760681666052037,0.0004596910676220582,0.14055295660984307,0.014055295660984308,0.005721776632719157,0.07564242614247085,0.009092103404117707,0.01417285630457353,0.021693128409785906,0.02896892835696056,0.04685098553661436,0.08567392686294764,0.11690734109643999,0.24619207527830173,40000,64000,72000,3.3333333333333335,12543.827493620469,456.31129087422505,309.5981093595405,309.5981093595405,0.35875801552480596,1.2665321789905053,0,0,1.2665321789905053,1.2665321789905053,4005.1264155060544,4005.1264155060544,current_fourier,nan,nan,323.2253731825138,322.85488666971924,20811.268118630654,12.5,0.7565625,332.4739050334437,330.9686168403004,23058.746947937358,3.125,0.838828125
135,2.7e-05,80000,10,31.41592653589793,31.41631923497963,0.00016392894284261763,0.0004240117043202019,0.13803534881878393,0.013803534881878392,0.005608582773169908,0.07489047184502116,0.008747257662325194,0.013554476993287861,0.020696022136076075,0.027919114177137,0.046011782939594646,0.08389028323376105,0.11525181608458643,0.24673128491564794,40000,64000,72000,3.3333333333333335,13322.714524453604,460.5962071046259,321.1803308089508,321.1803308089508,0.3720203497456282,1.2581839226129317,0,0,1.2581839226129317,1.2581839226129317,3978.726910861895,3978.726910861895,current_fourier,nan,nan,335.11964921420054,334.79753696690625,22475.18689585153,12.5,0.76203125,345.3861573840764,343.9563677218451,25392.050803968952,3.125,0.8403125
140,2.8e-05,80000,10,31.41592653589793,31.41631923497963,0.0002076644706386664,0.00037435166113564675,0.13559244277499255,0.013559244277499254,0.0055021727832930785,0.0741766323264482,0.008396917166370902,0.012810095413858547,0.019709959528742785,0.026910900077118646,0.04519748092499752,0.08226867145667255,0.11358571589431479,0.24686010208520984,40000,64000,72000,3.333333333333334,14424.973011266298,475.82179361005683,333.6774249512675,333.6774249512675,0.3856326795915051,1.2785287824873222,0,0,1.2785287824873222,1.2785287824873222,4043.063006741936,4043.063006741936,current_fourier,nan,nan,350.00108730376996,349.6430015489018,25142.32089597918,12.5,0.76578125,360.9100172934514,359.51549717957477,26196.50991102022,3.125,0.8417578125
145,2.9e-05,80000,10,31.41592653589793,31.41631923497963,0.0002763606309415913,0.00033914676169607353,0.1331043781234757,0.013310437812347569,0.0054009636246640045,0.0734912486263773,0.007966986949681693,0.012016274762938824,0.0187587288690863,0.02593938503601754,0.04436812604115857,0.08059118797204658,0.11175651514743021,0.2469887333129286,40000,64000,72000,3.333333333333334,15900.138754217616,469.26656850498244,349.13016078577937,349.13016078577937,0.39945750678116526,1.341454321816658,0,0,1.341454321816658,1.341454321816658,4242.051034017141,4242.051034017141,current_fourier,nan,nan,369.30868756391914,368.9789843417462,29820.213051446925,12.5,0.76546875,381.8296873667375,380.45834138209716,28692.216495543238,3.125,0.8447265625
150,2.9999999999999997e-05,80000,10,31.41592653589793,31.41631923497963,0.0003184794699738306,0.00030516795172058907,0.1303371391039436,0.01303371391039436,0.005305574283046945,0.0728393731648409,0.007560594022247663,0.01134859346439521,0.017757576537176804,0.024898575461143116,0.043445713034647865,0.07903595117367199,0.11013242630401004,0.24767235880295904,40000,64000,72000,3.3333333333333335,17402.767416532573,466.95724079067406,366.75709038327676,366.75709038327676,0.41426982162722964,1.421444950222167,0,0,1.421444950222167,1.421444950222167,4495.003611246713,4495.003611246713,current_fourier,nan,nan,391.51635277236863,391.2085641970687,34638.7640676136,12.5,0.76578125,406.58711215957175,405.50527864564333,36206.40477196941,3.125,0.848046875
155,3.1e-05,80000,10,31.41592653589793,31.41631923497963,0.0003604945494691445,0.0002741050951411535,0.12754985335057636,0.012754985335057636,0.005212723628822935,0.07219919410092425,0.0070214897911477815,0.010714579080933408,0.016860217015525602,0.023943817421040473,0.04251661778352545,0.07750714427034691,0.10837331068971978,0.24793935204084766,40000,64000,72000,3.333333333333333,19024.695975962695,463.1466138528122,385.6833256309143,385.6833256309143,0.43051961850476866,1.5214278238097243,0,0,1.5214278238097243,1.5214278238097243,4811.177218792084,4811.177218792084,current_fourier,nan,nan,415.2108625016226,414.96256306528807,39459.31388821259,12.5,0.77046875,432.93686265286664,431.93919452102733,41074.50882266529,3.125,0.850703125
160,3.2e-05,80000,10,31.41592653589793,31.41631923497963,0.0003854733218086485,0.0002705445364626043,0.12471494987247966,0.012471494987247967,0.005125097512722529,0.07158978637153857,0.006811128656761399,0.01036513844228806,0.016153525631807164,0.023085779918738454,0.04157164995749322,0.07573626196424277,0.1065663016880629,0.248035452243927,40000,64000,72000,3.333333333333333,20893.770918403436,473.65920555284873,406.82252351051744,406.82252351051744,0.44619442256971786,1.5655993551843148,0,0,1.5655993551843148,1.5655993551843148,4950.859865673378,4950.859865673378,current_fourier,nan,nan,442.0080972856103,441.7172919455659,44724.404939234315,12.5,0.7734375,465.2654611885641,464.2282827129705,46744.904690746785,3.125,0.85296875
165,3.2999999999999996e-05,80000,10,31.41592653589793,31.41631923497963,0.0004362498932329356,0.00031048160645267186,0.12212480589143165,0.012212480589143166,0.005042503529208628,0.07101058744446935,0.006734684092073662,0.010009594533687391,0.015385423314269599,0.0223679329808025,0.04070826863047722,0.07395870950890955,0.10482285563072805,0.24805974650209564,40000,64000,72000,3.333333333333333,23330.34201904203,484.9744667990516,432.5362357810499,432.5362357810499,0.46135673304083696,1.6116829494976728,0,0,1.6116829494976728,1.6116829494976728,5096.588986470773,5096.588986470773,current_fourier,nan,nan,474.55029905642624,474.3213363638379,51521.69501743313,12.5,0.7775,508.05181217530776,507.1447407628137,55844.16693154654,3.125,0.8550390625
170,3.4e-05,80000,10,31.41592653589793,31.41631923497963,0.0005029588211827139,0.00035901807133846905,0.11985814088841014,0.011985814088841014,0.004962494152455872,0.07044497251369945,0.006658589056324806,0.009630411660309802,0.014542741749197521,0.021556092439650714,0.039952713629470046,0.07217434918389515,0.10329690246783574,0.24781463818490607,40000,64000,72000,3.3333333333333335,26246.19994039393,486.04496092408186,461.72751070487504,461.72751070487504,0.4748940638242022,1.5815496577955368,0,0,1.5815496577955368,1.5815496577955368,5001.2991512937715,5001.2991512937715,current_fourier,nan,nan,512.0580637382312,511.8325886031587,60880.09692164796,12.5,0.7784375,558.4814786554464,557.6349656305333,70959.8082420776,3.125,0.8580078125
175,3.5e-05,80000,10,31.41592653589793,31.41631923497963,0.0005495147993407098,0.00036752305890356814,0.1176073773096134,0.01176073773096134,0.004888618462343904,0.06991865603931402,0.0065265567555083375,0.009297635038815,0.013765088877112731,0.020819172107770068,0.03920245910320447,0.07045363069635936,0.1016082268819498,0.24710891516887087,40000,64000,72000,3.3333333333333335,29102.563416327223,503.7740703153833,489.4371625481739,489.4371625481739,0.48775640304496193,1.687557256806288,0,0,1.687557256806288,1.687557256806288,5336.524613453557,5336.524613453557,current_fourier,nan,nan,545.3955662230346,545.195735264557,69583.41792919033,12.5,0.78296875,607.1090332451871,606.3688390521476,91292.6177095129,3.125,0.862265625
180,3.6e-05,80000,10,31.41592653589793,31.41631923497963,0.0006279523830899446,0.00037858622687188026,0.11568744770417533,0.011568744770417532,0.004817999537669519,0.06941181122596873,0.006423967963497505,0.008908644501448059,0.013066048753096212,0.020232434103550374,0.03856248256805844,0.06865306583798071,0.10009669622355385,0.24582232720845118,40000,64000,72000,3.3333333333333335,31631.04606698277,499.0705462421898,518.0774292638594,518.0774292638594,0.4996562542968213,1.6231729025752504,0,0,1.6231729025752504,1.6231729025752504,5132.92340840438,5132.92340840438,current_fourier,nan,nan,575.1887508049465,574.9970305015897,75531.81599288431,12.5,0.78828125,659.6189232789989,658.9805259197245,111496.00238287836,3.125,0.865
185,3.7e-05,80000,10,31.41592653589793,31.41631923497963,0.0006949747813593682,0.00039112766245214756,0.11367278606210317,0.011367278606210316,0.004753020321053918,0.06894215199030211,0.0061030195240520365,0.00843898233054674,0.012600515655895381,0.02004343361037815,0.03789092868736772,0.06689372628736867,0.09854810308860096,0.24474358538099214,40000,64000,72000,3.3333333333333335,33945.55772458455,506.75158335080823,543.5291891402562,543.5291891402562,0.5115186060174248,1.6980929903604478,0,0,1.6980929903604478,1.6980929903604478,5369.841528305364,5369.841528305364,current_fourier,nan,nan,589.9887873760177,589.8184298261831,73431.56765239302,12.5,0.79234375,701.1819245904544,700.5122205386295,115738.37368835519,3.125,0.86921875
190,3.7999999999999995e-05,80000,10,31.41592653589793,31.41631923497963,0.0007921259975539258,0.0003705905470572476,0.11182978894167593,0.011182978894167594,0.004691535745996852,0.06849478626871429,0.005957794773796744,0.007992898117160824,0.012180228114037635,0.019801195334164603,0.03727659631389198,0.06525290240548559,0.09702992165341319,0.24395540282706474,40000,64000,72000,3.333333333333333,36547.61582230921,507.4619671111776,571.6942673503299,571.6942673503299,0.5228434644566943,1.646709817773128,0,0,1.646709817773128,1.646709817773128,5207.353669523906,5207.353669523906,current_fourier,nan,nan,597.9763086712734,597.8190382968058,65889.76516797423,12.5,0.79625,745.0053404587842,744.4429471975609,128543.82903344314,3.125,0.8721875
195,3.9e-05,80000,10,31.41592653589793,31.41631923497963,0.0008529142388000793,0.000299752376362315,0.10993347508587976,0.010993347508587976,0.004628804808662615,0.06803532030249153,0.005628456446529388,0.007444505127249345,0.011546849834665926,0.019374052413889193,0.036644491695293255,0.0638037584954481,0.09537582885963755,0.2429385015992514,40000,64000,72000,3.3333333333333335,39100.58170035791,517.4468229959488,598.9669504447796,598.9669504447796,0.5347683153960575,1.7205141474666716,0,0,1.7205141474666716,1.7205141474666716,5440.7434525375,5440.7434525375,current_fourier,nan,nan,610.0267435019036,609.8503947585381,58312.77923808034,12.5,0.80171875,781.5315802618152,780.9555463293369,133524.51790247808,3.125,0.876796875
200,3.9999999999999996e-05,80000,10,31.41592653589793,31.41631923497963,0.0009865435334751734,0.0001545282408182974,0.10800561897643599,0.010800561897643599,0.004565838862208125,0.06757099127738267,0.005305688591324462,0.00681580466324177,0.010778583994841584,0.01867825096709154,0.03600187299214533,0.06253074438523648,0.09383200210142757,0.242034122043982,40000,64000,72000,3.3333333333333335,40264.3346888988,500.00475080089564,621.9917812736678,621.9917812736678,0.5462556718041024,1.761359212269379,0,0,1.761359212269379,1.761359212269379,5569.906888491232,5569.906888491232,current_fourier,nan,nan,624.7115155355499,624.4989265583558,59175.37041167339,12.5,0.805625,816.2509348825325,815.6962322804872,141245.8108291545,3.125,0.8806640625
205,4.1e-05,80000,10,31.41592653589793,31.41631923497963,0.0011695605593334622,-2.786751872368737e-05,0.1056522981112452,0.01056522981112452,0.004506925191340122,0.06713363681002335,0.004881293847688854,0.006257768596881777,0.009888914840961814,0.018181782431607948,0.0352174327037484,0.06168591082165245,0.09238874368666371,0.2406153878799402,40000,64000,72000,3.333333333333333,43124.16366952207,519.6876058075178,653.0626494098823,653.0626494098823,0.560792990087624,1.697872310658155,0,0,1.697872310658155,1.697872310658155,5369.143677812751,5369.143677812751,current_fourier,nan,nan,664.0234216588631,663.8336729264239,69839.5406084484,12.5,0.81203125,879.2087450493423,878.6037505800447,147788.65628505938,3.125,0.88453125
210,4.2e-05,80000,10,31.41592653589793,31.41631923497963,0.0013187397274890555,-0.00024955291173766583,0.10300620227566175,0.010300620227566174,0.0044513154955884695,0.06671817964834224,0.004599148444950953,0.005829643438369483,0.00876599429060618,0.017886239073061052,0.034335400758553916,0.06093231166202733,0.09109287192690284,0.23964585749278214,40000,64000,72000,3.3333333333333335,48940.23724498521,506.5718465131721,699.1383946626496,699.1383946626496,0.5767302908713641,1.8225109463854057,0,0,1.8225109463854057,1.8225109463854057,5763.2856511669,5763.2856511669,current_fourier,nan,nan,731.642556553752,731.4953088945155,80067.89316550922,12.5,0.81359375,977.6027267347831,977.1298287813909,208253.86593216372,3.125,0.886953125
215,4.2999999999999995e-05,80000,10,31.41592653589793,31.41631923497963,0.0014587860304209532,-0.0004040053789577529,0.10117110485546514,0.010117110485546515,0.004401842375043263,0.0663463817780839,0.00454327069770734,0.0057318841076883014,0.008216042979990472,0.017641162664994773,0.03372370161848838,0.06040796250024154,0.08997163746785589,0.2391303976790381,40000,64000,72000,3.333333333333333,53861.11570009371,487.26714657852506,743.2658788127643,743.2658788127643,0.5879801502481219,1.791338278321365,0,0,1.791338278321365,1.791338278321365,5664.70901934014,5664.70901934014,current_fourier,nan,nan,783.0072787100479,782.8482532194735,95288.05068659622,12.5,0.81875,1056.0698893999615,1055.5615451213746,259238.2725704907,3.125,0.8909375
220,4.4e-05,80000,10,31.41592653589793,31.41631923497963,0.0016136376730468557,-0.00043763788292906645,0.09970242023793566,0.009970242023793565,0.004352087981919094,0.0659703568424417,0.004817751366311122,0.005961197376365957,0.008209257140572107,0.017569631924790434,0.033234140079311886,0.059791216713372244,0.0890450560985064,0.23803083875718145,40000,64000,72000,3.3333333333333335,58234.97839691563,502.64994794720036,783.0467096831858,783.0467096831858,0.5968300396245046,1.8612459760710407,0,0,1.8612459760710407,1.8612459760710407,5885.776570207742,5885.776570207742,current_fourier,nan,nan,821.5044890627374,821.3558048423589,110403.32038572617,12.5,0.821875,1122.0427204073874,1121.6492323912757,299924.1273012101,3.125,0.893203125
225,4.4999999999999996e-05,80000,10,31.41592653589793,31.41631923497963,0.001682570973115575,-0.0005234015690446783,0.09872623689096363,0.009872623689096364,0.0043065769062557374,0.06562451452205752,0.004959094666731166,0.006029118648276746,0.008009566845950555,0.017517139845938518,0.03290874563032121,0.05930881919617356,0.08824091071089188,0.23690021273345793,40000,64000,72000,3.333333333333333,61335.748859440355,489.5294845434036,819.9195721904345,819.9195721904345,0.6029799627504656,2.0176517284885023,0,0,2.0176517284885023,2.0176517284885023,6380.374986999307,6380.374986999307,current_fourier,nan,nan,844.9801182949877,844.8556190030539,113647.67056109881,12.5,0.8265625,1181.2198770158755,1180.9007744147727,318563.7944880665,3.125,0.8965234375
230,4.6e-05,80000,10,31.41592653589793,31.41631923497963,0.0016170643283829598,-0.0007113030841474852,0.09817808269792255,0.009817808269792255,0.004264124240337891,0.06530026217663977,0.0045640954179301365,0.0056061390576160235,0.0075237862549223395,0.017222955725351815,0.03272602756597418,0.0591587540856769,0.08780810903711003,0.23564686012973995,40000,64000,72000,3.333333333333333,63405.57051713416,492.255904553546,847.3775303936654,847.3775303936654,0.6065674179072762,2.0656219944231458,0,0,2.0656219944231458,2.0656219944231458,6532.070287316767,6532.070287316767,current_fourier,nan,nan,845.028922790544,844.9167311649658,97414.80986432641,12.5,0.83296875,1194.7257301555946,1194.3369995774433,279335.89055611833,3.125,0.9015625
235,4.7e-05,80000,10,31.41592653589793,31.41631923497963,0.001653958594981264,-0.0008998358486842149,0.09678666025932854,0.009678666025932854,0.004223192774450634,0.06498609677808503,0.004464279502445466,0.00548918934274018,0.007324763642937172,0.017170114866443063,0.03226222008644285,0.05887937943286309,0.08773249320222988,0.23449216824511995,40000,64000,72000,3.3333333333333335,68176.5933254089,503.5262588222952,879.690223335619,879.690223335619,0.6147673154085574,2.1308468871840063,0,0,2.1308468871840063,2.1308468871840063,6738.329508581315,6738.329508581315,current_fourier,nan,nan,868.4238513750931,868.2763472469578,88027.12687276545,12.5,0.83578125,1229.5603586809757,1229.2069512848434,263043.64676606795,3.125,0.905234375
240,4.8e-05,80000,10,31.41592653589793,31.41631923497963,0.0015888014712539934,-0.0011601310812123069,0.09490788799423483,0.009490788799423482,0.004173528744667214,0.06460285399784761,0.004013476814034682,0.0051057161994866864,0.00702941644760836,0.016974930372123182,0.03163596266474494,0.05835173966669183,0.08711767742051321,0.2327445879249893,40000,64000,72000,3.3333333333333335,72278.17985956067,509.10571907654554,907.1038770293956,907.1038770293956,0.626842164472944,2.0772525577093797,0,0,2.0772525577093797,2.0772525577093797,6568.849357771998,6568.849357771998,current_fourier,nan,nan,903.977112244454,903.7860252676858,105177.95756485751,12.5,0.84109375,1251.167902066979,1250.6533126850402,284256.5788079124,3.125,0.9092578125
245,4.9e-05,80000,10,31.41592653589793,31.41631923497963,0.0015121731285663257,-0.0013825524021436858,0.09313476305365603,0.009313476305365604,0.004119834268417233,0.06418593512925735,0.0035816093769994437,0.004654808573416717,0.0065154641066488715,0.01659672187450839,0.031044921017885342,0.05767853270327398,0.08670852140518263,0.23080576658142843,40000,64000,72000,3.333333333333333,75523.19819548141,509.4059621076623,931.2873113629544,931.2873113629544,0.6375420307246159,2.0061851724228585,0,0,2.0061851724228585,2.0061851724228585,6344.114552913855,6344.114552913855,current_fourier,nan,nan,942.7504360858554,942.6296722008947,115345.13117251199,12.5,0.8471875,1291.2455722949985,1290.8177657861254,273123.2264379846,3.125,0.912109375
250,4.9999999999999996e-05,80000,10,31.41592653589793,31.41631923497963,0.0014234782667691176,-0.0014414519904242847,0.09059860071869472,0.009059860071869472,0.004060783063021659,0.06372427373475244,0.0030378051832563573,0.003982356700125656,0.005675724104600625,0.01621825471614273,0.030199533572898236,0.0574876492039231,0.0865517457388174,0.22842494768314775,40000,64000,72000,3.333333333333333,79383.03093932394,531.9098593790969,966.3081932717071,966.3081932717071,0.652966837914526,2.1825633381887997,0,0,2.1825633381887997,2.1825633381887997,6901.871286256965,6901.871286256965,current_fourier,nan,nan,975.2272238485234,975.1001334372673,131640.121977742,12.5,0.8515625,1372.1607385650755,1371.8253113017804,362145.35597979533,3.125,0.91546875
255,5.1e-05,80000,10,31.41592653589793,31.41631923497963,0.0012244290107244885,-0.0015369326864410073,0.08768436246701738,0.008768436246701738,0.0040064192243211266,0.06329628128350928,0.0027776541967854994,0.003564113903031163,0.005002655666334255,0.016246908664917282,0.029228120822339127,0.0574229210042547,0.0856438207319561,0.22576051944159917,40000,64000,72000,3.3333333333333335,87466.44809631165,521.8910491940309,1017.4704179382967,1017.4704179382967,0.6700791240109498,2.412872900703696,0,0,2.412872900703696,2.412872900703696,7630.174070720976,7630.174070720976,current_fourier,nan,nan,1005.8706964964744,1005.7592240375385,136470.84591070737,12.5,0.8571875,1488.5761465381306,1488.2531543742186,413300.2327810864,3.125,0.9182421875
260,5.2e-05,80000,10,31.41592653589793,31.41631923497963,0.0010667491634235983,-0.0015594078598315424,0.0869529167707911,0.00869529167707911,0.003956486431569462,0.0629006075612109,0.0025674140948249127,0.00324640467250714,0.004470632974942962,0.015791343776984566,0.0289843055902637,0.05774183617386156,0.08448429480737012,0.22285802584598877,40000,64000,72000,3.333333333333333,91468.54132879719,535.3233972779616,1058.9108232178999,1058.9108232178999,0.6746665666679167,2.279608040501319,0,0,2.279608040501319,2.279608040501319,7208.753580417535,7208.753580417535,current_fourier,nan,nan,1050.2727640335404,1050.126421712623,137865.24921079213,12.5,0.859375,1588.0677356653184,1587.6886728195716,425406.54377224075,3.125,0.9216796875
265,5.3e-05,80000,10,31.41592653589793,31.41631923497963,0.0011390771183711727,-0.0017028845833341134,0.08557827792280276,0.008557827792280277,0.003912255954031026,0.06254802917783282,0.0023779552905508865,0.0029694654831111406,0.004005885166934317,0.015150880867440314,0.028526092640934253,0.05866343055438175,0.08303381305914775,0.22015858900733665,40000,64000,72000,3.333333333333333,96874.55073673857,563.3442362862827,1101.5300242523383,1101.5300242523383,0.6833164585442681,2.654379114358395,0,0,2.654379114358395,2.654379114358395,8393.88377495308,8393.88377495308,current_fourier,nan,nan,1112.681307665836,1112.566225680153,150794.24312771246,12.5,0.86359375,1691.6569198233476,1691.3588355801803,461309.61545267707,3.125,0.9257421875
270,5.4e-05,80000,10,31.41592653589793,31.41631923497963,0.0013099506886840695,-0.0018386188503731007,0.08453232978834375,0.008453232978834376,0.0038590450869373082,0.062121212857906345,0.002200295940201325,0.002780320843981752,0.0037873446175434125,0.014147783861893158,0.02817744326278125,0.05922232464181778,0.08140447080870135,0.21742138064629485,40000,64000,72000,3.333333333333333,100478.67707997291,546.43748927093,1121.2206666562,1121.2206666562,0.6891913851076862,2.5463000188405562,0,0,2.5463000188405562,2.5463000188405562,8052.107665665815,8052.107665665815,current_fourier,nan,nan,1174.6484633929633,1174.521056785611,172347.9006179125,12.5,0.8684375,1775.0684405550007,1774.7496836054472,515476.77812228305,3.125,0.929609375
275,5.4999999999999995e-05,80000,10,31.41592653589793,31.416711934061325,0.0015011425290929995,-0.0021995913030244526,0.08208608648600739,0.008208608648600738,0.003803957559333906,0.061676231721254714,0.002344058142472592,0.0029083343123741086,0.0038773759961509497,0.013909511921694678,0.02736202882866913,0.05950389805882117,0.08028843177923078,0.21480734703270585,40000,64000,72000,3.3333333333333335,108932.8267974663,561.397785354941,1168.1727664524797,1168.1727664524797,0.7040448988775281,2.5371176407082348,1,0,2.5371176407082348,2.5371176407082348,8023.070436430756,8023.070436430756,current_fourier,nan,nan,1224.453731181235,1224.3250400012957,185629.42122872622,12.5,0.87265625,1900.955956434642,1900.7121250984533,567337.5927004265,3.125,0.9342578125
280,5.6e-05,80000,10,31.41592653589793,31.416711934061325,0.0017594060770471903,-0.0026658798150286907,0.07965376408675554,0.007965376408675553,0.0037301287935879368,0.06107478034007111,0.0028274161225915052,0.003393709950614914,0.004346335176868301,0.013943456787024067,0.026551254695585176,0.05912721814099345,0.08058371365201487,0.21186355549351008,40000,64000,72000,3.333333333333333,113177.6567078561,534.3369136226974,1205.2987901016236,1205.2987901016236,0.7181945451363716,2.7455425759073586,0,0,2.7455425759073586,2.7455425759073586,8682.167952832988,8682.167952832988,current_fourier,nan,nan,1184.4980988365764,1184.36870541893,159214.32144467876,12.5,0.88,1966.9486690741019,1966.7058352726015,503494.95522215083,3.125,0.9376953125
285,5.6999999999999996e-05,80000,10,31.41592653589793,31.416711934061325,0.0018950906639203684,-0.002856546158695855,0.07718236890416624,0.007718236890416624,0.0036589380437041167,0.060489156414221194,0.0028803925090684045,0.003419486826676196,0.004322701667538639,0.012849709577864145,0.02572745630138875,0.059442961717583176,0.08061444818262456,0.20851046238815224,40000,64000,72000,3.333333333333334,120150.48890137339,537.5612661372344,1246.763234818918,1246.763234818918,0.7325441863953401,2.6286597545148656,0,0,2.6286597545148656,2.6286597545148656,8312.552017886057,8312.552017886057,current_fourier,nan,nan,1176.5558570649766,1176.4234155081426,154921.18210510863,12.5,0.88296875,1983.40671809887,1983.1425215426254,498971.7073561178,3.125,0.93921875
290,5.8e-05,80000,10,31.41592653589793,31.416711934061325,0.0017705244984032975,-0.002804603854631024,0.07278426580247532,0.0072784265802475325,0.003589292198653096,0.059910701870810164,0.0025703544400129943,0.003124885132240866,0.004072391832942886,0.01224179114042067,0.02426142193415844,0.059483536831309955,0.07965852984419274,0.20482462650483782,40000,64000,72000,3.333333333333333,137438.26446784037,590.4194204281877,1319.091989038512,1319.091989038512,0.7570060748481288,3.761784198086941,0,0,3.761784198086941,3.761784198086941,11895.806131984755,11895.806131984755,current_fourier,nan,nan,1221.5386586546595,1221.4256139234453,172987.9598992787,12.5,0.88703125,1982.6810514658932,1982.4537601836987,530642.3515008534,3.125,0.94109375
295,5.9e-05,80000,10,31.41592653589793,31.416711934061325,0.0015147743345307924,-0.002592051216218978,0.06989448922692647,0.006989448922692647,0.0035460440118747017,0.059548669270393456,0.002439897545036952,0.002943322680283248,0.0038063191964539224,0.011826094976028897,0.023298163075642156,0.06018678940285801,0.08176477079527456,0.20000490728517156,40000,64000,72000,3.3333333333333335,153087.38391177263,570.6381989695474,1394.6127804152197,1394.6127804152197,0.7727931801704957,3.716837414738139,0,0,3.716837414738139,3.716837414738139,11753.671923104412,11753.671923104412,current_fourier,nan,nan,1302.6922692791777,1302.5931207971903,204023.95188521757,12.5,0.884375,2059.454357110677,2059.245882833358,664278.999903078,3.125,0.9416796875
300,5.9999999999999995e-05,80000,10,31.41592653589793,31.416711934061325,0.0013217669478453346,-0.0028152386261460233,0.06681478513808159,0.006681478513808159,0.0034793239540190004,0.05898579451036495,0.002305509438490952,0.002775989186699808,0.003561916861743746,0.012912170958372904,0.022271595046027194,0.06056286433022216,0.08316857544654273,0.1964966603234924,40000,64000,72000,3.333333333333333,169267.0118315456,561.202957298483,1467.3001307750214,1467.3001307750214,0.7900302492437689,4.1931926454280966,0,0,4.1931926454280966,4.1931926454280966,13260.039427419619,13260.039427419619,current_fourier,nan,nan,1296.2643853023035,1296.1444108182386,204821.46696773818,12.5,0.8878125,1958.2513099304806,1958.0083632348872,523781.04291207046,3.125,0.9431640625
305,6.1e-05,80000,10,31.41592653589793,31.416711934061325,0.0016162521742034647,-0.002944779301251215,0.06493874424170576,0.006493874424170576,0.0033955504054376394,0.05827135149829322,0.002130501684045488,0.002617594883957311,0.003474059032820729,0.013703852147559273,0.021646248080568586,0.06083451960922613,0.08097496128470216,0.19400167189562437,40000,64000,72000,3.3333333333333335,181735.59720627638,573.6436129736302,1522.2316725100372,1522.2316725100372,0.7999175020624485,4.262364529885434,0,0,4.262364529885434,4.262364529885434,13478.780132350805,13478.780132350805,current_fourier,nan,nan,1338.5494446002442,1338.4297217367623,209747.12019385205,12.5,0.88953125,2076.030933700298,2075.7018392223245,610349.1532977296,3.125,0.9452734375
310,6.2e-05,80000,10,31.41592653589793,31.416711934061325,0.001519931671892081,-0.003305617788914006,0.06456353620438468,0.006456353620438468,0.003333024387868818,0.05773235131075832,0.0014013907539375623,0.0018581747222848862,0.0026675553942527635,0.01312060736480757,0.021521178734794894,0.060933895790053254,0.07969003992436363,0.19225557394702822,40000,64000,72000,3.3333333333333335,187938.6935826347,597.1558210819568,1523.778367201691,1523.778367201691,0.8018674533136672,3.5021506122824935,0,0,3.5021506122824935,3.5021506122824935,11074.772643765942,11074.772643765942,current_fourier,nan,nan,1275.0098339719602,1274.896466116844,214938.2950538197,12.5,0.8925,1813.3323887576958,1813.0760075537546,357622.0693971444,3.125,0.9508984375
315,6.3e-05,80000,10,31.41592653589793,31.416711934061325,0.0011191923765121825,-0.003896061519466649,0.06228699559803036,0.006228699559803036,0.003265737128858895,0.057146628324503054,0.0007513215311001721,0.0010896890447453444,0.001739525331344756,0.012741339956189097,0.02076233186601012,0.06140538324723278,0.07957087853792105,0.19056968424457515,40000,64000,72000,3.333333333333333,199501.14884500537,585.2183797360582,1598.332726466699,1598.332726466699,0.8146421339466513,4.09441490440955,0,0,4.09441490440955,4.09441490440955,12947.676783674773,12947.676783674773,current_fourier,nan,nan,1379.0242293058986,1378.903860176689,224000.13901827973,12.5,0.8996875,2346.321112286086,2346.0928423000973,806494.4638276671,3.125,0.9553515625
320,6.4e-05,80000,10,31.41592653589793,31.416711934061325,0.0008342793698775927,-0.003791081176683143,0.06288004835766778,0.006288004835766778,0.0031944609741615696,0.05651956275628439,0.0005388583732431136,0.0008037980075729219,0.001347686064338978,0.012642770108499969,0.02096001611922259,0.06190964144183955,0.07790306564864875,0.18887887807410486,40000,64000,72000,3.333333333333333,203765.44508293693,587.3752535078846,1627.282912165601,1627.282912165601,0.8108297292567685,3.734577183729504,0,0,3.734577183729504,3.734577183729504,11809.769998282352,11809.769998282352,current_fourier,nan,nan,1416.3169008998952,1416.1943845033572,238035.71968708007,12.5,0.90046875,2403.497813779616,2403.1720147464516,760684.3442316798,3.125,0.9562890625
325,6.5e-05,80000,10,31.41592653589793,31.417104633143026,0.00042772167850431555,-0.003568918990415071,0.06918250892478464,0.006918250892478464,0.003272488728002152,0.057205670418256194,0.0007282610096714034,0.001089083334225841,0.0018478086913243142,0.01114954398455112,0.02306083630826155,0.061873971441310335,0.08080225467502204,0.18933875223130675,40000,64000,72000,3.3333333333333335,159802.93509263248,546.807492709134,1409.605303696698,1409.605303696698,0.7780208242190918,4.0292375462777255,0,0,4.0292375462777255,4.0292375462777255,12741.56788010571,12741.56788010571,current_fourier,nan,nan,1372.6664278905616,1372.555943338968,227403.9179199176,12.5,0.900625,2144.441349477703,2144.1603098314713,586512.4946191449,3.125,0.953515625
330,6.599999999999999e-05,80000,10,31.41592653589793,31.417104633143026,-8.524111559875048e-05,-0.003609693221975333,0.07366617226099459,0.007366617226099459,0.0033256430128713386,0.057668388332528756,0.0009130465187576843,0.001374598164306151,0.0023606671341109713,0.00826355003823864,0.024555390753664863,0.06210411837432179,0.08617128754514185,0.1912155359689562,40000,64000,72000,3.333333333333333,136451.56468681537,540.678407043545,1289.951472490395,1289.951472490395,0.7530092621526693,3.231908098449732,0,0,3.231908098449732,3.231908098449732,10220.190779444856,10220.190779444856,current_fourier,nan,nan,1226.0830309804167,1225.9198724824312,150773.64938548,12.5,0.8959375,1847.1110368093741,1846.7206906890399,406921.2125072279,3.125,0.949609375
335,6.7e-05,80000,10,31.41592653589793,31.417104633143026,-0.000503809447165736,-0.0034518275064207692,0.0761496112690787,0.00761496112690787,0.0033630384947629056,0.057991710569381426,0.0009733962482622219,0.0014767486662817947,0.002480268738927116,0.0059338749081844,0.025383203756359565,0.061860805348375625,0.09108741734237955,0.1926144153874891,40000,64000,72000,3.3333333333333335,129068.0568306158,555.8821049400685,1263.9830463320873,1263.9830463320873,0.7389222904141095,2.813354620202504,0,0,2.813354620202504,2.813354620202504,8896.608465597874,8896.608465597874,current_fourier,nan,nan,1273.6931980155268,1273.5632761840382,189600.38718938862,12.5,0.89453125,1843.6134040039803,1843.3202284212296,438252.5721301996,3.125,0.9485546875
340,6.8e-05,80000,10,31.41592653589793,31.416711934061325,-0.0005278585298613658,-0.0033682439955286542,0.07848273438891085,0.007848273438891084,0.003395346367121893,0.05826960071187971,0.0012522062948970272,0.0018702587899171632,0.0030684967340434,0.005610982911735339,0.026160911462970282,0.06116327832936237,0.09454480142822133,0.19433445115649123,40000,64000,72000,3.3333333333333335,126446.65732504116,534.6202660496841,1255.0533152072276,1255.0533152072276,0.7255943601409964,2.728461660867875,0,0,2.728461660867875,2.728461660867875,8628.153356788394,8628.153356788394,current_fourier,nan,nan,1208.11620069171,1207.9272227985784,144656.07573306985,12.5,0.8946875,1806.945208344334,1806.5223852518448,440149.19897178514,3.125,0.9486328125
345,6.9e-05,80000,10,31.41592653589793,31.416711934061325,-0.0007450171326276992,-0.0033674735655883055,0.08205339405631848,0.008205339405631848,0.0034539346018157007,0.05877018463315987,0.0014944651670801717,0.002196602989160596,0.0034019573806582945,0.005400703427351716,0.027351131352106157,0.06088117649736986,0.09770604092922915,0.19667650671016515,40000,64000,72000,3.333333333333333,123746.11719853994,512.5842971732676,1245.3277869258131,1245.3277869258131,0.7047448813779655,2.7043208527240226,0,0,2.7043208527240226,2.7043208527240226,8551.813418496678,8551.813418496678,current_fourier,nan,nan,1169.0085120959714,1168.8332476775781,143195.9062035103,12.5,0.8965625,1795.502099991584,1795.129618245972,420072.08141886763,3.125,0.94765625
350,7e-05,80000,10,31.41592653589793,31.416711934061325,-0.0010304690297404458,-0.0034891609860779236,0.08394149721749451,0.008394149721749452,0.003510488574148018,0.05924937614986354,0.0017154300892006523,0.0024453620756588134,0.003651881910479595,0.005459820077813918,0.02798049907249817,0.06040865324406383,0.09921677076518523,0.19772384077599953,40000,64000,72000,3.333333333333333,124146.37905694032,524.3002728354497,1257.3777787495283,1257.3777787495283,0.6935076623084423,2.562794609489926,0,0,2.562794609489926,2.562794609489926,8104.268141189938,8104.268141189938,current_fourier,nan,nan,1165.934614952138,1165.8006234537027,164085.30480485255,12.5,0.8975,1818.3121883115873,1818.0249170987413,492416.1904676912,3.125,0.9482421875
355,7.099999999999999e-05,80000,10,31.41592653589793,31.416711934061325,-0.001177926807965793,-0.0035353377800797577,0.08396108865117205,0.008396108865117205,0.0035540563775988583,0.059615907085264236,0.002191453153562975,0.0029954463114482775,0.004228948554939779,0.005831842097545772,0.02798702955039068,0.06038820753917506,0.10088357788005635,0.19840992923344347,40000,64000,72000,3.333333333333333,127500.54263588108,516.5135550240013,1306.0245050606327,1306.0245050606327,0.6930826729331767,2.5505849754365113,0,0,2.5505849754365113,2.5505849754365113,8065.657888183995,8065.657888183995,current_fourier,nan,nan,1183.2296373732352,1183.0890586835544,143639.28997781733,12.5,0.89890625,1870.177263018776,1869.8865784917964,445313.19432242017,3.125,0.9503515625
360,7.2e-05,80000,10,31.41592653589793,31.416711934061325,-0.0014288587343651224,-0.0033690463424920027,0.08389724982451413,0.008389724982451413,0.0035713628855926502,0.0597608808970605,0.0024850563844725816,0.0033196658562498534,0.00457165762517694,0.006062758194835577,0.027965749941504713,0.060580200860464194,0.10297202893110205,0.19873704145695953,40000,64000,72000,3.3333333333333335,130702.55836375819,515.7620151374244,1319.3875817292653,1319.3875817292653,0.6938451538711532,2.339138095626426,0,0,2.339138095626426,2.339138095626426,7397.004143848254,7397.004143848254,current_fourier,nan,nan,1304.0230383208404,1303.8949593108262,212330.6772963905,12.5,0.90359375,1991.2387539631038,1990.9821154519127,619583.5945813842,3.125,0.9531640625
365,7.3e-05,80000,10,31.41592653589793,31.416711934061325,-0.0014488766699973427,-0.0032039503945024777,0.08419117530281493,0.008419117530281493,0.0035777411837142987,0.05981422225285805,0.003063014450998854,0.003848236383741888,0.004950224047927909,0.006125261634979006,0.02806372510093831,0.06057502021194164,0.10589222326264089,0.19896801935937836,40000,64000,72000,3.3333333333333335,135762.13004491988,544.0634041389778,1344.5512179141476,1344.5512179141476,0.6922076948076298,1.9187179833765955,0,0,1.9187179833765955,1.9187179833765955,6067.519014995132,6067.519014995132,current_fourier,nan,nan,1448.1789235556341,1448.0669405824685,265525.032837747,12.5,0.9090625,2173.161732867623,2172.930366602261,752762.5344283514,3.125,0.956171875
370,7.4e-05,80000,10,31.41592653589793,31.416711934061325,-0.0014124203088721448,-0.0027485861752639786,0.08324579426902402,0.008324579426902403,0.003583444607803837,0.05986187942091225,0.003988841519105531,0.004582681023388494,0.005412815280697233,0.0062993550160686355,0.027748598089674673,0.06063416359066781,0.1083529741317191,0.19874352300858475,40000,64000,72000,3.333333333333333,145476.66536626412,547.5941786914292,1395.297477405214,1395.297477405214,0.6970825729356767,1.9719834209266895,0,0,1.9719834209266895,1.9719834209266895,6235.959118218889,6235.959118218889,current_fourier,nan,nan,1586.4538547375719,1586.35820623725,301869.5754059468,12.5,0.9096875,2304.4743075488627,2304.2673810004667,770254.6332498072,3.125,0.9573046875
375,7.5e-05,80000,10,31.41592653589793,31.416711934061325,-0.0013156702842460526,-0.002357423510840249,0.0809414460185816,0.00809414460185816,0.0035474585980603823,0.05956054564945139,0.0043401204621459225,0.004829476276920969,0.005538904278546535,0.006274316720846271,0.026980482006193865,0.060600924710518464,0.10971208095253925,0.1981083646029074,40000,64000,72000,3.333333333333333,158174.67046823096,559.6554505649385,1457.1022491733625,1457.1022491733625,0.7108697282567936,2.4174023894291015,0,0,2.4174023894291015,2.4174023894291015,7644.497571729309,7644.497571729309,current_fourier,nan,nan,1641.0511391152204,1640.9725559835676,316870.6372035531,12.5,0.9115625,2333.9069027537207,2333.706194421833,691346.9550961739,3.125,0.958984375
380,7.599999999999999e-05,80000,10,31.41592653589793,31.416711934061325,-0.0012446704345309397,-0.0020433927991512666,0.07873071190355133,0.007873071190355133,0.00349122197376771,0.05908656339446144,0.004454980023105752,0.004916876510758542,0.005536156088648525,0.00620204090124392,0.026243570634517106,0.060954646011552184,0.10900688557145129,0.1977872272526765,40000,64000,72000,3.3333333333333326,171157.74836317872,558.3619501291529,1537.764330860338,1537.764330860338,0.7240568985775355,2.40012821081784,0,0,2.40012821081784,2.40012821081784,7589.871822609159,7589.871822609159,current_fourier,nan,nan,1729.9805672876375,1729.9101762694672,337128.6571070845,12.5,0.9090625,2345.298452866626,2345.1245207401994,692306.1366108591,3.125,0.9579296875
385,7.7e-05,80000,10,31.41592653589793,31.416711934061325,-0.0011831123910417372,-0.002174282035128017,0.07649840800424297,0.007649840800424297,0.0034265942902699594,0.058537118909884514,0.003925461555457383,0.004420943603830259,0.005154406967931033,0.00589219018680623,0.025499469334747657,0.06016695681022263,0.10747139425824727,0.19651249369730445,40000,64000,72000,3.3333333333333335,179246.50255913578,540.9019444544904,1583.0468881933148,1583.0468881933148,0.7367690807729806,2.4318417242479407,0,0,2.4318417242479407,2.4318417242479407,7690.158757654615,7690.158757654615,current_fourier,nan,nan,1766.9089944647662,1766.8255690594,349925.2041099748,12.5,0.91140625,2217.1927062184964,2216.998392302021,645913.3282778069,3.125,0.9582421875
390,7.8e-05,80000,10,31.41592653589793,31.416711934061325,-0.001318922950785559,-0.002107040787520377,0.07230340091476341,0.00723034009147634,0.0033517205257062098,0.05789404568438977,0.003604595833637999,0.004103869850648462,0.004812404670882713,0.005527408698319737,0.02410113363825447,0.0593842599529965,0.10547468327066176,0.19404384013531284,40000,64000,72000,3.3333333333333335,205959.3189035869,557.7723978921847,1675.4181092740125,1675.4181092740125,0.76105597360066,3.3506851093540106,0,0,3.3506851093540106,3.3506851093540106,10595.796667569031,10595.796667569031,current_fourier,nan,nan,1846.0534962210838,1845.908878405326,364218.62157548114,12.5,0.9134375,2262.886170710871,2262.5918285209177,628842.020558705,3.125,0.9588671875
395,7.9e-05,80000,10,31.41592653589793,31.417104633143026,-0.0013931956337591288,-0.0016390872997328546,0.06780821362810761,0.006780821362810762,0.003283445342836191,0.05730135550609768,0.004132653253561102,0.004635295355747162,0.005298852651014625,0.005913839466532042,0.02260273787603587,0.05865828644466464,0.10234521513887725,0.1893989543874973,40000,64000,72000,3.333333333333333,251315.5487768654,568.8614597319022,1898.9960358462492,1898.9960358462492,0.7858330312613278,3.6826677315013927,0,0,3.6826677315013927,3.6826677315013927,11645.617897149818,11645.617897149818,current_fourier,nan,nan,1743.7121236430285,1743.6463382854354,330258.3807511495,12.5,0.9125,2389.5349300456455,2389.346534071706,557890.8288384823,3.125,0.9571484375
400,7.999999999999999e-05,80000,10,31.41592653589793,31.417104633143026,-0.000999124789965757,-0.0017632654743486413,0.06584130080139097,0.006584130080139097,0.003225681470893325,0.05679508315772876,0.004119690948109642,0.00457597787095833,0.00519222913924743,0.005750952467582434,0.021947100267130322,0.058295649369443085,0.10039051623153865,0.18548098418109304,40000,64000,72000,3.333333333333333,273442.6150018828,556.5546988297706,2008.7105382654179,2008.7105382654179,0.7963201379948252,3.409525032372583,0,0,3.409525032372583,3.409525032372583,10781.86484165669,10781.86484165669,current_fourier,nan,nan,1868.25200903686,1868.1679457547452,361780.3740523113,12.5,0.9146875,2415.109722366235,2414.9283282417014,527453.6242837629,3.125,0.95828125
405,8.099999999999999e-05,80000,10,31.41592653589793,31.417104633143026,-0.0013005458533104277,-0.0020199595087742827,0.0653467040065927,0.006534670400659271,0.0031898581121269937,0.0564788288841668,0.004149981170978511,0.00461240694875557,0.005253520051898866,0.005832011808631571,0.021782234668864232,0.057476284555811344,0.09844013095505313,0.18355138210869765,40000,64000,72000,3.3333333333333326,279228.8654403063,572.1648651268847,2058.1372529469313,2058.1372529469313,0.7992575278427059,2.9002460785903237,0,0,2.9002460785903237,2.9002460785903237,9171.383383317127,9171.383383317127,current_fourier,nan,nan,1861.6652368284442,1861.5905429390318,352168.2944810939,12.5,0.91984375,2683.0691116648227,2682.892538565269,827540.4615405877,3.125,0.9623046875
