step,t,N,K,M_u,M_v,xc_x,xc_y,L,h_eff,S_u,R2,R_0.5,R_0.8,R_0.9,R_0.99,N_0.5,N_0.8,N_0.9,R50_over_heff,peak_PK_u,peak_PK_v,S_L2_u,S_L2,outside_v_frac,drift_cfl,n_birth,n_death,S_dg_raw_40,S_dg_cross_40,peak_dg_40,ppc_40,empty_40,S_dg_raw_80,S_dg_cross_80,peak_dg_80,ppc_80,empty_80,S_dg_raw_160,S_dg_cross_160,peak_dg_160,ppc_160,empty_160
0,0.0,20000,5,31.41592653589793,31.41592653589793,0.00013233340180680782,0.0007507520715275582,0.41260671453963926,0.08252134290792786,0.0118310713385374,0.10877072831666339,0.09094317972795735,0.13753557151321308,0.16464669435231472,0.23179199006851406,10000,16000,18000,1.1020564683420875,826.9113127366788,421.0457944865766,114.97285003101614,114.97285003101614,0.0005,1.0606032422179172,0,0,116.03303921113988,114.96680290770053,1155.6211680796457,12.5,0.7625,119.06054298685946,115.10468367790197,1556.950983209753,3.125,0.81453125,130.45070197461337,115.21524767521176,2117.7736798702144,0.78125,0.8659375
1,1e-06,20000,5,31.41592653589793,31.41592653589793,0.0001115052510641379,0.0007492411515693777,0.40778865068188863,0.08155773013637772,0.01159552627744528,0.1076825254042887,0.08960048620958784,0.13592955022729622,0.1637144369682356,0.2304306327788859,10000,16000,18000,1.0986142706492852,854.5784348386542,421.01974691373994,116.52413324099487,116.52413324099487,0.00055,1.0697092887447068,0,0,117.59827974405647,116.5789419317804,1222.7907222186022,12.5,0.763125,120.58809080417392,116.71940278380639,1644.6446384871476,3.125,0.816875,132.09720593382937,117.10532070005007,2477.7432222483685,0.78125,0.8665234375
2,2e-06,20000,5,31.41592653589793,31.41592653589793,0.00010015535572346446,0.0007595567687548096,0.403943121547487,0.0807886243094974,0.011358106149535616,0.1065744160178024,0.08824410170878119,0.13464770718249566,0.16211370362626354,0.23012907505210262,10000,16000,18000,1.092283752360013,883.6359285677005,421.00830426026926,118.14821292268422,118.14821292268422,0.00065,1.0782193133957056,0,0,119.14397629480032,118.07001882091967,1129.2991324064617,12.5,0.764375,122.01716724370871,118.14068662750029,1437.921011067895,3.125,0.81703125,133.10874821693736,118.18482257534714,3123.5650878921597,0.78125,0.868828125
3,3e-06,20000,5,31.41592653589793,31.41592653589793,0.00010278425479587293,0.0007652926742031348,0.39924865446439406,0.0798497308928788,0.011124312063102873,0.10547185436457858,0.08696193803936282,0.1330828848214647,0.1606895280948357,0.2290565355677128,10000,16000,18000,1.089069895000965,914.1952972655799,421.54676374738324,119.82173331776853,119.82173331776853,0.00065,1.0879731513417514,0,0,120.89697861934926,119.85182124632563,1148.29478821091,12.5,0.765,123.68344843519745,119.89080810020165,1449.5294749396103,3.125,0.81953125,134.45904104547768,119.74292614612285,2735.181513139165,0.78125,0.86984375
4,4e-06,20000,5,31.41592653589793,31.41592653589793,8.241343873468297e-05,0.0007696884932748999,0.39525044257521774,0.07905008851504355,0.010888351212974485,0.10434726260412625,0.08559205706159032,0.13175014752507258,0.159465100363812,0.22906103635840838,10000,16000,18000,1.0827572577012585,945.1717117701351,421.8311812925902,121.55206192074539,121.55206192074539,0.00085,1.0967705936532333,0,0,122.66869296374875,121.64220332721695,1294.3971995086683,12.5,0.765625,125.46707971680758,121.61284553148415,1600.04421470797,3.125,0.820625,136.07862818095356,121.40935469390737,2459.926374941571,0.78125,0.8710546875
5,4.9999999999999996e-06,20000,5,31.41592653589793,31.41592653589793,5.754455589055505e-05,0.0007530232880077245,0.3912562000663727,0.07825124001327453,0.010660851772345915,0.1032514008251022,0.08445639929180589,0.13041873335545756,0.15810927541053976,0.2290709395863859,10000,16000,18000,1.0792979034898196,977.3747560471044,421.9254054732718,123.3114480945806,123.3114480945806,0.00105,1.1053096546853018,0,0,124.39721362988978,123.40167916549878,1338.2955144566351,12.5,0.768125,127.21132669299858,123.48197103138223,1536.640557228445,3.125,0.82234375,138.3179309413504,123.32411653979047,2734.413898439916,0.78125,0.872265625
6,6e-06,20000,5,31.41592653589793,31.41592653589793,4.280448623424991e-05,0.0007401139434038573,0.38687452614086115,0.07737490522817222,0.010432417808928134,0.10213920799050742,0.0830824298345782,0.12895817538028706,0.15653596080553273,0.22758523673501652,10000,16000,18000,1.073764544067291,1011.1124418109637,422.75297466084737,125.13609145816648,125.13609145816648,0.00105,1.114521755797621,0,0,126.12722824848326,125.16627778208057,1423.885061923147,12.5,0.77,128.86740439232244,125.1901930964733,1731.0543986313037,3.125,0.82359375,139.35396651843325,124.94548645472916,2848.1981589803795,0.78125,0.87328125
7,7e-06,20000,5,31.41592653589793,31.41592653589793,8.668441630707125e-06,0.0007492179750158037,0.38278767373667566,0.07655753474733513,0.010203912971816305,0.10101441962322164,0.08178166220262079,0.12759589124555856,0.1548824022246199,0.2263919691842476,10000,16000,18000,1.0682379268419102,1045.7729324054737,422.489947055727,127.02437950617727,127.02437950617727,0.0012,1.1232376182289934,0,0,128.08892619457805,127.1837592282195,1436.4505019364601,12.5,0.768125,130.83730643438074,127.25262067880028,1706.1828123718724,3.125,0.824375,141.0282301355907,126.1286344609525,2642.7148335250145,0.78125,0.8748046875
8,8e-06,20000,5,31.41592653589793,31.41592653589793,-1.719047574522974e-05,0.0007482675787064912,0.37802213409415036,0.07560442681883008,0.0099781182184322,0.09989053117504282,0.08039723810688182,0.12600737803138345,0.15347561322900555,0.22636941742147842,10000,16000,18000,1.0633932626661755,1083.0965403816715,422.9934450391243,128.98136218524905,128.98136218524905,0.0013,1.1337043031136158,0,0,130.0691012888506,129.19187431117632,1543.2912635885325,12.5,0.76875,132.71173536131442,129.21695600123886,1870.0567285259099,3.125,0.8265625,142.90250237346785,129.34079990916246,2818.0255967525363,0.78125,0.8764453125
9,9e-06,20000,5,31.41592653589793,31.41592653589793,-1.9412961576416355e-05,0.0007656829159460399,0.37307073578903704,0.07461414715780741,0.009754130175937216,0.09876300003512052,0.07904633349807906,0.12435691192967901,0.15181272313189845,0.2259465936672264,10000,16000,18000,1.059401420630027,1123.0419286788624,423.1281470259171,131.03267188257337,131.03267188257337,0.00155,1.1449886157780176,0,0,132.23031253167917,131.32904825589137,1573.832670515712,12.5,0.771875,134.76565922415716,131.26700548659207,1866.453953338817,3.125,0.82765625,145.03593112889382,131.5093039214597,3246.2202623988683,0.78125,0.87796875
10,9.999999999999999e-06,20000,5,31.41592653589793,31.41592653589793,-5.141325698876707e-05,0.0007356300385507763,0.3687120954018062,0.07374241908036125,0.009530948253494475,0.09762657554935784,0.07766543516227115,0.12290403180060207,0.15043461991394552,0.2245638271508562,10000,16000,18000,1.0531989068277616,1163.7553040580399,423.09058761227317,133.1332333964592,133.1332333964592,0.00185,1.153983149437598,0,0,134.19733073302214,133.34522325641706,1493.5979872604792,12.5,0.771875,136.88187601122408,133.37716536166195,1941.7649455807414,3.125,0.829375,146.31642563587877,132.31644551606075,3010.751474698172,0.78125,0.8789453125
11,1.1e-05,20000,5,31.41592653589793,31.41592653589793,-6.890147515689626e-05,0.0007318064451314398,0.36414203813969503,0.072828407627939,0.00931217033923762,0.09649958724905315,0.07640188417450319,0.12138067937989835,0.14890962927762874,0.22370744673165557,10000,16000,18000,1.0490670696086084,1206.23846905532,423.1819150654276,135.3106367513954,135.3106367513954,0.00195,1.1640442898859145,0,0,136.54108721546206,135.63356416236238,1682.0302834126105,12.5,0.77125,139.22062301411367,135.67645981138193,1933.9091136809889,3.125,0.8309375,149.22973822228482,136.17082362190274,2749.836134741453,0.78125,0.881171875
12,1.2e-05,20000,5,31.41592653589793,31.41592653589793,-0.00010124250142758804,0.000728493635604565,0.35960924703680486,0.07192184940736097,0.009095066340035016,0.09536805723110342,0.07500060759865927,0.11986974901226828,0.1472992940705573,0.22272335948117455,10000,16000,18000,1.0428069942120148,1251.1322718109886,423.23784146867695,137.5683681380496,137.5683681380496,0.00215,1.1758408945859484,0,0,138.74448067797607,137.9231465188215,1663.703210800744,12.5,0.77375,141.1802009458897,137.79413929937505,1836.9541316347152,3.125,0.82953125,150.69754384217526,138.01349791222682,3889.4213472034253,0.78125,0.881484375
13,1.3e-05,20000,5,31.41592653589793,31.41592653589793,-0.00011199522184941129,0.0007223371897298103,0.35436981646535337,0.07087396329307068,0.008876314077458867,0.09421419254793233,0.07367844935254647,0.1181232721551178,0.1456633718873186,0.22180389737609796,10000,16000,18000,1.0395700470125957,1298.4727976578242,423.13037411757495,139.90909662892497,139.90909662892497,0.0029,1.1869456151267408,0,0,141.00848454838894,140.176335107065,1740.1002226038927,12.5,0.77625,143.38760345464405,140.04250408688068,1936.5357585517183,3.125,0.8309375,153.25943394859314,140.4304729597686,3302.6462790769456,0.78125,0.8826171875
14,1.4e-05,20000,5,31.41592653589793,31.41592653589793,-0.00012332333237195946,0.0007205329034337399,0.34906332719324024,0.06981266543864804,0.008663981264365355,0.09308050958372197,0.07237957378853332,0.11635444239774674,0.14428262594582109,0.22073634402502168,10000,16000,18000,1.036768519490795,1348.3417924595385,423.6881593929552,142.31466250234791,142.31466250234791,0.00325,1.1991183521910522,0,0,143.49850356285077,142.65774868378605,1757.5850346278182,12.5,0.78,145.8990253005495,142.39613710700323,2048.6616524583337,3.125,0.83375,155.05381707948908,142.2121649603167,3259.049509300944,0.78125,0.883984375
15,1.4999999999999999e-05,20000,5,31.41592653589793,31.41592653589793,-0.00013749890945744864,0.000705053124378576,0.3444660003436771,0.06889320006873542,0.00844899588912868,0.09191841974886579,0.07107180898833755,0.11482200011455902,0.14248351035512036,0.2200029964116184,10000,16000,18000,1.0316229891691562,1400.5897433266487,424.0150312597784,144.8492540792286,144.8492540792286,0.00365,1.2106408153661548,0,0,146.01388511647278,145.1915225880656,1846.8780217848903,12.5,0.78375,148.54217346925344,145.23566792484272,2160.5540401342573,3.125,0.83546875,157.68142341091368,144.70729376734337,3125.4172457252107,0.78125,0.8869921875
16,1.6e-05,20000,5,31.41592653589793,31.41592653589793,-0.00015272709124814813,0.0006982562414875158,0.3397434039423816,0.06794868078847632,0.008238640639485343,0.09076695786179761,0.06958165218754069,0.1132478013141272,0.1410208934383632,0.21836880632112388,10000,16000,18000,1.0240324224122583,1455.6681217858543,424.74542597773893,147.4582259362158,147.4582259362158,0.00405,1.2230743369201402,0,0,148.61817347308047,147.70447591745014,1794.8187330069875,12.5,0.783125,150.90968255989384,147.3471170560038,2139.1706211119736,3.125,0.83625,160.41783327196032,147.76544800449176,3566.6895396560894,0.78125,0.88734375
17,1.7e-05,20000,5,31.41592653589793,31.41592653589793,-0.0001604291558226236,0.0006988026529913393,0.3348420425348714,0.06696840850697428,0.008031401740866214,0.0896180882459909,0.06834200296333731,0.11161401417829045,0.13933344057081404,0.21778350121141862,10000,16000,18000,1.0205110810751907,1513.973180029292,425.6178667146567,150.16991919542963,150.16991919542963,0.00445,1.2365064368128416,0,0,151.41092799523204,150.60998787386103,1835.4387527314586,12.5,0.781875,153.5641032576352,150.24823929944256,2236.8243105699357,3.125,0.83796875,162.55865995164692,150.5694660660951,3295.946111803857,0.78125,0.8890625
18,1.8e-05,20000,5,31.41592653589793,31.41749733222473,-0.000180308120519295,0.0006862302928965874,0.32999031320172506,0.06599806264034501,0.00782871829007622,0.08848004458676668,0.06694860987847848,0.10999677106724169,0.13784621144098771,0.2170473735928529,10000,16000,18000,1.0144026536553574,1573.8557577132283,426.7624176353098,152.94785682539091,152.94785682539091,0.0050497475126243686,1.2517055790598655,1,0,154.30099981334092,153.59890743804453,1990.4502690267632,12.5,0.783125,156.31527330313895,153.12830836046516,2110.0113019316914,3.125,0.838125,165.00547028624575,153.319222054153,3355.9605339377713,0.78125,0.89015625
19,1.8999999999999998e-05,20000,5,31.41592653589793,31.41749733222473,-0.00021597431220675542,0.0006903804623344243,0.32526078635812133,0.06505215727162426,0.007625804433486052,0.0873258520341259,0.06555516428542602,0.10842026211937378,0.13617114386115747,0.21598198533946017,10000,16000,18000,1.0077323648422827,1637.5682166938977,427.1943383969908,155.85645088476684,155.85645088476684,0.005699715014249288,1.2650917397247896,0,0,157.20502265949142,156.4526479569051,2123.6390923561944,12.5,0.78375,159.30745873138306,156.21896167713902,2445.1968428637792,3.125,0.84078125,167.87170081842814,156.08787513817913,3791.6783715058878,0.78125,0.8919140625
20,1.9999999999999998e-05,20000,5,31.41592653589793,31.41749733222473,-0.000230933824703491,0.0006932965465595349,0.32047827453551614,0.06409565490710323,0.007422200229264618,0.08615219224874442,0.0642718415825562,0.10682609151183872,0.1346167412880725,0.21489037421739848,10000,16000,18000,1.0027488084131182,1704.821125771375,427.737140871945,158.89395627780368,158.89395627780368,0.006599670016499175,1.27755701984743,0,0,160.31657524157964,159.55817947411407,2266.4103675240103,12.5,0.785,162.38855925148277,159.32709092945777,2323.541596006391,3.125,0.84140625,170.74321781901799,158.95751205118006,3775.762017672213,0.78125,0.8934375
21,2.1e-05,20000,5,31.41592653589793,31.41749733222473,-0.00026188800484028686,0.0006838213237378992,0.3151739600196734,0.06303479200393468,0.007224130569566774,0.0849948855494657,0.06297919665191834,0.10505798667322447,0.13318442369283973,0.2142405787152515,10000,16000,18000,0.9991180211713419,1776.2154758604472,428.42413806884116,162.02574799616752,162.02574799616752,0.008049597520123995,1.2917999091745873,0,0,163.5905387489282,162.89433336799453,2348.750301099769,12.5,0.785625,165.72958867039776,162.59370439125146,2623.855980655884,3.125,0.84375,173.9607053953527,162.233648940674,3887.9958512283215,0.78125,0.8941796875
22,2.2e-05,20000,5,31.41592653589793,31.41749733222473,-0.00029363623958549365,0.0006804634890022395,0.3102829565264896,0.06205659130529791,0.007027798424361015,0.08383196540915056,0.06167518073436746,0.10342765217549653,0.13152042626644328,0.21293601314062646,10000,16000,18000,0.9938538265974997,1851.8058319803965,429.44668533582865,165.29955641852854,165.29955641852854,0.009399530023498826,1.3058573703764678,0,0,166.9092888167656,166.19527519010262,2533.0239056052737,12.5,0.786875,169.10230320811365,166.11736268376058,2846.42284847092,3.125,0.84609375,176.6925146228466,165.52064866748245,4340.665341134485,0.78125,0.8955859375
23,2.3e-05,20000,5,31.41592653589793,31.41749733222473,-0.0003359100596044258,0.0006740475815759221,0.3055247467590252,0.061104949351805035,0.006831220034570202,0.08265119499783534,0.060329066122035375,0.1018415822530084,0.12974314742081952,0.21149974879912442,10000,16000,18000,0.9873024486886881,1930.378741261829,430.1892044465157,168.69340997338617,168.69340997338617,0.0103994800259987,1.3193888849295106,0,0,170.24590914376108,169.61667910667734,2511.101569306543,12.5,0.786875,172.34419088066926,169.49548064877342,2973.530663531543,3.125,0.84671875,180.49430800402342,169.32049623266047,4316.267040550973,0.78125,0.8978515625
24,2.4e-05,20000,5,31.41592653589793,31.41749733222473,-0.00035864893240595305,0.0006733136532177188,0.3003201291322648,0.06006402582645296,0.006641621581458839,0.08149614458033483,0.058997445729026356,0.10010670971075494,0.12812433000668202,0.21083566682187166,10000,16000,18000,0.9822426138982367,2016.5633802130394,430.34330663881696,172.26118081761257,172.26118081761257,0.012899355032248387,1.3336848093238232,0,0,173.93649206175562,173.328286656725,2677.1367220378356,12.5,0.78625,176.10381039199476,172.82866884526848,2991.2089657964975,3.125,0.84890625,184.27301817184943,172.7458117251356,4102.437064659202,0.78125,0.8991015625
25,2.4999999999999998e-05,20000,5,31.41592653589793,31.41749733222473,-0.0003838671152145197,0.0006780434630357547,0.29512474604850075,0.05902494920970015,0.006454749024769014,0.08034145271756675,0.057787788858555164,0.09837491534950026,0.12631056193124715,0.20991915377267054,10000,16000,18000,0.9790400437830166,2107.3999321557094,431.33693835956456,175.9673513103221,175.9673513103221,0.014649267536623168,1.3479346050637067,0,0,177.78618843622127,177.15951588768897,2921.214329285133,12.5,0.78875,179.80354256813075,177.09604408179743,3231.18685834942,3.125,0.84890625,187.49942491284537,176.44990003923542,4427.944951259564,0.78125,0.900234375
26,2.6e-05,20000,5,31.41592653589793,31.41749733222473,-0.00043885944462716754,0.0006715218611789818,0.28986203151821766,0.05797240630364353,0.006266705475661746,0.07916252570289649,0.05651428928302994,0.09662067717273923,0.12481652451104915,0.2085194368305352,10000,16000,18000,0.974848085260143,2203.7527531248943,431.55358730655695,179.84099832536165,179.84099832536165,0.017299135043247836,1.3632796884224903,0,0,181.88209805254155,181.2288906275145,3010.7814100432447,12.5,0.78875,183.97804164542794,181.37180964477506,3384.3518426685164,3.125,0.84984375,191.26896109695474,180.91878210355645,4420.667531524481,0.78125,0.9016015625
27,2.7e-05,20000,5,31.41592653589793,31.41749733222473,-0.000495128426924713,0.0006775262422880144,0.284889890119349,0.0569779780238698,0.006082016300200411,0.07798728293895366,0.05522706440440063,0.09496329670644967,0.12297942724743254,0.20751947150203148,10000,16000,18000,0.9692703447859161,2305.6053400784554,431.39125977089816,183.90127814983356,183.90127814983356,0.01984900754962252,1.3800252615996849,0,0,186.04899473785693,185.29921030597055,3241.809041224823,12.5,0.789375,188.23722923753692,185.71247517262196,3539.533070715548,3.125,0.8509375,195.34866782874366,184.8775924064415,4649.34196955939,0.78125,0.903046875
28,2.8e-05,20000,5,31.41592653589793,31.41749733222473,-0.0005418111081395257,0.0006980800967608909,0.280038408762873,0.0560076817525746,0.005901634150742756,0.07682209415749323,0.053919948303095086,0.093346136254291,0.12127606347524085,0.2067491958493098,10000,16000,18000,0.9627241588269533,2411.347059110264,431.7632880387243,188.04997191161542,188.04997191161542,0.022448877556122192,1.3957184996357554,0,0,190.28325411550676,189.6437572873197,3397.480164747014,12.5,0.79375,192.2708213785817,189.63667009898003,3592.4502400350275,3.125,0.8534375,199.53031239892235,189.6868247856127,5244.020667212357,0.78125,0.9048046875
29,2.9e-05,20000,5,31.41592653589793,31.41749733222473,-0.0005634432801099792,0.000696697568379,0.27488385605909366,0.05497677121181873,0.005721447632321649,0.07564025140308332,0.052641443923097095,0.09162795201969788,0.11968146225196312,0.20472442818301886,10000,16000,18000,0.9575215634304185,2525.06751900915,432.7487404131193,192.40141856544867,192.40141856544867,0.025748712564371782,1.411132804082762,0,0,194.82999319036696,194.2554305367089,3554.74679056753,12.5,0.79625,196.78992623164876,194.54258487897687,3978.9480429488153,3.125,0.8540625,203.42377930510688,194.00094854080444,5027.167622889181,0.78125,0.9059375
30,2.9999999999999997e-05,20000,5,31.41592653589793,31.41749733222473,-0.0005819711543729891,0.0007115747983994787,0.26971549520756444,0.053943099041512885,0.005550548252252382,0.07450200166607862,0.05143893985382828,0.08990516506918815,0.11782577334445231,0.20415047090978802,10000,16000,18000,0.9535777656052449,2644.0062198695464,432.641828900119,196.85537971258734,196.85537971258734,0.028498575071246438,1.4278015130714898,0,0,199.5106572992529,198.83034358800808,3737.2925615067934,12.5,0.795,201.2193244358093,198.82963246985406,3971.677939784651,3.125,0.85546875,208.1214515264924,199.17690879586368,5179.744822874323,0.78125,0.9074609375
31,3.1e-05,20000,5,31.41592653589793,31.41749733222473,-0.0006240923555030546,0.0006945132701328318,0.2647026659340669,0.052940533186813375,0.005378006888421181,0.07333489543471908,0.05027377594225922,0.08823422197802229,0.1160133636621962,0.2029278690603848,10000,16000,18000,0.9496273066396241,2772.0167406895416,432.1439219399922,201.57839203069938,201.57839203069938,0.03224838758062097,1.4431582547785728,0,0,204.53099187250157,203.91593639191186,3979.8114338315327,12.5,0.796875,206.02573289391654,203.74248496058325,4653.501641612674,3.125,0.85796875,212.82494566520748,203.86620441923094,5208.603896903465,0.78125,0.90890625
32,3.2e-05,20000,5,31.41592653589793,31.41749733222473,-0.0006655129368677628,0.0006861427723204568,0.25910889502965584,0.05182177900593117,0.005211791283430729,0.07219273705457308,0.049003479470148756,0.08636963167655196,0.11405782498082702,0.20183412218310653,10000,16000,18000,0.945615538681915,2910.0193758216315,432.3961432156326,206.44514516601635,206.44514516601635,0.036848157592120394,1.4609107412365268,0,0,209.64755110051595,209.07674651932945,4304.181904101757,12.5,0.800625,211.25444086352866,208.89923841504202,5053.784939213794,3.125,0.85875,218.14901874544205,209.84641363870094,6112.463968815041,0.78125,0.910390625
33,3.2999999999999996e-05,20000,5,31.41592653589793,31.41749733222473,-0.0007040137357953827,0.000679289925791506,0.25323393223504526,0.050646786447009054,0.005047244959073263,0.07104396497291844,0.047814826794861,0.08441131074501508,0.11221562684397697,0.20080727248019495,10000,16000,18000,0.9440841196289702,3059.546088166799,431.7000403242906,211.5623651994956,211.5623651994956,0.04189790510474476,1.477992457692451,0,0,214.7660515475336,214.28021211353783,4406.253596047706,12.5,0.800625,216.63156771412838,214.50980074927023,4823.796794044006,3.125,0.8603125,223.02513412655154,214.5010618712384,7392.695969006105,0.78125,0.9125390625
34,3.4e-05,20000,5,31.41592653589793,31.41906812855152,-0.0007548262537709393,0.0006902815551550663,0.2481389566344298,0.04962779132688596,0.0048848716276554596,0.06989185666195641,0.04675457939261912,0.08271298554480994,0.11069899331158374,0.19945482323206093,10000,16000,18000,0.9421047792487539,3212.4671072693445,430.7495226960828,216.79852847766173,216.79852847766173,0.046545345465453455,1.4978510586030702,1,0,220.31842479006855,219.76057824096983,4577.491020261165,12.5,0.80375,221.8325215054633,219.709727304521,4753.657770784293,3.125,0.8634375,228.82330735295614,220.70842362971,6659.570612712525,0.78125,0.9141796875
35,3.5e-05,20000,5,31.41592653589793,31.41906812855152,-0.0008039590779169176,0.0006771824616465923,0.2429322536233649,0.04858645072467298,0.0047293972643414235,0.06877061337767335,0.04555962382046525,0.08097741787445496,0.10853321328812042,0.19824301247346013,10000,16000,18000,0.9377022429285896,3375.546520687338,428.48872480337764,222.22191421314542,222.22191421314542,0.05274472552744726,1.517219559873801,0,0,225.92910966804968,225.37783816182073,4766.569193631837,12.5,0.8025,227.50574805755775,225.41650072553173,5051.767325776782,3.125,0.86453125,233.39297874553046,225.01917420774316,6575.621470532156,0.78125,0.9144921875
36,3.6e-05,20000,5,31.41592653589793,31.41906812855152,-0.0008586232794323994,0.000665831108343184,0.2379877228484678,0.04759754456969356,0.004575412652935804,0.06764179664183827,0.04434448243728592,0.07932924094948927,0.10700914985602976,0.1970580822456768,10000,16000,18000,0.9316548329999581,3546.155436372988,425.9194986459838,227.8603048164984,227.8603048164984,0.058994100589941006,1.5381061402111667,0,0,231.7406747167777,231.220162671329,4931.818021680161,12.5,0.8075,233.54801711988117,231.40006718284016,5672.401261809855,3.125,0.8671875,239.3509696613532,230.83874233054658,8672.81546702176,0.78125,0.9163671875
37,3.7e-05,20000,5,31.41592653589793,31.41906812855152,-0.0009278484651696766,0.0006727190643527498,0.23264375672243737,0.04652875134448747,0.004425074360843077,0.06652123240622558,0.04314179847064642,0.07754791890747913,0.1049363303732757,0.1953754189879112,10000,16000,18000,0.9272073121248218,3733.122194981811,424.4284744374335,233.78903980501687,233.78903980501687,0.06679332066793321,1.5563232245600318,0,0,237.97317821871394,237.38671946339443,5289.430516039354,12.5,0.80625,239.5758337168133,237.42207785139794,5618.921557210666,3.125,0.868125,245.56305618749832,237.31736236719573,6948.0962622599145,0.78125,0.916875
38,3.7999999999999995e-05,20000,5,31.41592653589793,31.41906812855152,-0.0009709673034663919,0.0006555538413519194,0.2274713672826479,0.04549427345652958,0.004280467886264717,0.06542528476258026,0.04193472578038189,0.07582378909421597,0.10306052085302687,0.19437739154658323,10000,16000,18000,0.921758335594723,3926.7445493215346,421.59122189215185,239.81075590849662,239.81075590849662,0.07464253574642536,1.5801914212598318,0,0,244.169793996304,243.67720237870012,5641.525371308452,12.5,0.806875,246.05925918510925,244.0959885795072,5960.570302112972,3.125,0.86921875,251.15583485092768,243.34977038765822,7262.10935242718,0.78125,0.9191796875
39,3.9e-05,20000,5,31.41592653589793,31.41906812855152,-0.001018041989605008,0.0006603298980830987,0.22224163080512715,0.04444832616102543,0.00413856833683003,0.0643317055333529,0.04088223140088967,0.07408054360170906,0.10111684778431798,0.1925790964499196,10000,16000,18000,0.9197698750855842,4137.6365563178215,421.1786567368762,246.18238520391623,246.18238520391623,0.08309169083091691,1.6067167714366681,0,0,250.883011855524,250.40314011223427,5886.810176155224,12.5,0.81125,252.5781627623839,250.65305225256716,6190.7259997984465,3.125,0.870625,257.8777712973941,250.79932622567975,8024.593516614699,0.78125,0.920859375
40,3.9999999999999996e-05,20000,5,31.41592653589793,31.41906812855152,-0.0010462213873584938,0.0006654593953174456,0.21676602407381235,0.04335320481476247,0.00399988099779225,0.06324461240131249,0.03986429636566649,0.07225534135793744,0.09908645991059518,0.19158212245922218,10000,16000,18000,0.9195236323588251,4358.777647563101,418.5336454547041,252.6774429736841,252.6774429736841,0.09399060093990601,1.624206590610392,0,0,257.4732275154483,256.998027745587,6396.81490616781,12.5,0.80875,259.2272164628163,257.462421785618,6581.3148230958905,3.125,0.8725,264.4307274511636,257.41809224121283,8555.63955769566,0.78125,0.9223046875
41,4.1e-05,20000,5,31.41592653589793,31.41906812855152,-0.0011103886897348117,0.0006889598416433096,0.21229587077883988,0.04245917415576798,0.0038660857727895763,0.06217785596809829,0.03876050368255016,0.0707652902596133,0.0971360689486126,0.1905831484459105,10000,16000,18000,0.9128887797099237,4585.5203835118255,415.82999747988094,259.43492803389915,259.43492803389915,0.10293970602939706,1.6476721864917456,0,0,264.5595280386782,264.1198922306365,6795.855892252638,12.5,0.81,266.3806308803797,264.43055846819493,7704.42734871308,3.125,0.873125,271.47962258940487,264.3096420054968,8451.077352785047,0.78125,0.922734375
42,4.2e-05,20000,5,31.41592653589793,31.41906812855152,-0.001164878415076557,0.0007142625050438365,0.20671360322355176,0.041342720644710354,0.0037361620143308294,0.06112415246308802,0.037719205228686416,0.06890453440785059,0.0954405231831906,0.18931889209355587,10000,16000,18000,0.9123542098943226,4836.065893940572,412.1153364952649,266.3722683316337,266.3722683316337,0.11533846615338467,1.6760802714948149,0,0,271.43168324136207,271.0020511951183,6923.557402328604,12.5,0.810625,273.18769304099925,271.4425805653148,7578.44821373495,3.125,0.87359375,278.2149526953873,271.00083149316805,9520.252374530424,0.78125,0.92484375
43,4.2999999999999995e-05,20000,5,31.41592653589793,31.41906812855152,-0.0012331155353162715,0.0007128324820731744,0.20237380080423234,0.04047476016084647,0.003611861415449476,0.06009876384294003,0.03669373483423661,0.06745793360141078,0.09338510890174397,0.18859635855645565,10000,16000,18000,0.9065831320164941,5078.372387402498,412.80055096823844,273.2717186748809,273.2717186748809,0.12488751124887511,1.6910340818403826,0,0,278.6353638995306,278.154889527918,7344.315208999744,12.5,0.8125,280.5351521677109,278.9493098566265,8065.441691825249,3.125,0.87671875,285.29316385258085,278.4520742980205,9146.630651059337,0.78125,0.9266015625
44,4.4e-05,20000,5,31.41592653589793,31.41906812855152,-0.0013130582619528335,0.0007155516564182023,0.19715608549315933,0.039431217098631864,0.003491104419510731,0.05908556862306337,0.03570468889470965,0.06571869516438644,0.09137379347706046,0.18806222451284285,10000,16000,18000,0.9054929449780663,5351.471196457271,414.23461915160743,280.5440306830923,280.5440306830923,0.13858614138586142,1.7113820597401181,0,0,285.9367499174983,285.5042496653099,7960.943984194917,12.5,0.8125,287.8366693058786,286.15523890503044,8451.972728600178,3.125,0.87671875,292.2879214839159,285.68767720827293,10041.26316799019,0.78125,0.926953125
45,4.4999999999999996e-05,20000,5,31.41592653589793,31.41906812855152,-0.0013665570905403309,0.0007279153435837647,0.1921680706524813,0.03843361413049626,0.0033760943486230276,0.05810416808304743,0.034865987339670515,0.0640560235508271,0.08940331696998176,0.18742841703600463,10000,16000,18000,0.9071743089600594,5631.615118640492,418.26814665818904,287.880903175452,287.880903175452,0.15058494150584942,1.7321534966772711,0,0,293.3518631044629,292.9914286525601,8207.713049952768,12.5,0.81375,295.5168265093014,293.8980637971836,9201.448771875146,3.125,0.87921875,300.3669932745606,293.84281301187514,10980.196467502594,0.78125,0.928359375
46,4.6e-05,20000,5,31.41592653589793,31.41906812855152,-0.0014235345741126972,0.0007480482994845824,0.1873750465655911,0.037475009313118215,0.0032631107536999077,0.05712364443643199,0.03392761593256646,0.06245834885519703,0.08743695759833378,0.18608694693165784,10000,16000,18000,0.905339759867385,5931.317339800704,421.82629192696993,295.66595497932445,295.66595497932445,0.16513348665133487,1.752980258770317,0,0,301.2971613681986,300.85630514782423,8645.862449910486,12.5,0.81125,303.34314469094915,301.8632281373008,8619.2735714696,3.125,0.8796875,307.66043908874985,301.64231328319653,11252.542760006807,0.78125,0.9294921875
47,4.7e-05,20000,5,31.41592653589793,31.41906812855152,-0.0014924438076136808,0.0007638939387687071,0.18235419395566688,0.03647083879113337,0.0031548850519697393,0.05616836344393292,0.033114175560283884,0.06078473131855563,0.08550969316180625,0.18578660059338192,10000,16000,18000,0.907963092100159,6255.777756617451,425.5306734665367,303.70149681352524,303.70149681352524,0.18068193180681932,1.7631089746899367,0,0,309.35949403334223,308.9024953583471,9190.63415047216,12.5,0.810625,311.3845379936473,309.9655009428974,9098.446839554013,3.125,0.88171875,316.2073334730095,310.08519191137486,12486.131800901765,0.78125,0.93125
48,4.8e-05,20000,5,31.41592653589793,31.41906812855152,-0.0015677485055330673,0.0007769872415110828,0.17737481134673164,0.03547496226934633,0.0030522139315954386,0.05524684544474407,0.03220883423870467,0.05912493711557721,0.08366794950324989,0.18593511656818312,10000,16000,18000,0.907931458648403,6600.716612498698,426.9059106754081,312.0270622759289,312.0270622759289,0.1987801219878012,1.774342193979657,0,0,317.76061433350895,317.30145663507125,9974.798625491,12.5,0.811875,319.8200569807317,318.36058928231716,9706.108068288122,3.125,0.8834375,324.74732993937994,318.4716148955018,12074.099439269638,0.78125,0.931953125
49,4.9e-05,20000,5,31.41592653589793,31.41906812855152,-0.0016420891427448246,0.000806405574174471,0.17276263994776536,0.03455252798955307,0.0029534890363769723,0.054346012147874954,0.031428430592451054,0.057587546649255125,0.08169086654165919,0.18407548973476104,10000,16000,18000,0.9095841150017566,6963.459852777655,429.0171463164021,320.6703839444068,320.6703839444068,0.21382861713828616,1.7818383059951655,0,0,326.84389863812436,326.46339898029385,10315.035520113617,12.5,0.810625,328.8711187731265,327.45685117166755,10108.444096939267,3.125,0.884375,333.42275612087286,328.0771075564172,11954.65607103101,0.78125,0.93375
50,4.9999999999999996e-05,20000,5,31.41592653589793,31.41906812855152,-0.0017191690705698325,0.0008247988382503091,0.16840883268562493,0.033681766537124985,0.0028596105370204813,0.05347532643210775,0.030596740233930147,0.056136277561874975,0.07965171534368788,0.1849548314709928,10000,16000,18000,0.9084066359822773,7331.701328358832,430.91665858263354,329.3440260041595,329.3440260041595,0.23122687731226876,1.7897546004289628,0,0,335.44189963650854,335.0686023953825,10920.593980158877,12.5,0.811875,337.7496133810876,336.4070410370708,10168.97502615272,3.125,0.88640625,341.49379915650826,335.72818745858183,13846.378723081256,0.78125,0.935546875
51,5.1e-05,20000,5,31.41592653589793,31.41906812855152,-0.0017909366099860698,0.0008358623111984678,0.16378010795140727,0.03275602159028145,0.0027691699491221673,0.05262290327530558,0.029801999483917048,0.05459336931713576,0.07796087053026077,0.1851226514948786,10000,16000,18000,0.9098174331634692,7735.810887681679,438.3648274024657,338.4774272327965,338.4774272327965,0.25002499750025,1.8027310368097877,0,0,345.03238749831087,344.6344442919846,11468.134907944186,12.5,0.81625,347.34882133631106,346.0711500473518,11127.309889984579,3.125,0.88859375,351.5550342392842,346.53898372890797,13470.369906667758,0.78125,0.9367578125
52,5.2e-05,20000,5,31.41592653589793,31.41906812855152,-0.0018597694312107445,0.0008800536541297764,0.15986534555386087,0.031973069110772176,0.002683955530618071,0.0518069062058146,0.029043713621930162,0.05328844851795362,0.07586770277531765,0.18491957245620044,10000,16000,18000,0.9083805349216515,8145.692067315844,440.05429168697566,347.7296960651661,347.7296960651661,0.2676732326767323,1.8397634290728828,0,0,354.56978453877326,354.180812618466,12412.953424448886,12.5,0.814375,356.92759993446214,355.79949755073187,11746.508466210838,3.125,0.88859375,360.97951926635386,356.3020981833281,13557.939995957186,0.78125,0.9384375
53,5.3e-05,20000,5,31.41592653589793,31.41906812855152,-0.0019059455890166846,0.0009141765116930671,0.15546597706956958,0.031093195413913914,0.002602283667505884,0.05101258342317005,0.028357245849369536,0.05182199235652319,0.07387044345922068,0.1856260223485317,10000,16000,18000,0.9120080928279225,8583.194789680221,445.9107019967626,357.1406278783355,357.1406278783355,0.2888211178882112,1.837802217757126,0,0,363.6991362236906,363.22304129868695,12945.12203966784,12.5,0.816875,366.545938189107,365.0968420376117,12152.681384542506,3.125,0.8896875,370.3030294998023,365.40314428512596,14015.149125361135,0.78125,0.9396875
54,5.4e-05,20000,5,31.41592653589793,31.41906812855152,-0.0019515442913893995,0.0009538437703697213,0.15092080283408615,0.03018416056681723,0.0025250065682285946,0.050249443461879206,0.027601776176007044,0.050306934278028716,0.07204938068674273,0.18661265213014142,10000,16000,18000,0.9144457111837287,9064.79025225244,448.55870523681995,367.1562074375902,367.1562074375902,0.3119188081191881,1.8964749071623603,0,0,373.0662802956971,372.5812283296553,13801.329078642948,12.5,0.816875,376.4923347434913,375.18252022506886,12717.831640453283,3.125,0.88953125,380.0027824703601,375.00946595142,14658.706914560391,0.78125,0.9401953125
55,5.4999999999999995e-05,20000,5,31.41592653589793,31.41906812855152,-0.0019889307541772474,0.001002618367053989,0.14689490920194695,0.02937898184038939,0.002451419866284508,0.049511815421013475,0.026847714051064606,0.048964969733982316,0.07010062258693615,0.18651811729129936,10000,16000,18000,0.913840860684802,9567.96107820977,447.92994146838447,377.6076666266247,377.6076666266247,0.33111688831116887,1.910965114489577,0,0,383.4836628174295,382.96986581285546,14691.177950410824,12.5,0.815625,387.2101741946106,385.7325781931744,13514.806174463729,3.125,0.89046875,390.9081086757767,385.8073907664502,16402.909312386073,0.78125,0.9413671875
56,5.6e-05,20000,5,31.41592653589793,31.41906812855152,-0.0020397535274552766,0.0010426416247349697,0.14342837732310304,0.028685675464620607,0.0023797746605345865,0.04878293411157827,0.02619680990657824,0.04780945910770101,0.06821964170049184,0.18834850453937582,10000,16000,18000,0.9132366410157571,10100.516802965485,448.5426320555298,388.38070023091365,388.38070023091365,0.34766523347665235,1.940392147629858,0,0,394.4871797820194,394.0692495336412,15159.314740632228,12.5,0.81375,398.7700029303553,397.50860668271594,15408.77794887657,3.125,0.890625,403.06011327523487,397.9483046972089,17082.482258186465,0.78125,0.9423046875
57,5.6999999999999996e-05,20000,5,31.41592653589793,31.420638924878318,-0.0020783007902750276,0.0010709199677523499,0.14001848880378218,0.028003697760756435,0.0023150710924328332,0.048115185673889206,0.025447415893975027,0.04667282960126073,0.0664926390959856,0.18879166332355063,10000,16000,18000,0.9087162742356223,10650.066799937113,448.3503656661514,399.0274195177172,399.0274195177172,0.36689496575513675,2.023458692814227,1,0,405.8799098838823,405.3493303740327,16302.170027132437,12.5,0.80875,410.14641026218305,408.747864420261,16262.70736851338,3.125,0.89125,413.8134232849394,408.5245813012694,18690.653026910124,0.78125,0.94375
58,5.8e-05,20000,5,31.41592653589793,31.420638924878318,-0.002102667650666384,0.001133576247611229,0.13603219750190124,0.027206439500380247,0.0022512339094790416,0.0474471696677372,0.024856270994794795,0.04534406583396708,0.06478239873805308,0.18920196799041025,10000,16000,18000,0.9136171969304324,11253.285419992506,452.3353189657262,410.1831256194678,410.1831256194678,0.3869919512073189,2.0432183820961387,0,0,416.93136442111677,416.39455921903595,17285.88340628545,12.5,0.81,421.4803665103531,420.16887127321496,16317.022998228624,3.125,0.8925,425.70502984645,421.17786527760967,18978.710884208303,0.78125,0.9448046875
59,5.9e-05,20000,5,31.41592653589793,31.420638924878318,-0.00208858066626808,0.0011919307236142726,0.13291986582983312,0.026583973165966623,0.0021921062444441304,0.04681993426356054,0.0242266110104615,0.04430662194327771,0.06290906366303672,0.1915923311989447,10000,16000,18000,0.9113239341317471,11855.596452730766,456.92984760259884,421.67983214844946,421.67983214844946,0.40463930410438437,1.989436236637456,0,0,428.49486251154855,428.0804596915737,18442.49379986794,12.5,0.808125,433.62944067272116,432.46849578823657,17599.721265110453,3.125,0.8946875,437.75042678652187,433.0578354599745,18835.46635497569,0.78125,0.946328125
60,5.9999999999999995e-05,20000,5,31.41592653589793,31.420638924878318,-0.0020897528643239243,0.001273265405228804,0.1297234343154226,0.025944686863084522,0.0021379473260836205,0.046237942494055904,0.02358603446543021,0.04324114477180754,0.06126945720590511,0.19207070758037,10000,16000,18000,0.9090891938645701,12478.342548464578,460.7129961752932,433.33790818192284,433.33790818192284,0.42128680697895315,1.9913475117469561,0,0,440.71640893075613,440.35097822384154,18508.23303182918,12.5,0.808125,446.38175837528485,445.40170662169675,19405.37321892668,3.125,0.894375,449.91113471746894,445.3953091790088,20536.11804654112,0.78125,0.9473828125
61,6.1e-05,20000,5,31.41592653589793,31.420638924878318,-0.0020804094273313865,0.001365094826266974,0.12650332100533324,0.025300664201066646,0.0020869463599567646,0.04568310803740005,0.023171122086617486,0.04216777366844442,0.05975901022058832,0.19244424264819412,10000,16000,18000,0.9158305846231743,13109.371636097674,463.02536089668587,445.0183686446636,445.0183686446636,0.4403839424086387,2.069895792503319,0,0,451.72574089438643,451.4598473460406,19396.496960110253,12.5,0.81125,458.73744355662353,457.60703684672006,21076.31544565779,3.125,0.89625,462.2847667835077,458.14237121414556,21154.114895994055,0.78125,0.948359375
62,6.2e-05,20000,5,31.41592653589793,31.420638924878318,-0.0020589927159546982,0.0014208381558103917,0.12327552365688299,0.0246551047313766,0.002037719673230595,0.04514110846258203,0.02263480743873887,0.041091841218961,0.05846840161375884,0.1949081290989801,10000,16000,18000,0.9180576471019142,13775.883373582967,467.1870701360678,457.1481574926751,457.1481574926751,0.4576313552967055,2.06002359666115,0,0,463.64834853706475,463.42060650581044,19614.31126268036,12.5,0.811875,471.50691330743837,470.69687632296234,23247.398030336346,3.125,0.89671875,475.4003981823815,471.5854886802846,22952.3955747487,0.78125,0.9492578125
63,6.3e-05,20000,5,31.41592653589793,31.420638924878318,-0.002034265059325242,0.0014738045727913066,0.11995517443620708,0.023991034887241417,0.001990347489970097,0.04461331068156786,0.022131553236410143,0.03998505814540236,0.05701556029990007,0.19613705685494126,10000,16000,18000,0.9224926452914227,14558.191673897147,471.5093025443545,471.1720069825625,471.1720069825625,0.4766784982252662,2.1064209819253064,0,0,477.5600738147686,477.31746751385435,20477.565681014275,12.5,0.818125,487.1205669213828,486.0847916055407,24797.91173265154,3.125,0.89859375,491.09913451727823,486.8459663719562,25273.536287392988,0.78125,0.9507421875
64,6.4e-05,20000,5,31.41592653589793,31.420638924878318,-0.002027760165947348,0.001565938112653005,0.11690989456698148,0.023381978913396294,0.0019434823841016813,0.04408494509582247,0.021573032486386902,0.03896996485566049,0.05555594085231812,0.19541798416208667,10000,16000,18000,0.9226350158936724,15491.280826803006,473.6666133042339,486.80729824216576,486.80729824216576,0.49387591861220814,2.1316282270846774,0,0,492.6503306297624,492.4662861832963,21953.4543030151,12.5,0.81875,505.5729380707631,504.3580923575495,28445.3700647341,3.125,0.90015625,509.43774169450637,505.29030550571116,26388.163294342456,0.78125,0.9516796875
65,6.5e-05,20000,5,31.41592653589793,31.420638924878318,-0.001968235638736294,0.0016536267541674256,0.1145124337973103,0.02290248675946206,0.001901137703875473,0.043602037840856395,0.020974846365738226,0.0381708112657701,0.054299006048607636,0.1968892338800429,10000,16000,18000,0.9158327034976917,16380.639056795271,477.7090166397838,502.1875197946296,502.1875197946296,0.5068739689046643,2.145788273113549,0,0,509.76179235884763,509.6029520454293,23834.794239965828,12.5,0.821875,524.4740238853145,523.4162229478052,29960.411614599376,3.125,0.9015625,528.5642390923268,524.97477211039,28523.986461023833,0.78125,0.9524609375
66,6.599999999999999e-05,20000,5,31.41592653589793,31.420638924878318,-0.0019199088040633822,0.0017495872224297486,0.1118081019000246,0.022361620380004922,0.0018626302974459616,0.04315820081335599,0.02058008890655367,0.037269367300008203,0.05302736535685823,0.19717400498385215,10000,16000,18000,0.9203308417200283,17396.672381782828,482.0866915528004,517.991682438375,517.991682438375,0.5221716742488627,2.1744865333749197,0,0,525.5303191121644,525.4143855409375,25318.38866878404,12.5,0.824375,544.3914226364383,543.5108900090987,34414.56318438311,3.125,0.9021875,549.2159418925295,545.5029509830738,33089.41351675088,0.78125,0.9533203125
67,6.7e-05,20000,5,31.41592653589793,31.420638924878318,-0.0018576341519546077,0.0018581493969092298,0.1093848373974557,0.021876967479491142,0.0018260259039747464,0.04273202433743043,0.020088072855223738,0.03646161246581857,0.051786619545880305,0.19737537947246525,10000,16000,18000,0.9182293146458974,18474.293496675276,487.4413188360912,535.2335065135015,535.2335065135015,0.5364695295705644,2.046567957453734,0,0,543.4517535426726,543.3177874667791,27270.30709204579,12.5,0.825,567.9595803121103,566.9927059503491,38091.76110656707,3.125,0.9034375,572.9246766872026,569.5935764224009,39014.52717749369,0.78125,0.954453125
68,6.8e-05,20000,5,31.41592653589793,31.420638924878318,-0.001741096024347144,0.0019527864927867335,0.10711875925255666,0.021423751850511333,0.0017926271010654021,0.0423394272642581,0.01972466573016516,0.035706253084185555,0.05079586588361724,0.1985302002398882,10000,16000,18000,0.9206914768149903,19550.767983628466,486.076545866187,552.9102125105486,552.9102125105486,0.5508673698945158,2.0990693676897454,0,0,564.860414676239,564.7166806727516,29695.785206917684,12.5,0.828125,592.4354957631106,591.5521102224733,41187.90310119781,3.125,0.9046875,597.8625419269633,594.6132101552713,42078.13122771593,0.78125,0.955234375
69,6.9e-05,20000,5,31.41592653589793,31.420638924878318,-0.0015945438082779551,0.0020468080863898608,0.10515992247321969,0.021031984494643937,0.0017632612656840864,0.04199120462292177,0.01948864850175997,0.03505330749107323,0.049610977135180534,0.2001979527084913,10000,16000,18000,0.9266195734750091,20483.688880780875,483.01019710239143,569.4077181429807,569.4077181429807,0.5623656451532271,2.1558937343312037,0,0,583.303388434512,583.185980120526,32010.31737063185,12.5,0.83,617.7934424510045,616.9117044826972,44713.17275846591,3.125,0.90453125,624.1621847278367,620.8481186905917,48290.25978573074,0.78125,0.9559765625
70,7e-05,20000,5,31.41592653589793,31.420638924878318,-0.001406119195245853,0.002087958313956271,0.10277712512524015,0.02055542502504803,0.00173440988726864,0.0416462469769923,0.019135565288840292,0.03425904170841338,0.048622507836932345,0.19943548824140894,10000,16000,18000,0.9309253039293738,21737.805615401336,480.2253133397533,587.6170265246933,587.6170265246933,0.5764635304704294,2.214489671642043,0,0,599.6650989645109,599.5270890153934,33599.6607169938,12.5,0.829375,641.4545987413328,640.6414400933104,46428.94669146266,3.125,0.9065625,649.7067174420825,646.699548222313,52943.610090194656,0.78125,0.95734375
71,7.099999999999999e-05,20000,5,31.41592653589793,31.420638924878318,-0.0012483598357277408,0.002099587744516325,0.10075495719655467,0.020150991439310935,0.0017055592112643723,0.0412984165709095,0.01879832586490164,0.03358498573218489,0.047922274851724816,0.19864803996023733,10000,16000,18000,0.9328734976398984,22963.870100475608,480.82712847744136,606.5625378407419,606.5625378407419,0.5883117532370145,2.2199475513279965,0,0,618.157453786052,618.0067874024484,36009.37924156132,12.5,0.83125,667.7989253938384,667.0767786913042,49656.55222396436,3.125,0.908125,679.3396911832555,676.7427819186786,61367.75454884698,0.78125,0.958046875
72,7.2e-05,20000,5,31.41592653589793,31.420638924878318,-0.0010748301603913616,0.0021454422978849615,0.09860027482822661,0.01972005496564532,0.0016804439481534093,0.040993218319051374,0.018571523055678364,0.03286675827607554,0.04716582336458484,0.19903305315472203,10000,16000,18000,0.9417581790736468,24260.81523822018,484.3319101707643,626.1503912975758,626.1503912975758,0.6004099385092236,2.2478440930739625,0,0,633.7967574880042,633.6353360499186,37419.28754501842,12.5,0.834375,692.9883197248389,692.3865073287869,50945.985438945114,3.125,0.91078125,709.1086454665304,706.5429804762373,70004.71599674481,0.78125,0.9591015625
73,7.3e-05,20000,5,31.41592653589793,31.420638924878318,-0.0008518434257377232,0.0021813525012238564,0.09731398664655919,0.01946279732931184,0.0016558588898965216,0.04069224606600773,0.018334000003718477,0.032437995548853064,0.046245892340311345,0.19912032495333523,10000,16000,18000,0.9420023079676556,25391.637843844313,489.78807190543984,644.3527474613423,644.3527474613423,0.6082587611858221,2.301280529953871,0,0,649.1266855426785,648.9403870107787,39366.013061630976,12.5,0.835625,721.0417928788141,720.371005448018,56827.36376165551,3.125,0.91203125,737.966755468907,735.339159447296,69376.06143070819,0.78125,0.9594921875
74,7.4e-05,20000,5,31.41592653589793,31.420638924878318,-0.0005779719761743021,0.002248270303827881,0.09608117109176892,0.019216234218353785,0.0016355228564337236,0.04044159809445867,0.018214733823947418,0.03202705703058964,0.04528991687420141,0.19832091366653676,10000,16000,18000,0.9478825880749405,26500.351634603754,495.4207541750535,662.7658326307065,662.7658326307065,0.6146578013298005,2.3430393686073687,0,0,663.8888385972887,663.7201875784825,40617.42402689172,12.5,0.83875,749.5186197972656,748.9393201714546,62880.40708446862,3.125,0.91265625,772.629392038141,770.4880645505233,85964.92467351341,0.78125,0.960546875
75,7.5e-05,20000,5,31.41592653589793,31.420638924878318,-0.00025941104484544927,0.0023405215768137378,0.09502703379223078,0.019005406758446156,0.0016148988491886758,0.04018580407542788,0.017951083602626837,0.03167567793074359,0.04425297692027924,0.19823594325948946,10000,16000,18000,0.9445250938735753,28013.130245982884,506.53746149491207,684.1350150173529,684.1350150173529,0.6215567664850272,2.4751345191414886,0,0,678.8311906348662,678.6711350840187,41583.225851299816,12.5,0.84,785.6078333740375,784.899419812901,69817.82740742882,3.125,0.9140625,816.2676599863793,812.8909259161582,86970.35442920087,0.78125,0.9616015625
76,7.599999999999999e-05,20000,5,31.41592653589793,31.420638924878318,9.142638477827785e-05,0.002423899995985512,0.09462689373969022,0.018925378747938044,0.0015995607188342869,0.03999450860848633,0.017717995911982136,0.03154229791323007,0.04361865035532426,0.19815284155274274,10000,16000,18000,0.9362029763294721,29310.02694897103,507.9824346869433,703.7966552946914,703.7966552946914,0.6241063840423936,2.4322939940022756,0,0,691.2318811718379,691.1195742121405,42306.29482518145,12.5,0.84375,822.4496597555191,821.7778645152756,75399.73887162165,3.125,0.9159375,863.0238101955619,859.892600735023,98804.82484514844,0.78125,0.9622265625
77,7.7e-05,20000,5,31.41592653589793,31.420638924878318,0.0004700511755032471,0.002539669460567758,0.0943693060079944,0.01887386120159888,0.001584291990415863,0.03980316558285111,0.017538477092450978,0.03145643533599813,0.04280164464736327,0.19802195014775043,10000,16000,18000,0.9292469042299212,30489.888648311127,502.5243299996926,722.0432823033653,722.0432823033653,0.6258061290806379,2.421010516774185,0,0,700.2488585405621,700.1347489461134,41788.1656073369,12.5,0.845,856.7173736977477,856.2365103556109,82589.66643743607,3.125,0.9184375,910.5473763559347,908.3084410067104,115925.11459657614,0.78125,0.9628125
78,7.8e-05,20000,5,31.41592653589793,31.420638924878318,0.0008426750065789622,0.002632449406477158,0.09398173001663326,0.018796346003326653,0.0015712591454688544,0.03963911131028109,0.017423810264263588,0.03132724333887776,0.04227552290248754,0.19754889748274948,10000,16000,18000,0.9269785872839248,31595.4093190965,503.6228081749754,738.9013584927754,738.9013584927754,0.627555866620007,2.323212067712938,0,0,710.2874516248143,710.1400016038716,41556.24342591602,12.5,0.84875,889.8302491922799,889.1992196825865,89997.04315406297,3.125,0.9209375,957.5913141407167,955.8076684676157,123684.85657537998,0.78125,0.964375
79,7.9e-05,20000,5,31.41592653589793,31.420638924878318,0.0011472576428904068,0.002846038744935581,0.09380677313347399,0.018761354626694798,0.0015611403759242053,0.03951126897385359,0.017318973365592943,0.031268924377824664,0.041898952856975084,0.1978067713949392,10000,16000,18000,0.9231195566737198,32628.10641073836,510.972553269531,755.585770302584,755.585770302584,0.6291556266560016,2.2762468382630687,0,0,722.3754878213593,722.2343834941689,40443.62482307308,12.5,0.850625,924.723201041246,924.0979770089148,89818.82697590398,3.125,0.9228125,1003.8057781044106,1001.7153529870695,137936.98076185488,0.78125,0.9651953125
80,7.999999999999999e-05,20000,5,31.41592653589793,31.42220972120511,0.0015319169284600902,0.002986222557027269,0.09384601336529916,0.018769202673059832,0.0015526626900120982,0.03940384105657846,0.01724983893188934,0.03128200445509972,0.041514395942974264,0.19771862892131717,10000,16000,18000,0.9190501713026258,33504.568729744875,511.9475389807553,771.5349198077964,771.5349198077964,0.6287242551489702,2.3035238817573616,1,0,728.6274733905892,728.4645117322202,38210.576854471285,12.5,0.856875,961.4974226492462,960.969889489932,93108.98256774855,3.125,0.925,1060.7924187230312,1059.0190282186406,144647.23677162302,0.78125,0.9662109375
81,8.099999999999999e-05,20000,5,31.41592653589793,31.42220972120511,0.0019795307937272434,0.0030731214566348543,0.09401632746673494,0.018803265493346988,0.001544655483471156,0.03930210533128163,0.01714864094096879,0.03133877582224498,0.041111212074288285,0.19762056184938284,10000,16000,18000,0.9120033404323498,34277.22874985785,507.21327112920335,786.2260579151443,786.2260579151443,0.6284243151369726,2.2737262813126344,0,0,736.2171943822906,736.0370554411173,35775.98135376969,12.5,0.864375,1000.4349149392598,999.9542682165436,103544.99492854413,3.125,0.92828125,1115.0912242258403,1113.5487994678133,160479.0100704637,0.78125,0.9667578125
82,8.2e-05,20000,5,31.41592653589793,31.42220972120511,0.0023261112617671584,0.0032133259118763903,0.09398509467757804,0.018797018935515608,0.0015391094852965016,0.0392314858920294,0.01707405995944628,0.031328364892526016,0.0408173431819786,0.19728000904992932,10000,16000,18000,0.908338711474407,35137.78639705081,522.9748041372623,801.648781232603,801.648781232603,0.628374325134973,2.1826463943015457,0,0,747.5134948924914,747.3799764357464,33961.64906138094,12.5,0.8675,1040.7645367440093,1040.3048625311214,115842.28387542494,3.125,0.93015625,1171.6241029779048,1170.0991772422087,178099.99691015674,0.78125,0.96828125
83,8.3e-05,20000,5,31.41592653589793,31.42220972120511,0.002691277089378276,0.0032399153078993396,0.09446819149550756,0.01889363829910151,0.0015295664016023423,0.03910967145863466,0.01684088823706907,0.031489397165169186,0.04057026684178441,0.19771043580666825,10000,16000,18000,0.8913523150207623,35882.26214338943,524.6911835433569,817.8638252667857,817.8638252667857,0.625624875024995,2.2421561281716973,0,0,761.0981310558058,760.9496763646396,32900.65135035531,12.5,0.868125,1091.7952331013958,1091.3740815373856,124798.66418085329,3.125,0.93046875,1240.3349479235585,1238.8758201821454,209048.80752332776,0.78125,0.9685546875
84,8.4e-05,20000,5,31.41592653589793,31.42220972120511,0.003017071401165668,0.0032713101905869806,0.09462287640016992,0.018924575280033985,0.0015217335765973334,0.03900940369445979,0.01654951275593526,0.03154095880005664,0.04029882294343384,0.1975375604287635,10000,16000,18000,0.8744985031920643,36733.695036074394,520.7828671709495,834.5561400448197,834.5561400448197,0.6242751449710058,2.315596478607102,0,0,776.4219416693123,776.3082601896339,34837.22960851948,12.5,0.869375,1144.270866774155,1143.770236284295,136056.37838977482,3.125,0.93265625,1313.3428346655987,1311.2932225906225,229477.00378804153,0.78125,0.969140625
85,8.499999999999999e-05,20000,5,31.41592653589793,31.42220972120511,0.0032576268494756734,0.003376892271230299,0.09491569382808238,0.018983138765616477,0.0015162505478350072,0.038939061979392973,0.016254680510021977,0.03163856460936079,0.040177534465666256,0.19751946217060884,10000,16000,18000,0.8562693825672041,37412.27369266367,512.9260601743731,848.5121384620801,848.5121384620801,0.6232253549290142,2.255228437008947,0,0,787.9032968158872,787.7709954204372,37079.99438823145,12.5,0.874375,1192.1202957676376,1191.671478407535,143386.07432080025,3.125,0.93390625,1377.1206929322434,1375.570954573801,250250.826415062,0.78125,0.97046875
86,8.599999999999999e-05,20000,5,31.41592653589793,31.42220972120511,0.003497631054120904,0.0033987629103471593,0.09550483609136046,0.01910096721827209,0.0015094579030762616,0.03885174260025233,0.015941728450368876,0.03183494536378682,0.03998887148747914,0.1969488515117959,10000,16000,18000,0.8346032045497115,37831.885807828476,507.3502243769444,859.8644245119832,859.8644245119832,0.620625874825035,2.1649738419371163,0,0,800.6303463505816,800.5060568031747,39834.64782215025,12.5,0.8775,1239.755804076174,1239.1940537510682,149603.4824323228,3.125,0.936875,1442.2613200549947,1440.7348138586588,273955.48743888875,0.78125,0.9712890625
87,8.7e-05,20000,5,31.41592653589793,31.42220972120511,0.0036351176050388946,0.0033850020158688794,0.0952869635500952,0.01905739271001904,0.0015004321814582082,0.038735412498877665,0.015669438884872648,0.03176232118336506,0.039738546496487136,0.19641598132574545,10000,16000,18000,0.8222236442991888,38727.24057636257,504.89494341308296,875.5599971036236,875.5599971036236,0.621375724855029,2.120453248316319,0,0,813.7475165628305,813.6132084181404,41785.18714071057,12.5,0.87875,1277.8306719122445,1277.5090003478315,159061.86144213603,3.125,0.9378125,1499.756051129992,1498.6615470031188,309140.2586709793,0.78125,0.97234375
88,8.8e-05,20000,5,31.41592653589793,31.42220972120511,0.0038689674485257466,0.0034373481130451967,0.09543139005336274,0.019086278010672548,0.001493631651844811,0.03864753099286953,0.015447271263045226,0.031810463351120914,0.03956370910905732,0.19616776687713666,10000,16000,18000,0.809339110244937,39286.619102595214,496.6453767993197,887.3098826832291,887.3098826832291,0.6210257948410318,2.23233271428221,0,0,824.6020245829613,824.5056665391271,43676.40350658038,12.5,0.8825,1319.0655230274026,1318.6493393813832,169617.37684520258,3.125,0.94015625,1551.215661911635,1549.899536453484,329199.2606514467,0.78125,0.973125
89,8.9e-05,20000,5,31.41592653589793,31.42220972120511,0.004084353065979273,0.0034869188136651325,0.09541689575910389,0.01908337915182078,0.0014892496762039683,0.03859079781766592,0.0152667036927237,0.031805631919701295,0.03941421985487405,0.19592277147565007,10000,16000,18000,0.8000000194549967,39823.927633335974,491.94987220071573,897.5148106625863,897.5148106625863,0.6213257348530294,2.2495283349862976,0,0,836.205426664255,836.1063728341642,45711.79726071175,12.5,0.884375,1344.0551921597744,1343.6502167458048,173820.20886728395,3.125,0.9421875,1573.2558909350703,1571.96355533772,323348.3721235746,0.78125,0.9736328125
90,8.999999999999999e-05,20000,5,31.41592653589793,31.42220972120511,0.00418732808425082,0.003585795681660458,0.09543364081695123,0.019086728163390246,0.0014798262258048929,0.03846850953448668,0.015035032072161308,0.03181121360565041,0.03919240485422491,0.196047821083899,10000,16000,18000,0.787721810854917,40279.131870513025,488.58765849706384,906.3752106503779,906.3752106503779,0.6209758048390321,2.3475085414398094,0,0,841.9310434492246,841.807843932689,46037.09002082604,12.5,0.885625,1354.795101673784,1354.4702911511356,175109.33767297852,3.125,0.94359375,1586.6421198868252,1585.5594820597469,321052.8819862581,0.78125,0.9748046875
91,9.099999999999999e-05,20000,5,31.41592653589793,31.42220972120511,0.004258614560810868,0.003779716909520906,0.09498965350620137,0.018997930701240274,0.0014746401614749646,0.038401043755020056,0.014862899836724234,0.03166321783540046,0.03906197952476295,0.19642495626509449,10000,16000,18000,0.782343091490165,41004.59342250676,494.68136165835733,916.7392265612995,916.7392265612995,0.624125174965007,2.327394551119572,0,0,847.9244167752763,847.8157938422513,45384.11369920904,12.5,0.89,1365.783472589064,1365.5693011614112,173773.72922853832,3.125,0.945625,1605.1365951825699,1604.2234934231365,332465.1713205626,0.78125,0.97515625
92,9.2e-05,20000,5,31.41592653589793,31.42220972120511,0.004381556828687861,0.0038661267956623556,0.0948529878646333,0.01897059757292666,0.0014661960596225282,0.03829093965447346,0.014637660656160126,0.03161766262154443,0.03907987598863445,0.19646297074951663,10000,16000,18000,0.7715972361909064,41564.74312023354,497.0674105491246,925.4385463656153,925.4385463656153,0.6242251549690062,2.4948686117203547,0,0,853.1843689417462,853.0851703515574,46050.99430709867,12.5,0.895,1390.6455507138548,1390.4303391626327,177244.00617762835,3.125,0.94828125,1633.516902909348,1632.6520327209482,340824.7657634547,0.78125,0.9764453125
93,9.3e-05,20000,5,31.41592653589793,31.42220972120511,0.00444587238544424,0.003932662439239537,0.09494687843143224,0.018989375686286447,0.0014590108822513654,0.038197000958862797,0.014396635595553415,0.03164895947714408,0.038944362562777404,0.19665383565009492,10000,16000,18000,0.7581415963006214,41917.121969276064,491.59368739219286,931.5826430824196,931.5826430824196,0.6242251549690062,2.4703401450288514,0,0,858.9393460511685,858.8446356277667,46282.56987487548,12.5,0.8975,1403.9222336705811,1403.6671696076835,175255.26337370038,3.125,0.95015625,1657.534588607361,1656.516833157781,338369.19764418266,0.78125,0.977265625
94,9.4e-05,20000,5,31.41592653589793,31.42220972120511,0.004453390929172011,0.0039646021289094875,0.09406211568823827,0.018812423137647655,0.0014502230720479523,0.038081794496162495,0.014139564700994374,0.031354038562746094,0.03885340394750278,0.1965247736820199,10000,16000,18000,0.7516078390081553,42874.390215333995,490.020846728147,942.654960614858,942.654960614858,0.629124175164967,2.436595307623541,0,0,863.8355108865171,863.749515522948,45982.376484745386,12.5,0.89875,1406.658561119135,1406.2924109923633,171850.11957709596,3.125,0.950625,1663.0342423042507,1661.6213352107582,340166.69859177346,0.78125,0.977890625
95,9.499999999999999e-05,20000,5,31.41592653589793,31.42220972120511,0.004478236922330919,0.003978428368983113,0.09336137659496146,0.018672275318992293,0.0014404595489471371,0.037953386528044336,0.013987943464468664,0.031120458864987155,0.03862474929901517,0.19598481835977155,10000,16000,18000,0.7491290282251241,43692.85562392929,494.3646945285138,952.715180521144,952.715180521144,0.6334733053389322,2.436926589328101,0,0,867.3671199403332,867.2882628364623,45494.92278336509,12.5,0.9,1414.1648089185974,1413.8952540219923,165266.41437041527,3.125,0.95234375,1677.2148698338806,1676.3992688022167,332261.7986890567,0.78125,0.978359375
96,9.6e-05,20000,5,31.41592653589793,31.42220972120511,0.004516111447929002,0.003992008594612715,0.09222076762187406,0.018444153524374812,0.001427338018970828,0.03778012730220516,0.01375333619176275,0.03074025587395802,0.03833731722252562,0.1955938826054883,10000,16000,18000,0.7456745669345612,44783.69795850354,497.47020349706537,964.4361470374714,964.4361470374714,0.6403219356128774,2.361748727323057,0,0,870.9926433560303,870.9160300781599,45023.45779649677,12.5,0.9,1412.012212961741,1411.464489376975,161242.42481989422,3.125,0.9525,1672.684110270658,1671.6145735567136,328180.57341159484,0.78125,0.9787109375
97,9.7e-05,20000,5,31.41592653589793,31.42220972120511,0.004538763479628387,0.004057301081277004,0.09209152235391446,0.018418304470782892,0.0014173913169718325,0.03764825782120379,0.013569095187913742,0.030697174117971487,0.03826999555137565,0.19466102493448284,10000,16000,18000,0.7367179323937504,45209.39522887016,489.4981321654813,971.2752048556287,971.2752048556287,0.6404219156168767,2.4748240014425953,0,0,873.3808019863715,873.3117832964066,44314.2271586039,12.5,0.900625,1425.510207449273,1425.2024878961613,154536.14733688493,3.125,0.95328125,1697.441294459912,1696.6163060378244,321130.50993856514,0.78125,0.978984375
98,9.8e-05,20000,5,31.41592653589793,31.42220972120511,0.00463159975702835,0.004002491508745302,0.09130359063978208,0.018260718127956415,0.0014063580391768715,0.037501440494691285,0.013323127961988377,0.030434530213260695,0.03810866813092604,0.19349228160477877,10000,16000,18000,0.7296059152017254,46109.98590681439,494.6543523686913,981.1306476706144,981.1306476706144,0.6452709458108379,2.5485426598515857,0,0,880.3046903828529,880.2106054171667,45619.722241096984,12.5,0.901875,1436.691083266127,1436.139200941675,159254.22348995804,3.125,0.95421875,1705.580258332636,1704.3463113405326,324973.48454203026,0.78125,0.979765625
99,9.9e-05,20000,5,31.41592653589793,31.42220972120511,0.004685080485349053,0.003987123635213676,0.09071165890206982,0.018142331780413964,0.001396767244274001,0.03737334938527722,0.013147629878469538,0.030237219634023274,0.03801742503830094,0.1922198837014665,10000,16000,18000,0.7246934979253004,46898.75802294051,499.13308738637414,990.6801085148263,990.6801085148263,0.6494701059788043,2.5144885938896806,0,0,887.6219850004558,887.548040359223,46673.953526416844,12.5,0.901875,1453.3337216800453,1453.1505412505853,166950.91241846743,3.125,0.95484375,1716.3191388227951,1715.7567697381949,317798.7439267724,0.78125,0.9796875
100,9.999999999999999e-05,20000,5,31.41592653589793,31.42220972120511,0.004821274224578888,0.003938778876757118,0.09018431822054657,0.018036863644109315,0.0013880828029129643,0.03725698327713832,0.012943926708211267,0.030061439406848856,0.0378192684764043,0.1918734444079428,10000,16000,18000,0.7176373322774796,47728.62809990685,503.6195223512203,1001.2192936026476,1001.2192936026476,0.652619476104779,2.482982700743894,0,0,896.0104902304336,895.9467651192306,48813.33661143304,12.5,0.90875,1476.9588059735192,1476.6844960377814,168515.35615807117,3.125,0.956875,1747.067833499465,1745.573890419069,345600.74712909444,0.78125,0.9805859375
101,0.000101,20000,5,31.41592653589793,31.42220972120511,0.005029497050834802,0.003893812301363911,0.09052832632875855,0.018105665265751712,0.0013794899123112862,0.03714148505796835,0.012800647833029623,0.03017610877625285,0.037698639870869036,0.19146768397507627,10000,16000,18000,0.7069968236540335,47782.768503645755,504.1742811442913,1005.3283867321646,1005.3283867321646,0.6506198760247951,2.2926644606337065,0,0,903.1683648854571,903.1016126792645,51432.59603652203,12.5,0.911875,1496.4370083297488,1496.1408087027146,180855.03510161245,3.125,0.9578125,1768.625437369795,1767.3992288600275,358054.4843707155,0.78125,0.981328125
102,0.000102,20000,5,31.41592653589793,31.42220972120511,0.005224698087050605,0.0038934765957218697,0.09081332430185342,0.018162664860370683,0.0013734932810933356,0.0370606702731256,0.012686561205297398,0.030271108100617807,0.03780099115722468,0.19128519731072532,10000,16000,18000,0.6984966855264915,47807.97671457871,515.5586194532091,1008.2276333971861,1008.2276333971861,0.6501199760047991,2.3738515062191294,0,0,908.5005376623654,908.4401844171358,53404.71285062573,12.5,0.911875,1513.153953021346,1512.761889682164,188301.8454995779,3.125,0.959375,1787.3516669998835,1785.6205271550316,354451.9250597155,0.78125,0.9818359375
103,0.000103,20000,5,31.41592653589793,31.42220972120511,0.005396211018109995,0.00394116130415914,0.0905102324310895,0.0181020464862179,0.0013694177085595933,0.0370056442797527,0.0125140347948502,0.030170077477029832,0.038023539234271916,0.1913823332056313,10000,16000,18000,0.6913049750688595,48483.13963492872,516.6077771516083,1017.6297850707343,1017.6297850707343,0.652369526094781,2.5896013511318405,0,0,917.7298305593282,917.688719604442,55214.031515799725,12.5,0.9125,1538.0579258004439,1537.851430598651,201019.42262942623,3.125,0.96015625,1811.2049253474809,1810.3983419014578,378684.5487477824,0.78125,0.98203125
104,0.000104,20000,5,31.41592653589793,31.42220972120511,0.005486616020094953,0.003977630423626379,0.0908395569715487,0.01816791139430974,0.0013644031053387832,0.03693782756658522,0.01234562800517557,0.030279852323849568,0.03814327929337029,0.19135789055172767,10000,16000,18000,0.6795292941070963,48631.51607580519,505.62987199287136,1023.0771420765212,1023.0771420765212,0.6496200759848031,2.467309339536679,0,0,924.5128216954568,924.4734115386434,56142.372610627455,12.5,0.915,1561.7707381886744,1561.6894264916114,204906.7140922197,3.125,0.96125,1841.3844843648073,1840.7341667099436,384721.60253242776,0.78125,0.982421875
105,0.00010499999999999999,20000,5,31.41592653589793,31.42220972120511,0.005502385782116476,0.00407895364082701,0.090592644175848,0.018118528835169602,0.0013593121019347012,0.036868850021864005,0.012196189859077085,0.030197548058616,0.03819647220212751,0.19043265097603884,10000,16000,18000,0.6731335623344454,49182.50930455445,510.88412327771266,1031.294652120161,1031.294652120161,0.6507198560287942,2.5404805730075974,0,0,926.9269236664054,926.8893025635529,55358.96942105584,12.5,0.916875,1563.2571900519388,1563.0581411770381,202752.4795339647,3.125,0.96265625,1853.6218071108497,1852.8233902775728,386287.0893440403,0.78125,0.983203125
106,0.000106,20000,5,31.41592653589793,31.42220972120511,0.005499353647497777,0.004165320191153304,0.08977358862647378,0.017954717725294757,0.0013519325683357083,0.03676863566051518,0.01199053572322501,0.029924529542157925,0.03823104908626529,0.189531089334861,10000,16000,18000,0.6678208984779884,50316.865546444795,517.2782182004721,1045.1526948866092,1045.1526948866092,0.6554189162167566,2.10975571129973,0,0,930.2953896869375,930.2464964729419,54312.74149176019,12.5,0.918125,1577.2296756369387,1577.000233791865,196127.06595632347,3.125,0.9625,1881.80496216809,1880.8919740822762,385369.2694516735,0.78125,0.9834765625
107,0.000107,20000,5,31.41592653589793,31.42220972120511,0.005588711535717574,0.004250704015373416,0.08917004005216494,0.01783400801043299,0.0013436781742453832,0.036656216038284464,0.011783329711155224,0.02972334668405498,0.03827016247469568,0.18892082752733363,10000,16000,18000,0.6607224637480208,51383.90461134906,513.8296735415132,1059.3593488823933,1059.3593488823933,0.659118176364727,1.9349144825995237,0,0,936.2525525834126,936.2045979932369,54552.056274246694,12.5,0.919375,1601.6503882098602,1601.4818113085282,199427.72625634688,3.125,0.96359375,1926.256001441722,1925.5876800684446,401932.5069670023,0.78125,0.9837109375
108,0.000108,20000,5,31.41592653589793,31.42220972120511,0.005698647188030514,0.0042231401573501115,0.08868502012478723,0.017737004024957446,0.0013341036218689544,0.03652538325423779,0.011568296960333329,0.029561673374929074,0.03824863069726253,0.18820119147927755,10000,16000,18000,0.6522125689353043,52395.42161503825,516.8735418805977,1072.7233279759612,1072.7233279759612,0.6635672865426915,2.20559592098148,0,0,947.0939408073324,947.0349464106749,56520.761036152675,12.5,0.926875,1626.120376533429,1625.9031544781585,210465.0801229552,3.125,0.965,1960.7985472638463,1959.9480664835462,417082.7331413838,0.78125,0.9840625
109,0.00010899999999999999,20000,5,31.41592653589793,31.42220972120511,0.005805697849470628,0.00414911196723477,0.08847413107682174,0.017694826215364348,0.0013270217241999384,0.036428309378832534,0.011353705573563504,0.029491377025607248,0.038467157496732046,0.18761098120765635,10000,16000,18000,0.6416398463244091,53131.17416572864,522.2028787481079,1083.3903151745706,1083.3903151745706,0.665116976604679,2.4226505159824803,0,0,957.9333837187796,957.8546648874428,58924.05846868061,12.5,0.92625,1660.2439548626646,1660.0321391645516,223886.80815856985,3.125,0.96546875,1997.930124953226,1997.2058238539755,433721.46483314433,0.78125,0.9842578125
110,0.00010999999999999999,20000,5,31.41592653589793,31.42220972120511,0.005843075606680265,0.004142003715288259,0.08749527916637971,0.01749905583327594,0.0013176564944137239,0.036299538487613366,0.011115510371849059,0.029165093055459904,0.03861473103355609,0.18688719431192566,10000,16000,18000,0.6352062921424578,54886.51741534825,523.086108750731,1104.8947351736224,1104.8947351736224,0.6699160167966407,2.157164057606002,0,0,970.0032848171023,969.9248670700205,59822.10626485667,12.5,0.92875,1701.4268990566734,1701.010956054568,233063.686348572,3.125,0.966875,2067.843470508832,2066.6506734822624,456517.54830874037,0.78125,0.9848828125
111,0.000111,20000,5,31.41592653589793,31.42220972120511,0.005857617297216645,0.004257190516322543,0.08755877321597888,0.017511754643195775,0.0013117834416520803,0.036218551070578184,0.010961481255460733,0.029186257738659627,0.03907134128117822,0.18547336286821905,10000,16000,18000,0.6259499107201023,55429.77754528291,532.3358341080669,1115.386328847616,1115.386328847616,0.6705658868226355,1.9154204654720641,0,0,972.1406332908141,972.0524012674315,59183.36460239129,12.5,0.928125,1730.2692366669687,1729.8301277870853,232019.5155256647,3.125,0.9678125,2136.6640985148238,2135.7545136409726,470125.57508540765,0.78125,0.98515625
112,0.000112,20000,5,31.41592653589793,31.42220972120511,0.005971150143768116,0.004382242371597753,0.0879687758025947,0.01759375516051894,0.0013085339628013328,0.03617366393940947,0.010889995121137879,0.029322925267531566,0.039567618726725366,0.18499262160749952,10000,16000,18000,0.6189693457582861,55666.61921714553,546.2790450780135,1124.0512561161404,1124.0512561161404,0.6678164367126574,1.9671913047383136,0,0,976.9804915742769,976.9000808859693,59588.2105800469,12.5,0.93,1763.1504507529883,1762.79246964039,245340.91888222157,3.125,0.96890625,2200.0929074404385,2199.192290161244,503984.6858359899,0.78125,0.9851953125
113,0.000113,20000,5,31.41592653589793,31.42220972120511,0.006137716834250696,0.004431589327831012,0.08867616481088574,0.017735232962177147,0.0013086687440022316,0.03617552686557905,0.010735137940323694,0.029558721603628577,0.04014936822745304,0.1838920576816957,10000,16000,18000,0.6053000805356135,55680.98832172631,548.6208543388376,1130.9541698754604,1130.9541698754604,0.6637172565486903,2.1252070880536396,0,0,987.4986319019044,987.4191430537442,61859.7461099802,12.5,0.934375,1824.7187600105938,1824.5258924386242,270378.5991250833,3.125,0.97015625,2292.838725152452,2292.3233525320043,551267.3269553672,0.78125,0.9859765625
114,0.00011399999999999999,20000,5,31.41592653589793,31.42220972120511,0.006247974811323048,0.00451512588541873,0.08888982805216705,0.017777965610433412,0.0013100290728801061,0.036194323766028644,0.010653092505425597,0.029629942684055686,0.04068794552394429,0.1842874061531542,10000,16000,18000,0.5992301222122728,56072.19520028309,542.3531726609522,1139.834389280892,1139.834389280892,0.6619676064787042,2.073034880167685,0,0,993.9853133257866,993.9231921882584,63190.57353346328,12.5,0.93625,1869.9228613496002,1869.6609630737719,289171.9678077144,3.125,0.96984375,2355.184161045031,2354.358080833482,582730.9785913575,0.78125,0.98625
115,0.00011499999999999999,20000,5,31.41592653589793,31.42220972120511,0.006217398533533114,0.004679368667595426,0.08825290772152684,0.01765058154430537,0.0013111822883149363,0.03621025114957001,0.0105560445286524,0.029417635907175613,0.0410706206538026,0.18430515008087495,10000,16000,18000,0.5980564720859359,57279.66757050343,530.9616807412801,1154.4378584293038,1154.4378584293038,0.6662667466506699,2.091845891876857,0,0,993.9448997549569,993.9045597783289,61900.373487258155,12.5,0.93625,1887.6839911875977,1887.4789780555907,288812.1465069084,3.125,0.96953125,2401.829303926422,2401.252701414401,603394.9330690281,0.78125,0.9866796875
116,0.000116,20000,5,31.41592653589793,31.42220972120511,0.006435742241612469,0.004755824437668249,0.08735855730805261,0.01747171146161052,0.0013127297055912641,0.03623161196512328,0.010514362263994086,0.029119519102684205,0.041565466743576175,0.1835159813177328,10000,16000,18000,0.6017934927037127,58701.812970530984,528.4345511233931,1169.9220159120432,1169.9220159120432,0.6724655068986203,2.1752167875139445,0,0,1001.4146585530799,1001.3794892857641,63972.83320736744,12.5,0.93875,1915.4646656999425,1915.356138568445,306683.2889514819,3.125,0.97078125,2404.8015208737456,2404.421747780257,617799.6557753186,0.78125,0.986484375
117,0.000117,20000,5,31.41592653589793,31.42220972120511,0.00672352262774989,0.004801070352899337,0.08690830537823767,0.017381661075647533,0.001313398369332943,0.036240838419288025,0.01051240123318151,0.02896943512607922,0.041964174773046814,0.18277207492739858,10000,16000,18000,0.6047984244676041,59630.75751397965,521.3339386586057,1180.2287388225955,1180.2287388225955,0.6751649670065987,2.1601114382354063,0,0,1010.7396109519706,1010.6973546781808,67359.59590379012,12.5,0.938125,1967.9994051304473,1967.6618733398132,331919.6602928206,3.125,0.97078125,2438.900939653146,2437.8364522421557,639719.7209090795,0.78125,0.9869921875
118,0.000118,20000,5,31.41592653589793,31.42220972120511,0.00696565115870853,0.004826361532293652,0.08639868496923744,0.017279736993847487,0.0013140596317813406,0.03624996043834173,0.010488530636646766,0.02879956165641248,0.04228217391927563,0.1823121081299415,10000,16000,18000,0.60698439104607,60519.8601190466,523.2115223159337,1188.8447163988446,1188.8447163988446,0.6787642471505699,2.133791879561354,0,0,1020.3551354121483,1020.2982333274635,70250.39175919251,12.5,0.93875,2000.7801738599974,2000.6389790819871,347397.07826229866,3.125,0.9715625,2432.6561913863275,2432.2294369236365,629891.938950074,0.78125,0.9870703125
119,0.00011899999999999999,20000,5,31.41592653589793,31.42220972120511,0.007126905963395436,0.004823743066958132,0.08599683155075191,0.01719936631015038,0.0013121867630930394,0.03622411852748165,0.010461965853546643,0.028665610516917305,0.04256996074565026,0.18216099099938368,10000,16000,18000,0.6082762390712271,61332.879983346545,532.8021381726967,1197.7840157888302,1197.7840157888302,0.6799140171965606,2.2325904786113555,0,0,1029.4766036400583,1029.4226219352126,72413.28684919648,12.5,0.939375,2039.3204452853288,2039.0702462127447,362281.1895879583,3.125,0.97203125,2462.571551602436,2461.958590565044,643436.517398397,0.78125,0.986953125
120,0.00011999999999999999,20000,5,31.41592653589793,31.42220972120511,0.007272736860108018,0.004950592671244483,0.08502244171688032,0.017004488343376065,0.001309862324972436,0.036192020183632136,0.01047971962510405,0.028340813905626774,0.042939996863675896,0.18112060339357686,10000,16000,18000,0.6162913822212313,62904.25789302323,547.724635069788,1212.7831937355265,1212.7831937355265,0.6864627074585083,2.6549054570023123,0,0,1032.7725140036482,1032.7401124105781,73019.42198253842,12.5,0.94,2041.0865780895017,2040.8461276405872,358699.7947953134,3.125,0.971875,2460.5304268751124,2459.833622695975,622743.1200816557,0.78125,0.9873828125
121,0.000121,20000,5,31.41592653589793,31.42220972120511,0.007373025864310083,0.005062936286253073,0.08376807504462702,0.016753615008925405,0.001305233557301873,0.03612801623812015,0.010385710738593176,0.027922691681542343,0.043334651916467175,0.18000750717938882,10000,16000,18000,0.6199086425861069,65042.37598742637,537.805105007839,1233.5571503010203,1233.5571503010203,0.6938112377524495,2.544810886947729,0,0,1034.9901431670282,1034.948593810089,73096.88857087688,12.5,0.94375,2098.934517651137,2098.588680826101,375215.91416800494,3.125,0.9734375,2557.398149978195,2556.4768280065146,678897.9801384059,0.78125,0.98734375
122,0.000122,20000,5,31.41592653589793,31.42220972120511,0.007246152256359936,0.005164074137405075,0.08176190460678365,0.01635238092135673,0.0012951321062615294,0.03598794390155583,0.010227562831395238,0.027253968202261215,0.04355401167502708,0.17861212199049273,10000,16000,18000,0.6254479320523726,68298.98796585268,545.6096097353155,1262.6279639114482,1262.6279639114482,0.7062087582483503,2.5359636227430227,0,0,1030.070875688249,1030.0351657078024,70962.71067394031,12.5,0.941875,2108.9641699751937,2108.8327859959522,373594.09424661216,3.125,0.9728125,2635.232189180047,2634.7010822341276,733107.4330720997,0.78125,0.9879296875
123,0.00012299999999999998,20000,5,31.41592653589793,31.42220972120511,0.007241539787643553,0.005103536061477958,0.08066124657826637,0.016132249315653276,0.0012853834540064095,0.03585224475547395,0.010157523921977081,0.026887082192755457,0.04410466647290238,0.17658216639425128,10000,16000,18000,0.62964089651907,70574.17757687114,544.0231095229512,1285.279011735,1285.279011735,0.7119076184763048,2.647048490167853,0,0,1038.6128768553372,1038.551775390257,72402.42173369644,12.5,0.944375,2154.985463838989,2154.8731259483393,388098.60467825213,3.125,0.9753125,2694.5923184869716,2694.1043241547018,756537.6431452548,0.78125,0.9884765625
124,0.000124,20000,5,31.41592653589793,31.42220972120511,0.00709200630012077,0.005151923029667716,0.07882155332855845,0.01576431066571169,0.0012739152943462822,0.03569194999360895,0.010031444379639716,0.02627385110951948,0.04465240896224981,0.17463498474147598,10000,16000,18000,0.6363389172137226,74256.80114117824,551.279136316209,1319.6708013673444,1319.6708013673444,0.723005398920216,2.8624982415504348,0,0,1038.4136020301419,1038.3515837615867,70960.6238212607,12.5,0.944375,2186.3812430443722,2186.109563627262,394329.5160443949,3.125,0.97578125,2785.733238581403,2785.0160571928695,806286.7485935497,0.78125,0.9886328125
125,0.000125,20000,5,31.41592653589793,31.42220972120511,0.007021270310525397,0.005056923539986973,0.07720644686239506,0.015441289372479012,0.0012611333361369941,0.035512439174703196,0.009952749520751914,0.02573548228746502,0.045322431265694546,0.17231620389648547,10000,16000,18000,0.6445543037675783,77885.95733208256,558.6966585706041,1353.9587205115422,1353.9587205115422,0.732003599280144,3.026488864673718,0,0,1048.0174342608573,1047.9537437498998,72237.10425041699,12.5,0.943125,2255.3131247238316,2255.1617571261945,415198.1258475991,3.125,0.97515625,2877.508270194886,2877.043679587938,840861.9650597727,0.78125,0.9889453125
126,0.000126,20000,5,31.41592653589793,31.42220972120511,0.0068856510366243386,0.005130743530236925,0.07584206121415796,0.01516841224283159,0.0012464014042303298,0.03530441054925475,0.00982321712455354,0.025280687071385984,0.04584849391650869,0.16967881670890234,10000,16000,18000,0.6476101102273163,81417.56407468431,557.6742505613721,1389.3262430080033,1389.3262430080033,0.7406018796240752,3.2508083080218517,0,0,1047.613306332338,1047.5567397684135,70586.5442988097,12.5,0.945,2305.376134876185,2305.283799911571,423112.83012083033,3.125,0.9759375,3024.7421476712643,3024.3595078919802,914300.8602483767,0.78125,0.989140625
127,0.000127,20000,5,31.41592653589793,31.42220972120511,0.006905011144244139,0.0051019614030312415,0.07464202711771133,0.014928405423542266,0.0012277732092935932,0.03503959487913057,0.009745308804990162,0.024880675705903774,0.0463366040637291,0.16641702926535948,10000,16000,18000,0.6528030642590734,84759.69758074712,552.3727571261858,1422.7060258459019,1422.7060258459019,0.7473505298940212,3.420072499747337,0,0,1056.2634994608493,1056.2069187500877,71669.71016703827,12.5,0.9475,2380.647598425858,2380.4846882493694,443670.9271661397,3.125,0.97765625,3126.270595172447,3125.717912341329,953003.2516319981,0.78125,0.989453125
128,0.000128,20000,5,31.41592653589793,31.42220972120511,0.006931483961504245,0.005452937515401619,0.0740488001568609,0.014809760031372179,0.0012132941678201657,0.03483237241159674,0.009683649368309316,0.0246829333856203,0.04670782077995512,0.1637085359591646,10000,16000,18000,0.6538694312261648,86883.0603197621,560.2490110182899,1447.3564804858888,1447.3564804858888,0.7511497700459908,3.5556066140161886,0,0,1045.1983186179975,1045.1594967985905,67874.27237394138,12.5,0.9475,2377.3936494019104,2377.2920784327825,436077.6633752221,3.125,0.9771875,3210.3561728406976,3209.801780020889,1011196.7156887344,0.78125,0.9893359375
129,0.000129,20000,5,31.41592653589793,31.42220972120511,0.006889588746986812,0.005840476788957426,0.0710448309050828,0.014208966181016561,0.0011967353711158234,0.03459386320022416,0.009619059166813253,0.02368161030169427,0.04708427404921802,0.1607053346758265,10000,16000,18000,0.6769710789842327,93984.0712678076,578.029605265261,1506.10345636606,1506.10345636606,0.767246550689862,3.520195140050896,0,0,1035.1079789568266,1035.0648233507084,62962.94765900763,12.5,0.949375,2358.9709987911347,2358.6359569688548,417801.68228364264,3.125,0.9775,3315.790053895074,3315.028905067146,1055985.2988589017,0.78125,0.989765625
130,0.00013,20000,5,31.41592653589793,31.42220972120511,0.00707872066394346,0.006255278871047974,0.06877503728139339,0.013755007456278678,0.0011802293822757242,0.03435446670049943,0.009662881343524454,0.02292501242713113,0.04785429397035074,0.15709468807073898,10000,16000,18000,0.7024991716099498,100580.19054481335,577.4421488843924,1561.215376511613,1561.215376511613,0.7807438512297541,3.8447587354353177,0,0,1034.768698434907,1034.7386975810266,60342.417458601354,12.5,0.9525,2379.9815509307477,2379.701163109955,404812.69207150146,3.125,0.978125,3416.9987996932487,3416.5190414087647,1061173.4672328942,0.78125,0.990078125
131,0.00013099999999999999,20000,5,31.41592653589793,31.42220972120511,0.0070542997333615425,0.006641876621277162,0.0654849949543765,0.0130969989908753,0.001164021793475674,0.03411776360601137,0.00968754424716774,0.021828331651458834,0.04842136812026396,0.15324108684374768,10000,16000,18000,0.7396766430170048,110888.89156546001,594.4290702616718,1636.9109966748697,1636.9109966748697,0.7980903819236153,4.407793091164902,0,0,1033.7023159628764,1033.6608495855537,55553.00783853171,12.5,0.95125,2376.114463588485,2376.005304012905,354128.3694408448,3.125,0.97828125,3490.819716232638,3490.4895109628446,984100.273570583,0.78125,0.9901171875
132,0.00013199999999999998,20000,5,31.41592653589793,31.42220972120511,0.007335092440306105,0.006639799228768065,0.06367648739913553,0.012735297479827106,0.0011507563542697177,0.033922799917897664,0.009801673061137245,0.021225495799711846,0.0491341956194391,0.14877927665491153,10000,16000,18000,0.7696461803631391,117618.17509102417,584.3801354542823,1691.1062940481318,1691.1062940481318,0.8090881823635273,4.368507723875042,0,0,1048.5257183987005,1048.4824577762631,58828.35641524763,12.5,0.95,2493.2852973351846,2493.0686456041617,373511.33655153215,3.125,0.97875,3627.151779647363,3626.584096398977,1021883.3449846642,0.78125,0.9901171875
133,0.000133,20000,5,31.41592653589793,31.42220972120511,0.007480706149472154,0.006555414349293847,0.05746577722921711,0.011493155445843423,0.0011393378676630545,0.033754079274408516,0.009920551929791478,0.019155259076405706,0.049956748417049994,0.14449239383767545,10000,16000,18000,0.8631704301345121,143376.5076118662,604.956587505551,1849.0897419788657,1849.0897419788657,0.842881423715257,5.10847750293532,0,0,1058.9839932004663,1058.9242427828137,61285.758475905495,12.5,0.950625,2519.417887357789,2519.2410751088064,373253.9053843985,3.125,0.97859375,3624.8997116127066,3624.55189497129,996245.2370911243,0.78125,0.9900390625
