step,t,N,K,L,h_eff,xc_x,xc_y,S_u,R2,R_0.5,R_0.8,R_0.9,R_0.99,N_0.5,N_0.8,N_0.9,N_0.99,R50_over_heff,peak_PK_u,S_L2,Mcore_0.01,Mcore_0.02,Mcore_0.04
0,0.0,640000,10,0.41490349164291596,0.0414903491642916,0.00012082466108854868,-1.3034377545203137e-05,0.011906992344677193,0.10911916579903455,0.09081195830488176,0.138301163880972,0.16555001297111677,0.23454289233317754,320000,512000,576000,633600,2.1887489532876354,842.9826318505375,114.89176102139481,0.26296112258250814,1.0434505474587223,3.9544306653209396
20,1.9999999999999998e-05,640000,10,0.4149016562558876,0.04149016562558876,0.00012642301980383863,-1.2688618346650936e-05,0.011898407757401334,0.10907982287023267,0.09062581630563626,0.13830055208529587,0.16570175517566582,0.23481168691072735,320000,512000,576000,633600,2.184272223048043,851.9925253832923,115.0867209152569,0.2644337441388783,1.051942665100457,3.9823613875067614
40,3.9999999999999996e-05,640000,10,0.4144957612216149,0.04144957612216149,0.00011844506649569855,-2.011475917492616e-05,0.011888760645180258,0.10903559347836952,0.09043469227996401,0.1381652537405383,0.16575912397590561,0.23523427512574765,320000,512000,576000,633600,2.1818001712112096,857.6555022417497,115.28236529711735,0.26850799711150264,1.057833151325938,4.005579720712198
60,5.9999999999999995e-05,640000,10,0.4144686372993413,0.04144686372993413,0.00012206295438493196,-9.634232261407345e-06,0.011882897377358485,0.10900870321840585,0.0902759433949471,0.13815621243311377,0.1657911373979915,0.2356447880615628,320000,512000,576000,633600,2.178112775508927,866.5368474869649,115.4710689939046,0.2674771620220435,1.0596002971935823,4.047500347683537
80,7.999999999999999e-05,640000,10,0.41450760379218354,0.041450760379218354,0.00011062866478866606,-1.0326418622935149e-05,0.011876843733925058,0.1089809328916075,0.09004913817833463,0.13816920126406118,0.16589277804366825,0.23619433580349644,320000,512000,576000,633600,2.17243634023856,874.6761105050389,115.66752198856402,0.27282768701018856,1.0672579292867075,4.083285051503334
100,9.999999999999999e-05,640000,10,0.41449680399312366,0.041449680399312364,0.00011132472823290882,-4.484652486245333e-06,0.011867091088940563,0.10893617897163717,0.08987477209636313,0.13816560133104122,0.16598451449734383,0.23653180124850925,320000,512000,576000,633600,2.1682862504738183,884.0511430056354,115.8844226695046,0.2734167356327367,1.0918997966633026,4.1068960837904696
120,0.00011999999999999999,640000,10,0.41424474991778737,0.04142447499177874,8.856304465944933e-05,-1.0198392783147224e-05,0.011856348495348116,0.10888686098583297,0.08965814652466411,0.13808158330592912,0.1660238132888635,0.23696059951723833,320000,512000,576000,633600,2.1643761699444113,892.072114235675,116.10771929055828,0.2774419012201486,1.098477506281756,4.141109991283471
140,0.00014,640000,10,0.4140159359837798,0.04140159359837798,8.17380841778924e-05,-1.7936126762203215e-05,0.01184810373632234,0.10884899510938234,0.08944620822862107,0.13800531199459326,0.16614223341121442,0.23754712179842177,320000,512000,576000,633600,2.16045326893227,896.9414522993385,116.30985369452537,0.2803871443328891,1.1073132356199773,4.163199314629024
160,0.00015999999999999999,640000,10,0.4137789960392916,0.04137789960392916,8.104637857452966e-05,-4.467209632095418e-06,0.011837843170568088,0.10880185279014365,0.0892588141205954,0.1379263320130972,0.16623521371603164,0.2379737006850785,320000,512000,576000,633600,2.1571615518183425,906.6703124222507,116.52426285266934,0.2863758053287946,1.1209104413237958,4.186466735219674
180,0.00017999999999999998,640000,10,0.4136710484617169,0.04136710484617169,7.619754501239957e-05,-1.5309296659959144e-06,0.011831411429104014,0.1087722916422377,0.08914092608017449,0.13789034948723897,0.16628562705102848,0.2385925641043752,320000,512000,576000,633600,2.1548746621658736,914.6203203249797,116.72861257401667,0.2809271055702248,1.128568073416921,4.222545963350743
200,0.00019999999999999998,640000,10,0.413540575618208,0.0413540575618208,7.807532443390234e-05,1.3221536689348976e-05,0.011824894347396246,0.108742330062383,0.08896116220449063,0.13784685853940268,0.1664059861587871,0.2389105043114054,320000,512000,576000,633600,2.151207582750526,921.717601940674,116.93437265101504,0.2872593782626167,1.1329859380860314,4.25518907451695
220,0.00021999999999999998,640000,10,0.41338690683243046,0.04133869068324304,7.149121958997779e-05,9.147304306682789e-06,0.011814392411131833,0.10869403116607569,0.08870964811621057,0.13779563561081015,0.16651017603220142,0.23949540345327885,320000,512000,576000,633600,2.1459230239280345,927.28944370081,117.17751187945073,0.2958496706747763,1.1378455892220531,4.274529504290612
240,0.00023999999999999998,640000,10,0.4130447365435288,0.04130447365435288,7.205860951553287e-05,5.484821911078178e-06,0.011804237766475708,0.10864730906228515,0.08854525141280711,0.13768157884784293,0.16649303598545204,0.2397194322226156,320000,512000,576000,633600,2.1437206089049328,936.1478308431409,117.39765973269377,0.2964387192973244,1.1492338625913163,4.308399800087127
260,0.00026,640000,10,0.4128740338213156,0.04128740338213156,6.7264202541614e-05,9.403036860153938e-06,0.011795835487668237,0.10860863449868172,0.08832862650950211,0.13762467794043853,0.16664419667115235,0.23984782321499698,320000,512000,576000,633600,2.139360174627236,944.212763467876,117.61518732156271,0.2977640786980576,1.1596894756415446,4.339766639237813
280,0.00028,640000,10,0.41286739879566653,0.04128673987956665,6.372435451059796e-05,3.9434219435782295e-06,0.011786714407725532,0.1085666357944536,0.08817133797080975,0.13762246626522218,0.1666821437440782,0.2404064974836608,320000,512000,576000,633600,2.135584893067493,952.193098016297,117.83885330172865,0.30061114704037334,1.1682306806684921,4.385810606566988
300,0.0003,640000,10,0.41280902373735784,0.04128090237373579,6.576749670871734e-05,1.2297502694377655e-05,0.01177840137861468,0.10852834366475277,0.08793897904623015,0.1376030079124526,0.16673952935710115,0.24111309125765495,320000,512000,576000,633600,2.1302581578783437,961.8897503872846,118.0711602552152,0.30409635139044955,1.179177167570844,4.410010687476672
320,0.00031999999999999997,640000,10,0.41265221063564916,0.041265221063564915,6.741859171978336e-05,2.0597224227375592e-05,0.011774079349207465,0.10850842985320294,0.0877918355239426,0.1375507368785497,0.1668940317495815,0.24168013310728165,320000,512000,576000,633600,2.1275018832131813,969.4833520011925,118.29293858935804,0.30512718647990866,1.1937561209789092,4.430136515413732
340,0.00033999999999999997,640000,10,0.41248896800588153,0.04124889680058815,7.102763546263715e-05,2.439196281226391e-05,0.011765935707436856,0.10847089797469575,0.08756011090454782,0.13749632266862719,0.16693162639506323,0.24185317955085994,320000,512000,576000,633600,2.122726125933611,977.6722588696985,118.50469942987168,0.30296734153056565,1.1970449757881358,4.465724869692679
360,0.00035999999999999997,640000,10,0.4123906319856081,0.04123906319856081,5.6468426944326933e-05,1.4847319599144e-05,0.011759131832254523,0.10843953076371422,0.08739375759290086,0.1374635439952027,0.16697559917089205,0.24242449262258925,320000,512000,576000,633600,2.11919842049057,987.8246699103804,118.72054089332333,0.3076797305109504,1.211231230114502,4.5061237877224345
380,0.00037999999999999997,640000,10,0.4120215087815645,0.04120215087815645,7.827679710476663e-05,1.3966495974084378e-05,0.011749458389955357,0.10839491865376051,0.08721579660846097,0.13734050292718816,0.16705041239535107,0.242817571725697,320000,512000,576000,633600,2.1167777591606005,998.9967533875731,118.95471542689778,0.3024273802932299,1.2174162406512572,4.538177850266093
400,0.00039999999999999996,640000,10,0.4119346363251175,0.04119346363251175,7.955843569865084e-05,1.8056970183984251e-06,0.011741322392664042,0.10835738273262252,0.0870545224670059,0.13731154544170585,0.16702839457780824,0.2430001382244503,320000,512000,576000,633600,2.1133091221370015,1004.4867351147485,119.1654262769353,0.31307934288430783,1.2255156592112932,4.56453777612512
420,0.00041999999999999996,640000,10,0.41182040927358476,0.04118204092735848,7.551342336017117e-05,1.5081870141923694e-06,0.011733869506087053,0.10832298696992736,0.08686220660133015,0.1372734697578616,0.16716657418758468,0.24338396251164585,320000,512000,576000,633600,2.109225396442772,1013.1098774394336,119.38985487345455,0.3161227607674729,1.2417635837165781,4.593204809089127
440,0.00043999999999999996,640000,10,0.4116462690004353,0.041164626900043536,7.311956106152192e-05,-8.669422763468928e-06,0.011725179162907865,0.10828286643281967,0.08663461220950519,0.1372154230001451,0.167221497913442,0.24370866749838416,320000,512000,576000,633600,2.1045887873555236,1019.837619741567,119.6181952674235,0.31764446970905547,1.248832167187155,4.62221545374962
460,0.00045999999999999996,640000,10,0.4116518538066529,0.04116518538066529,6.958411032977639e-05,-1.4378037587940236e-05,0.011717386466228205,0.10824687739712498,0.08648693058080115,0.13721728460221763,0.167235101992776,0.244483735138306,320000,512000,576000,633600,2.1009726977064176,1031.0556716092135,119.8538524501507,0.32608749996557806,1.2640492566029806,4.654760390145402
480,0.00047999999999999996,640000,10,0.41162157177236885,0.04116215717723688,7.782548228203417e-05,-1.1149817843042576e-05,0.01171075370295114,0.10821623585650696,0.0863375881502994,0.13720719059078962,0.16735786050089974,0.24479743248829297,320000,512000,576000,633600,2.097499112559752,1039.8936611291797,120.0734706752209,0.33011266555298996,1.263951081832556,4.689759695801801
500,0.0005,640000,10,0.41137060148981275,0.041137060148981275,7.755551136869362e-05,-1.4539004583841137e-05,0.011701855722924254,0.10817511600605868,0.086105259744276,0.13712353382993758,0.16741191757843796,0.24520568182263508,320000,512000,576000,633600,2.0931310947461648,1047.3620794548242,120.30931924385484,0.32800190798885936,1.279217258633594,4.724169952835652
520,0.00052,640000,10,0.4113418562076445,0.04113418562076445,7.913423211519349e-05,-2.9549795754187327e-05,0.011693967493518767,0.10813864939751544,0.08594647686631487,0.13711395206921484,0.16749593443746405,0.2456185546016333,320000,512000,576000,633600,2.089417246732345,1055.8713320868585,120.54472092446156,0.3285909566114074,1.292667202181775,4.753426034422207
540,0.00054,640000,10,0.41100027501583714,0.041100027501583716,7.212376211100244e-05,-3.374247715615871e-05,0.011685884549716734,0.10810126988022266,0.08573646056615021,0.1370000916719457,0.1675836857231519,0.24620069306412773,320000,512000,576000,633600,2.086043873397567,1064.5166937893644,120.78039464091897,0.3295236169304419,1.301012057667873,4.774337260522664
560,0.00056,640000,10,0.41070297711614734,0.04107029771161473,7.655071772629368e-05,-4.685095542445402e-05,0.011680997955814428,0.10807866559045974,0.08558421556488655,0.1369009923720491,0.16766861160016647,0.24653834500173627,320000,512000,576000,633600,2.0838469729593223,1074.1917652031252,121.01773935426276,0.3356104526967721,1.3124494184223485,4.814981615478481
580,0.00058,640000,10,0.41073444946647036,0.04107344494664704,7.346559560988718e-05,-5.679742012941416e-05,0.01167137368203847,0.10803413202334931,0.08542331571889024,0.13691148315549012,0.16769952957570539,0.24701989638402042,320000,512000,576000,633600,2.079769929935318,1083.4154439426923,121.26432127357066,0.33963561828418404,1.3241813034880978,4.842863250279091
600,0.0006,640000,10,0.41039961593805385,0.04103996159380539,7.829775982000924e-05,-5.4938666737623846e-05,0.011663885566893186,0.10799947021579868,0.08526371160278615,0.13679987197935128,0.16780664683052118,0.24753754656506197,320000,512000,576000,633600,2.07757776302734,1091.61142488976,121.49725957805622,0.3344814428368883,1.328108294305085,4.878304342402401
620,0.00062,640000,10,0.41028028204182576,0.041028028204182575,7.497399857702753e-05,-5.7313819398992144e-05,0.011655978598897545,0.10796285749690746,0.08509203558218412,0.13676009401394193,0.16779316921400703,0.24791367975607528,320000,512000,576000,633600,2.0739976866231524,1100.6557992791688,121.71633783466743,0.3407646281440679,1.333704256219292,4.900197316207104
640,0.0006399999999999999,640000,10,0.41027358834811545,0.041027358834811546,7.397840269874893e-05,-5.2306917953652656e-05,0.01164784587201929,0.10792518645811686,0.08489537696197791,0.13675786278270516,0.16788735428240747,0.24813242019908902,320000,512000,576000,633600,2.0692381711382435,1109.196857725133,121.95673524426562,0.34478979373147983,1.3484795591682064,4.924741008813275
660,0.00066,640000,10,0.4099565497004134,0.04099565497004134,7.16445753073907e-05,-4.29218828518272e-05,0.011636647514464204,0.10787329379630625,0.0847060400041521,0.13665218323347114,0.16790420922653748,0.24843295152594966,320000,512000,576000,633600,2.066219946139494,1116.4866797348463,122.19657123767493,0.3515147655055704,1.3602114442339557,4.953260779621645
680,0.0006799999999999999,640000,10,0.40984269106053095,0.040984269106053094,8.070484623606465e-05,-3.526061316720818e-05,0.011627410632542414,0.10783047172549332,0.08452924219451005,0.1366142303535103,0.16796488994377307,0.24867172174234767,320000,512000,576000,633600,2.0624801671045456,1127.7089983891285,122.46852939357699,0.3539200473809751,1.3737595625525618,4.996948552460628
700,0.0007,640000,10,0.40958307796393795,0.0409583077963938,9.923520474940487e-05,-2.443305562969439e-05,0.011621416327394508,0.10780267309948538,0.0843140651717304,0.13652769265464598,0.16803125086663454,0.24917274192730213,320000,512000,576000,633600,2.0585339021050544,1134.9001527186726,122.7009870314388,0.3535273482992764,1.3822516801942966,5.033175042747335
720,0.0007199999999999999,640000,10,0.4091627237343395,0.04091627237343395,0.00010420163021895535,-2.2145095849847518e-05,0.011610831867304421,0.10775357009076043,0.08414827760420368,0.13638757457811315,0.16796548968046043,0.24942742299781911,320000,512000,576000,633600,2.056596867774283,1142.1088772293165,122.94151482517015,0.35416548430703687,1.3969778957579988,5.039114616358027
740,0.00074,640000,10,0.40910593049984656,0.04091059304998466,8.569838092973062e-05,-1.8599258166133544e-05,0.011601844643695186,0.10771185934564116,0.08396972960363697,0.13636864349994884,0.16816972190563131,0.24982537938273197,320000,512000,576000,633600,2.052518023902576,1150.1558785559948,123.19458271053804,0.35917239759869557,1.4041937413842127,5.073573960777091
760,0.0007599999999999999,640000,10,0.4088161166199471,0.04088161166199471,8.68084288595118e-05,-1.994338832045229e-05,0.011595534984474102,0.10768256583344447,0.08385162556190788,0.1362720388733157,0.16821747163585446,0.250315865526825,320000,512000,576000,633600,2.051084146466269,1159.7530434569621,123.4348681326021,0.3610377182367645,1.4181345587845176,5.103271828830557
780,0.00078,640000,10,0.4085905218014988,0.04085905218014988,8.134804519868802e-05,-1.9260678683918888e-05,0.011588604706288048,0.10765038182137604,0.08367729474129179,0.1361968406004996,0.16834827847896677,0.2506054708790314,320000,512000,576000,633600,2.0479499713393703,1167.011945995831,123.66144792281398,0.3659464567579986,1.417889121858456,5.136209464308037
800,0.0007999999999999999,640000,10,0.4084365417141308,0.04084365417141308,7.650995988066047e-05,-2.851958758249277e-05,0.011580501945678159,0.10761274062897087,0.08346692975391518,0.13614551390471027,0.16831843490426565,0.251056899563469,320000,512000,576000,633600,2.043571552232332,1173.9668359004258,123.89615749741789,0.3606941065402781,1.421914287445868,5.164876497272045
820,0.00082,640000,10,0.40843059180808483,0.04084305918080848,8.082053359610155e-05,-3.550055002323549e-05,0.011574234333126241,0.10758361554217372,0.08326102350026002,0.13614353060269493,0.16833098755530812,0.25157714411612264,320000,512000,576000,633600,2.0385599210791505,1183.489323038645,124.15162946961303,0.36241216502271,1.4323699004960964,5.1972741715121895
840,0.0008399999999999999,640000,10,0.4082567959546765,0.04082567959546765,7.799301679819615e-05,-3.3106129683882086e-05,0.011567720497480881,0.10755333791882464,0.08310045704250439,0.13608559865155884,0.16847852429199045,0.2518385747917925,320000,512000,576000,633600,2.0354947637351755,1191.0687716952652,124.38967184520439,0.37276960330251385,1.4489614366978674,5.220934291184537
860,0.00086,640000,10,0.4081471066630773,0.04081471066630773,7.582735998061905e-05,-2.8856661408151175e-05,0.011561021769091542,0.10752219198422036,0.08294831135977862,0.1360490355543591,0.16850921168409205,0.2523233519210734,320000,512000,576000,633600,2.032314084937319,1201.4509746500717,124.6452189659252,0.3772856427420492,1.4652093612031523,5.250043110615455
880,0.0008799999999999999,640000,10,0.40792453062169265,0.04079245306216926,6.368659143014996e-05,-2.8684417821211147e-05,0.011550458855440461,0.10747306106853224,0.08270540058723674,0.13597484354056422,0.16856145255773683,0.2527071126511525,320000,512000,576000,633600,2.027468180479133,1210.759754343134,124.92666032418191,0.3751748851779186,1.470069012339174,5.284207930723245
900,0.0009,640000,10,0.4076483825690697,0.04076483825690697,6.082763440514323e-05,-4.112180354996225e-05,0.011540982180761817,0.10742896341658434,0.08259055986452313,0.1358827941896899,0.16854135401248033,0.2530125108837826,320000,512000,576000,633600,2.026024470991969,1219.9560115620025,125.18624632438576,0.37674568150471344,1.4842061792803278,5.319305411150068
920,0.0009199999999999999,640000,10,0.40747434795979454,0.040747434795979455,5.698998141383261e-05,-4.6987953561336184e-05,0.011534569641099378,0.10739911378172251,0.08237663489723697,0.13582478265326484,0.16852828752543966,0.2534461302881306,320000,512000,576000,633600,2.021639774618771,1225.897809990132,125.4147000203388,0.3843051388274139,1.4875932088599795,5.340707511102648
940,0.00094,640000,10,0.407121793773242,0.0407121793773242,5.369715527320316e-05,-4.0349200387246824e-05,0.011524635956162948,0.10735285723334496,0.08225038760356851,0.13570726459108065,0.16858306908829507,0.2535546839401147,320000,512000,576000,633600,2.020289477536056,1235.9588564383903,125.69002250004085,0.38833030441482586,1.4985396957623314,5.383462623622597
960,0.0009599999999999999,640000,10,0.40702659066080216,0.04070265906608021,4.398168678163656e-05,-3.754382296202897e-05,0.011517933181905858,0.10732163426777407,0.08203306232505408,0.13567553022026738,0.16864190568124013,0.25418181665475675,320000,512000,576000,633600,2.015422682628045,1246.4612971765712,125.95065540052019,0.4000621894805752,1.5125786879330607,5.410706122415446
980,0.00098,640000,10,0.40656355225457574,0.040656355225457574,5.968286007792636e-05,-3.594540636535566e-05,0.011509547018904047,0.10728255691818707,0.08189702472190197,0.13552118408485858,0.1686685419564585,0.2545995861053953,320000,512000,576000,633600,2.0143720278846082,1253.2603894862718,126.19841686798976,0.3901465376676824,1.515229406734527,5.446343564079605
1000,0.001,640000,10,0.4064808301689886,0.04064808301689886,5.5562805327636135e-05,-3.2370504929616764e-05,0.011499124352176598,0.10723397014088679,0.08169411017685177,0.13549361005632954,0.16878134065229855,0.25481965670763385,320000,512000,576000,633600,2.0097899854930086,1265.2259642836673,126.48186281601603,0.4004548885622739,1.5362878949906213,5.477808578000715
1020,0.0010199999999999999,640000,10,0.40612769432795903,0.0406127694327959,4.6254511701286196e-05,-3.587348957243964e-05,0.011490984886643997,0.10719601152395548,0.08146309773167228,0.1353758981093197,0.16883184952451716,0.25508227736594197,320000,512000,576000,633600,2.0058493638675285,1270.4525924834702,126.73162189443835,0.40325286951937733,1.5385950020956012,5.501075998591364
1040,0.00104,640000,10,0.40606231070849363,0.04060623107084936,4.8669975925834975e-05,-4.165793357500599e-05,0.011484274466965077,0.10716470718928446,0.08128188886882141,0.13535410356949787,0.1688459956026754,0.2555873026319543,320000,512000,576000,633600,2.0017097555052956,1277.5592460729763,126.99046186768707,0.39991492732493816,1.5551374509121598,5.531313827882166
1060,0.00106,640000,10,0.40567518916404033,0.04056751891640403,4.842681611188276e-05,-5.305137021183846e-05,0.011475980333785548,0.1071260021366687,0.08107437500084608,0.1352250630546801,0.1689197899102287,0.25595301012925054,320000,512000,576000,633600,1.9985046452535835,1287.6078611649673,127.24979673812949,0.4044309667644735,1.5574936454023522,5.565135036293468
1080,0.00108,640000,10,0.40582096124142636,0.04058209612414264,4.6566935826736756e-05,-6.362539695398184e-05,0.011467566193757207,0.10708672277064607,0.08091137348702841,0.13527365374714212,0.16898827808455658,0.2564642137803439,320000,512000,576000,633600,1.9937701896796194,1293.4176000810896,127.50509265663149,0.407523472032851,1.571876249269568,5.592918496323654
1100,0.0010999999999999998,640000,10,0.4053246166772476,0.04053246166772476,4.592407433804867e-05,-6.1014129747401796e-05,0.011460281223359872,0.10705270301753185,0.08074553767585932,0.13510820555908254,0.16899326601246695,0.2568233368797107,320000,512000,576000,633600,1.9921202501291815,1299.2006473052802,127.75319028878698,0.40482366584617224,1.5691764430828892,5.613387935957199
1120,0.00112,640000,10,0.4054008846604211,0.04054008846604211,4.54650611904055e-05,-5.321726848504434e-05,0.01145411908001871,0.10702391826138076,0.08062371540214933,0.13513362822014038,0.16903971165065254,0.2570589795340507,320000,512000,576000,633600,1.9887404900382188,1308.993727566925,127.99414719122188,0.41238312316887266,1.5761468517830417,5.642496755388118
1140,0.00114,640000,10,0.40522719263358464,0.040522719263358466,4.74494707381764e-05,-3.845218619683035e-05,0.011445511260563992,0.10698369623715565,0.08040268144038942,0.13507573087786154,0.16908427535785434,0.2574802770998721,320000,512000,576000,633600,1.9841383525584695,1318.3191176419696,128.26569349115866,0.4111068511533518,1.5910203295023808,5.673618157612742
1160,0.00116,640000,10,0.4047790420493982,0.04047790420493982,5.0068231253490684e-05,-1.9223454279085424e-05,0.011435944690233062,0.10693897647833114,0.08024557958397396,0.13492634734979939,0.16907299000648343,0.2580287159669618,320000,512000,576000,633600,1.982453913070455,1329.1382440041052,128.54024444592656,0.41724277430489437,1.6088881377196729,5.708617463269141
1180,0.0011799999999999998,640000,10,0.4044398137909945,0.04044398137909945,5.352659625303729e-05,-1.5903308910908372e-05,0.011427615771747803,0.10690002699601064,0.08007965017859374,0.13481327126366482,0.16920011102999316,0.25831579471629623,320000,512000,576000,633600,1.980014020577537,1338.407420519055,128.8107988218986,0.4185681337056276,1.6191964886142642,5.738266243937394
1200,0.0012,640000,10,0.40454815875676786,0.040454815875676786,5.172740598516236e-05,-6.596427828645961e-06,0.01141773534216889,0.10685380359242665,0.07990499316576388,0.13484938625225595,0.16910378286052824,0.2586802671141397,320000,512000,576000,633600,1.9751664032119913,1346.400971855471,129.0856016543349,0.4217097263592174,1.6346590149561515,5.767816849835223
1220,0.00122,640000,10,0.40428549559041194,0.040428549559041196,6.764798565351009e-05,-4.873913663078056e-06,0.011408271930380671,0.10680951235906225,0.07969282550126955,0.13476183186347065,0.16908044001328193,0.2592702540586717,320000,512000,576000,633600,1.9712016970801152,1355.8221188331365,129.36486137334794,0.4295637079931919,1.646538162177538,5.7863227940602755
1240,0.00124,640000,10,0.40389418838145585,0.040389418838145584,6.481772532600958e-05,-1.4398326588501961e-05,0.011398426726927886,0.10676341473991868,0.07950597399519894,0.13463139612715194,0.16910624685677356,0.2592998427759772,320000,512000,576000,633600,1.9684852192057274,1363.4470105806633,129.64006832562654,0.42784564951076,1.652330473632594,5.81872046830042
1260,0.0012599999999999998,640000,10,0.40384499893784753,0.04038449989378475,8.561952263695659e-05,-4.2479562720547704e-06,0.011390136695648034,0.10672458337069315,0.07936017211037721,0.13461499964594917,0.1691875178422069,0.25987717169635277,320000,512000,576000,633600,1.9651146434672302,1373.9369839605135,129.905534884294,0.4286310476741574,1.664553232550467,5.850970880384928
1280,0.0012799999999999999,640000,10,0.40328136710365503,0.0403281367103655,8.224073618554381e-05,-1.5013275810179442e-05,0.011380119773445158,0.10667764420648385,0.07919276234384079,0.134427122367885,0.16922610447148595,0.26009752477423037,320000,512000,576000,633600,1.9637099257175934,1383.3712296939693,130.19961584857663,0.43329434926932975,1.6794267102698062,5.883859428477196
1300,0.0013,640000,10,0.4027332385739598,0.04027332385739598,6.820437767560601e-05,-2.5712820151619226e-05,0.011368080634147858,0.10662120161650711,0.07901029962994251,0.1342444128579866,0.16922250097059796,0.2603261486016551,320000,512000,576000,633600,1.9618519670665993,1390.7278820214513,130.47332914678094,0.43069271785307567,1.690962245794706,5.903543469947345
1320,0.00132,640000,10,0.4026393290326896,0.04026393290326896,5.44737103626995e-05,-2.261317122872617e-05,0.011360733034720235,0.10658673948817571,0.07881339163194385,0.1342131096775632,0.1692090713716182,0.26077129441780256,320000,512000,576000,633600,1.9574191080957501,1401.0007617696954,130.74051062994857,0.4407065444363932,1.7001906742146262,5.939475435922778
1340,0.00134,640000,10,0.40243057259253634,0.04024305725925363,5.631466643615574e-05,-3.644464387563237e-05,0.011350409020386079,0.10653829837380584,0.07865881697390151,0.1341435241975121,0.16923697169192298,0.26101239618882566,320000,512000,576000,633600,1.9545934710468456,1412.3996959263434,131.06410136859452,0.43766312655322803,1.7136406177628074,5.987433811275235
1360,0.0013599999999999999,640000,10,0.40207174730919537,0.04020717473091954,6.16681811931657e-05,-3.656421138263337e-05,0.011340647221470396,0.1064924749523195,0.0785480395552087,0.1340239157697318,0.16924564133368245,0.26128559912712357,320000,512000,576000,633600,1.9535826648074535,1426.0823750681334,131.35888085927317,0.44478079740901744,1.7300848918089415,6.020371446752715
1380,0.00138,640000,10,0.40185270618021246,0.04018527061802125,6.131984539848585e-05,-3.5698604350161545e-05,0.011332879415333712,0.10645599755454697,0.07837688868231973,0.13395090206007082,0.1692195805764003,0.261611013658892,320000,512000,576000,633600,1.950388475103893,1434.496877130767,131.61246423993103,0.4524384295021425,1.7345518438632646,6.04584779967792
1400,0.0014,640000,10,0.40168992640767426,0.040168992640767426,6.668068789313822e-05,-4.128345951257083e-05,0.011324598035985862,0.106417094660519,0.0781829904023347,0.13389664213589142,0.1692665139199844,0.26187715592704897,320000,512000,576000,633600,1.946351781871347,1444.3097913601414,131.89582987363846,0.45764169233465063,1.7482963117227197,6.082516076431538
1420,0.00142,640000,10,0.4013745509851303,0.040137455098513034,6.262457282760787e-05,-3.803059349449643e-05,0.011315036134423332,0.10637215864324336,0.07808920908552114,0.13379151699504344,0.16930398656440082,0.2622531404505337,320000,512000,576000,633600,1.9455446015164548,1459.8517258103407,132.21538750379736,0.45749443017901364,1.7656241587026762,6.119527964881643
1440,0.0014399999999999999,640000,10,0.400977289559143,0.040097728955914305,6.28667842686274e-05,-4.2883794312305636e-05,0.011305430684446796,0.1063269988499948,0.07789612900756855,0.13365909651971433,0.16930257839946058,0.26277007895599497,320000,512000,576000,633600,1.9426568794759407,1471.733464314404,132.5429611474551,0.46711555768063234,1.778730490554371,6.161203154926921
1460,0.00146,640000,10,0.40080896485332906,0.040080896485332904,5.561952696701205e-05,-4.0644892622789485e-05,0.011299222353441253,0.10629780032268425,0.07778132537004419,0.13360298828444303,0.16930268143064403,0.26319128931032043,320000,512000,576000,633600,1.9406084242279182,1480.7684799198128,132.80803270547526,0.4701589755637975,1.7925731331842512,6.188152129408495
1480,0.00148,640000,10,0.4006769032412381,0.040067690324123814,6.64870810645479e-05,-4.422787300665187e-05,0.01129040477051094,0.10625631637936138,0.0775686901235086,0.13355896774707937,0.1692062944200694,0.2633206776887044,320000,512000,576000,633600,1.935941141004734,1489.7307313862007,133.0768298508528,0.4705025872602839,1.800770726514712,6.204890927765903
1500,0.0015,640000,10,0.40052083492675505,0.04005208349267551,6.179522171769871e-05,-3.3085813227150055e-05,0.011280145267212055,0.10620802826157755,0.07747576605458624,0.13350694497558502,0.16923647425415353,0.2636800347824268,320000,512000,576000,633600,1.934375425656809,1498.5219095243488,133.36204683697403,0.47025715033422216,1.8104900287867554,6.2517693806436885
1520,0.0015199999999999999,640000,10,0.40029088575210314,0.040029088575210314,6.715255395141814e-05,-3.4083531155522904e-05,0.011273430804999622,0.10617641360019475,0.0773024402818569,0.13343029525070105,0.16928014180297962,0.2640384796249057,320000,512000,576000,633600,1.9311566421657091,1507.8170983646048,133.59103305023464,0.4740859663807847,1.8259525551286426,6.28136907392673
1540,0.00154,640000,10,0.40007600125980014,0.040007600125980015,6.1021459037113216e-05,-3.585547395360952e-05,0.011265881075023262,0.10614085488172433,0.0771925204372258,0.13335866708660005,0.1693317976592867,0.2639579841504063,320000,512000,576000,633600,1.9294464100359459,1518.1954587393955,133.8597321043377,0.4701589755637975,1.83365927460698,6.307483562859695
1560,0.00156,640000,10,0.39970225560973516,0.039970225560973516,5.2829076626496786e-05,-2.6292971350271544e-05,0.011257866830943259,0.10610309529388508,0.0769869549403557,0.13323408520324506,0.16926059595126702,0.26433472072456315,320000,512000,576000,633600,1.9261075928359261,1524.9132366687472,134.11837434009283,0.4760494617892783,1.8468146938438874,6.328885662812276
1580,0.00158,640000,10,0.39942723542676734,0.039942723542676736,3.6760310446426135e-05,-1.7384766851723033e-05,0.011251618015375045,0.10607364430137697,0.07680616923982553,0.13314241180892245,0.16931704246075724,0.2646055713067411,320000,512000,576000,633600,1.9229076644651462,1536.0285680873174,134.4056095977239,0.4859160262169588,1.8658115119210632,6.358534443480529
1600,0.0015999999999999999,640000,10,0.3991708151962211,0.03991708151962211,2.8056096664683518e-05,-2.768399841815884e-05,0.011241532768317911,0.10602609475180114,0.07661374075852526,0.13305693839874036,0.16931429933291897,0.2650632467386445,320000,512000,576000,633600,1.9193222009696302,1545.2386328333089,134.70544707419776,0.48601420098738346,1.8749908529557708,6.394711846382024
1620,0.00162,640000,10,0.398982333307361,0.039898233330736096,2.4050425512930082e-05,-2.3113206997073955e-05,0.011231953421482577,0.10598091064659983,0.07644990759272981,0.13299411110245365,0.16933603566449218,0.26552641349857514,320000,512000,576000,633600,1.9161226252550805,1556.2320488279565,135.011543299982,0.48866491978884985,1.8790160185431828,6.425931423377072
1640,0.00164,640000,10,0.39870031586359533,0.03987003158635953,1.9575734414113272e-05,-1.1097739000448835e-05,0.01122542948601037,0.10595012735249718,0.07632993244379842,0.1329001052878651,0.16953311259296627,0.26604380078922846,320000,512000,576000,633600,1.9144688229921711,1564.1046769717104,135.28539685345933,0.4913156385903162,1.8905024666828705,6.45356762125162
1660,0.00166,640000,10,0.3984270850432118,0.03984270850432118,2.4486943313795714e-05,-7.682604738590413e-06,0.011219065400653623,0.10592008969337981,0.07614702427753589,0.13280902834773725,0.1695342466447974,0.2663857295171657,320000,512000,576000,633600,1.9111909590503189,1574.1528501227392,135.58286117225504,0.5023603002630929,1.8977183123090844,6.487290654892498
1680,0.0016799999999999999,640000,10,0.3981284966421842,0.03981284966421842,2.7933454027870132e-05,-1.0452619100861704e-06,0.01121226557142374,0.10588798596358201,0.07600105765783947,0.13270949888072806,0.16951037948098355,0.2667665914244867,320000,512000,576000,633600,1.9089579946884587,1581.79024283735,135.8388440864458,0.5005440670102362,1.9171078294679589,6.50746557021477
1700,0.0017,640000,10,0.39767958334873454,0.039767958334873454,2.726493205030114e-05,-9.876348345175774e-06,0.011206143773008279,0.10585907506212341,0.07584004944588124,0.13255986111624485,0.16945492271498575,0.26728814800371936,320000,512000,576000,633600,1.907064194929397,1591.7827043857692,136.11417438882407,0.5005440670102362,1.919709460884213,6.535887166252715
1720,0.00172,640000,10,0.39745118268577573,0.03974511826857757,2.508979112316564e-05,-1.2046090709604246e-05,0.011195047006466596,0.10580664915999653,0.07565252057251065,0.13248372756192525,0.1694650993632272,0.26753053885054223,320000,512000,576000,633600,1.9034418280325363,1601.8391836896235,136.42053062760826,0.49833513467568097,1.9365464340120457,6.5712300836056
1740,0.00174,640000,10,0.39730261212900475,0.03973026121290048,2.9037999556610164e-05,-5.680049138936635e-06,0.01118570839683088,0.10576250941061714,0.07552768196671081,0.13243420404300157,0.16945350943348975,0.2674543052347915,320000,512000,576000,633600,1.9010114623204857,1610.6721146579098,136.70792855708552,0.5029984362708533,1.9478856199960963,6.605934864950725
1760,0.0017599999999999998,640000,10,0.39698585501828554,0.03969858550182855,2.110365653046681e-05,-1.172638235138015e-05,0.0111777146653636,0.10572471170622126,0.07534885905474945,0.13232861833942852,0.16943851181196729,0.2679650982930867,320000,512000,576000,633600,1.8980237734485228,1618.0578734636185,136.9683782711559,0.5109015052900401,1.9450385516537807,6.6180594490981735
1780,0.00178,640000,10,0.39688492296927114,0.039688492296927114,2.368393804739502e-05,-6.470926875871367e-06,0.011167312421085502,0.10567550530319456,0.07519252136043929,0.13229497432309037,0.16941955022894242,0.26814494812338424,320000,512000,576000,633600,1.8945673420368523,1624.8753198085108,137.27530365013524,0.5149757582626643,1.9565740871786808,6.651291608886927
1800,0.0018,640000,10,0.39653935137384755,0.03965393513738476,2.1159956936578635e-05,-1.7714270019812865e-06,0.011158720622240239,0.10563484568190669,0.07499967546834507,0.1321797837912825,0.16947854218638586,0.26879946383709014,320000,512000,576000,633600,1.8913551759365546,1633.8731260147963,137.57959360444394,0.5138467484027806,1.9687477587113411,6.690708779212438
1820,0.00182,640000,10,0.39624534832918495,0.039624534832918494,2.578925092873883e-05,-1.4406806372972583e-05,0.011151416466764631,0.1056002673612365,0.07484318459888256,0.13208178277639498,0.16948478486253354,0.2689133258158584,320000,512000,576000,633600,1.8888091662013862,1642.4420338911632,137.85813924254361,0.5179210013754048,1.9769944394270142,6.7100492089861
1840,0.0018399999999999998,640000,10,0.3957032419235669,0.03957032419235669,3.2214008003359355e-05,-1.2340348361420462e-05,0.011139846141783913,0.10554546954646567,0.07470723972169395,0.13190108064118897,0.16943480653018242,0.26924229056954946,320000,512000,576000,633600,1.8879612751852113,1651.8274697987144,138.1482422384969,0.5244005362234337,1.9931441891618742,6.732973017880263
1860,0.0018599999999999999,640000,10,0.3954549995240535,0.03954549995240535,2.2620860277115024e-05,-2.5382503519805805e-05,0.01113390117797416,0.10551730274212927,0.07460038652847814,0.1318183331746845,0.16953860189226588,0.26961347454509027,320000,512000,576000,633600,1.8864443898360828,1663.8819475323073,138.4527159958652,0.5199826715543231,2.011944657698201,6.77047578018249
1880,0.00188,640000,10,0.3952488602771598,0.03952488602771598,2.415068531057075e-05,-1.3245194313580955e-05,0.011124445503395156,0.10547248694989209,0.07438114922163686,0.13174962009238658,0.16939813345013952,0.2696617273276332,320000,512000,576000,633600,1.8818814346353503,1670.1041546000783,138.70921222836336,0.5297510612115789,2.018178755620168,6.794675861092174
1900,0.0019,640000,10,0.3950532275423565,0.03950532275423565,2.7188990581813402e-05,-1.4821997202736287e-05,0.011116760394513321,0.10543604883773539,0.07423254341453438,0.1316844091807855,0.16941590473750898,0.2700939697465506,320000,512000,576000,633600,1.8790516882076447,1682.2324815168445,139.0260207370052,0.5337271394137784,2.0267690480323277,6.823244719285756
1920,0.0019199999999999998,640000,10,0.3949495666688342,0.03949495666688342,2.8138063811568684e-05,-1.53402369239902e-05,0.011110204395870803,0.10540495432317593,0.0740814883911663,0.13164985555627806,0.1694368848557653,0.2704465369714657,320000,512000,576000,633600,1.8757202094434435,1692.713935801605,139.33069828236555,0.5373105185342794,2.041397088825605,6.86379089947115
1940,0.0019399999999999999,640000,10,0.3946517681285809,0.03946517681285809,2.0075188817799195e-05,-9.744656054413916e-06,0.011102296443998799,0.10536743540581596,0.07388758339095738,0.13155058937619363,0.16952485381667093,0.2703860427049814,320000,512000,576000,633600,1.87222228197098,1703.1466567649124,139.65886874049775,0.542611956137212,2.053472585587841,6.9013918365438025
1960,0.00196,640000,10,0.39429223579735323,0.03942922357973532,1.31121534057063e-05,2.0411115116127396e-06,0.011094719704291902,0.10533147537318512,0.07378876678824525,0.1314307452657844,0.16947353616740357,0.27119051244292486,320000,512000,576000,633600,1.871423276672611,1711.898186937471,139.94775425646668,0.5399612373357457,2.063290062630309,6.919406906916731
1980,0.00198,640000,10,0.39402506568814355,0.039402506568814354,1.7101466841452534e-05,1.1403591139883995e-05,0.011089568252277976,0.10530701900765198,0.0736440197969743,0.13134168856271453,0.16961960336069298,0.27139627882548284,320000,512000,576000,633600,1.8690186541396545,1722.4010191765956,140.21058087978088,0.5500241513042755,2.083464977952581,6.961769320354981
2000,0.002,640000,10,0.3935666875665977,0.03935666875665977,1.681391203485116e-05,1.0283241184726016e-05,0.011078077937851068,0.10525244860738903,0.07346564993536223,0.13118889585553256,0.16953940824049885,0.27160872568973293,320000,512000,576000,633600,1.8666633192355917,1730.956643645753,140.51313462344615,0.5482570054366313,2.093822416232385,6.981011575358219
2020,0.00202,640000,10,0.39330319911294764,0.039330319911294764,1.7269444997763275e-05,1.4644551240808729e-05,0.011065884238807784,0.10519450669501608,0.07324769419406522,0.13110106637098254,0.16952494218738448,0.27161986421389284,320000,512000,576000,633600,1.8623721942579514,1740.5170806300541,140.8595219641599,0.5517912971719198,2.10840136964045,7.006242491357362
2040,0.0020399999999999997,640000,10,0.39305772530878047,0.039305772530878046,1.5187828540133697e-05,1.4234557247059407e-05,0.011060303015831987,0.10516797523881491,0.0731338854540754,0.13101924176959348,0.16958856654805618,0.2720076777824233,320000,512000,576000,633600,1.8606398181494201,1750.8088257650734,141.14309288384152,0.5571418221600649,2.1190042448463156,7.037609330508047
2060,0.0020599999999999998,640000,10,0.3925190395857649,0.03925190395857649,1.568913693965615e-05,2.2059893889210566e-05,0.01105148666452067,0.10512605131232063,0.07297138560478403,0.13083967986192163,0.1695732623474642,0.2724956048940317,320000,512000,576000,633600,1.8590534023978187,1756.6858406492722,141.3967287948052,0.5611669877474768,2.1285762849627217,7.06637453824248
2080,0.00208,640000,10,0.3923828546742731,0.03923828546742731,2.1148902570081026e-05,6.973225145319898e-06,0.011046834219338256,0.10510392104644933,0.07286038598014616,0.13079428489142436,0.1696369722434678,0.27270784957508554,320000,512000,576000,633600,1.8568697666626999,1764.488118634167,141.65279611674842,0.5568963852340032,2.1260728283168926,7.085616793245716
2100,0.0021,640000,10,0.3921786260570863,0.03921786260570863,2.3032298607068494e-05,4.1971027426020295e-06,0.01103841526665646,0.10506386280094816,0.07275272361507804,0.13072620868569543,0.1695278250156557,0.2733839411773599,320000,512000,576000,633600,1.8550915011999662,1776.3339501195906,141.96258872807567,0.5608233760509904,2.144627859927157,7.128077381454391
2120,0.00212,640000,10,0.39178501455142956,0.039178501455142956,1.98804748570655e-05,-1.174878035292426e-07,0.011027466752860638,0.10501174578522461,0.0725306600944165,0.1305950048504765,0.16943165840533955,0.2737915116737545,320000,512000,576000,633600,1.851287246845308,1785.3569060991372,142.31855959018705,0.5561109870706057,2.142271665436965,7.167592726550325
2140,0.00214,640000,10,0.3915090794797502,0.039150907947975024,3.448346342045787e-05,1.3891491431780326e-06,0.011019016136285231,0.10497150154344383,0.07237103781972476,0.13050302649325007,0.16947154923149202,0.2739682371945512,320000,512000,576000,633600,1.8485149288464449,1794.3708486838516,142.62064968015275,0.5661248136539232,2.1504692587674255,7.1982232549228256
2160,0.00216,640000,10,0.39107953498790693,0.03910795349879069,3.238802448454599e-05,1.9476605035466374e-06,0.011012112686229775,0.10493861389512335,0.07220679091894902,0.13035984499596898,0.16934855623026654,0.2744327576166459,320000,512000,576000,633600,1.8463454223239226,1800.95543831776,142.8875901788517,0.5644067551714912,2.1673062318952585,7.206126323942012
2180,0.00218,640000,10,0.390737754278861,0.0390737754278861,2.0563185213409035e-05,6.414823997176622e-06,0.0110046992488112,0.10490328521457848,0.0720514208059227,0.13024591809295366,0.16939911058083815,0.27455313559630884,320000,512000,576000,633600,1.8439841048608057,1807.8265639476433,143.14794076697493,0.5670083865877453,2.1707914362453344,7.233222560579224
2200,0.0021999999999999997,640000,10,0.3902852449332881,0.03902852449332881,1.922313354893669e-05,1.0457657151105693e-05,0.010998993503157006,0.10487608642181975,0.07192546090680976,0.13009508164442937,0.1694026443983929,0.27469408145447327,320000,512000,576000,633600,1.8428946992117026,1817.030558394077,143.4158723485097,0.5742733195991717,2.180658000673015,7.264000351107362
2220,0.0022199999999999998,640000,10,0.3901113297353287,0.03901113297353287,1.605707760224349e-05,1.8296148262971052e-05,0.010991531861303784,0.10484050677721748,0.0717764212362535,0.13003710991177622,0.16941924545517692,0.27540109402446694,320000,512000,576000,633600,1.839895839091632,1829.6033492961362,143.7653557424088,0.5777585239492479,2.1889537687739007,7.307982648257619
2240,0.00224,640000,10,0.3896833308110967,0.03896833308110967,1.5839499221244274e-05,1.109028261130009e-05,0.010983669633948898,0.10480300393571215,0.07162335506423509,0.1298944436036989,0.16947026671839607,0.2758891064366722,320000,512000,576000,633600,1.8379886795556903,1842.598650107559,144.10585532140743,0.5824709129296326,2.2055943923608843,7.3299247094475355
2260,0.00226,640000,10,0.3891584462935365,0.03891584462935365,5.86623457029036e-06,5.418424626658938e-06,0.010975243813792595,0.10476279785206481,0.07147289768341952,0.1297194820978455,0.16941872716175754,0.2759935277018582,320000,512000,576000,633600,1.8366014759322111,1853.4138370798803,144.43807320556766,0.5834526606338795,2.227045579698677,7.3695382293138945
2280,0.00228,640000,10,0.38887266181180324,0.038887266181180324,1.0795326789126598e-05,9.721901027382819e-06,0.010966452019565667,0.10472082896714324,0.07132877783479125,0.12962422060393441,0.16946563650419938,0.2761629952062314,320000,512000,576000,633600,1.8342451100178172,1864.356234958464,144.763349371716,0.5845325831085509,2.2374030179784805,7.404439360199868
2300,0.0023,640000,10,0.388726864420685,0.038872686442068496,1.1178362330489758e-05,2.617637257629867e-05,0.010958005538208746,0.10468049263453409,0.07117535562628971,0.12957562147356166,0.16946482036555002,0.27671939099463894,320000,512000,576000,633600,1.8309862821639944,1874.8726795453842,145.06951757624552,0.5927792638242241,2.253454592942916,7.434971713801944
2320,0.00232,640000,10,0.388335020963094,0.038833502096309404,3.3988432069288824e-06,1.3518791538004449e-05,0.010949946993777387,0.10464199440844668,0.07094888048740554,0.129445006987698,0.16945920917766646,0.27683582775119714,320000,512000,576000,633600,1.8270018581236398,1885.5111212755796,145.43013281637064,0.5938100989136832,2.264793778926967,7.4690874465245205
2340,0.00234,640000,10,0.38809582386763597,0.038809582386763596,-1.017524874727499e-06,-6.867028402584768e-07,0.010941813898779764,0.10460312566448368,0.07080411445220888,0.12936527462254532,0.16943550604202684,0.2771779639764071,320000,512000,576000,633600,1.824397741428863,1893.9232399937712,145.73278434477137,0.5959699438630262,2.2663154878685496,7.503595878328796
2360,0.0023599999999999997,640000,10,0.38784240823618865,0.038784240823618865,-1.5595748564207465e-05,-6.974066146128604e-06,0.010934916124100852,0.1045701492974972,0.07066119174888898,0.12928080274539622,0.1695227000044787,0.2774568183448791,320000,512000,576000,633600,1.8219047285272025,1905.5462289767402,146.04461295312842,0.605591071364645,2.290515568778233,7.5234762693397945
2380,0.0023799999999999997,640000,10,0.38769494250182335,0.038769494250182335,-2.8763443355714025e-05,-8.093879495846331e-06,0.010927169587129698,0.10453310282934157,0.07050762638430623,0.12923164750060778,0.16943711143728293,0.2776888864650368,320000,512000,576000,633600,1.8186367335440448,1915.0323822871153,146.3356400408213,0.6175193059712437,2.2966024045445637,7.553223224778472
2400,0.0024,640000,10,0.387422177497404,0.0387422177497404,-3.0141064499754846e-05,-2.74798180718778e-05,0.010920279209702755,0.10450013975924986,0.07041482905255765,0.129140725832468,0.16939022577167706,0.27835656461538466,320000,512000,576000,633600,1.8175218958142758,1922.9536743029078,146.6148363535434,0.6144268007028663,2.3021983664587706,7.58861522951657
2420,0.00242,640000,10,0.3869698284800428,0.03869698284800428,-2.625886003739061e-05,-2.440236766600634e-05,0.010912301288059796,0.10446196096215979,0.07026202237743859,0.12898994282668094,0.16934046838566966,0.2780958396086502,320000,512000,576000,633600,1.8156976902674005,1933.2035971869695,146.92132599767643,0.6194828013797373,2.3213424466915833,7.610360941165637
2440,0.00244,640000,10,0.38652459788110305,0.038652459788110306,-3.377211047835384e-05,-2.3480198463158385e-05,0.010904602636521732,0.10442510539387419,0.07008068400421649,0.12884153262703435,0.16933823050261404,0.278659704808604,320000,512000,576000,633600,1.8130976498880846,1943.07453485994,147.24135840220396,0.6171756942747574,2.3317489723565994,7.6412859938494115
2460,0.00246,640000,10,0.3860637638731438,0.03860637638731438,-4.22790824109855e-05,-3.785377538840848e-05,0.010896507963876118,0.10438633992949517,0.06989414567538396,0.12868792129104792,0.16940459160198082,0.2790580598251742,320000,512000,576000,633600,1.8104300951267311,1953.1092729946358,147.5658415183642,0.6263059479242526,2.337590371196868,7.671474735755001
2480,0.00248,640000,10,0.38577138521770027,0.03857713852177003,-4.189411664674763e-05,-4.853414952688044e-05,0.010884844917235624,0.10433046016018344,0.06975008527133014,0.1285904617392334,0.16938123422698775,0.27934326995167374,320000,512000,576000,633600,1.8080678853867935,1961.0856739963453,147.887537168252,0.619728238305799,2.3555563541845843,7.692336874470246
2500,0.0025,640000,10,0.38556807396762327,0.03855680739676233,-4.280831449069261e-05,-4.73420924264073e-05,0.010875391276586916,0.10428514408383831,0.06959469705654833,0.1285226913225411,0.16935576267686023,0.27944576367979146,320000,512000,576000,633600,1.8049911742016351,1973.6162486677829,148.2208773934636,0.6280730937918969,2.3693989968144646,7.714622547356648
2520,0.0025199999999999997,640000,10,0.3850999543238748,0.03850999543238748,-3.975693866658095e-05,-3.4054537947067476e-05,0.010867195042524314,0.10424583944946826,0.0694435509199246,0.12836665144129158,0.16941107397031335,0.27978018485624,320000,512000,576000,633600,1.8032604299277986,1984.8824667165463,148.5753250898242,0.6293984531926301,2.380885444954152,7.756052300475863
2540,0.0025399999999999997,640000,10,0.38493295116982695,0.0384932951169827,-3.877566887980832e-05,-4.15994238697851e-05,0.010855852246462462,0.10419142117498188,0.06924845691798408,0.12831098372327565,0.1692892924485329,0.28014029891532866,320000,512000,576000,633600,1.7989745151080256,2000.1841402278058,148.9784122210345,0.6372033474413923,2.4073926329688162,7.7960094320387086
2560,0.0025599999999999998,640000,10,0.3844627012605331,0.03844627012605331,-3.750216977079706e-05,-3.285025964346993e-05,0.01084720948870636,0.10414993753577752,0.06907510701264252,0.12815423375351104,0.16927283737986948,0.2806414666365254,320000,512000,576000,633600,1.7966660169157325,2010.2678998172516,149.322328252407,0.6397068040872216,2.4115159733266527,7.839549942722054
2580,0.00258,640000,10,0.38421868437053425,0.038421868437053426,-4.701452463487166e-05,-3.397704185509289e-05,0.010841936336591598,0.10412461926264892,0.06892583094864094,0.12807289479017808,0.16923607299973384,0.2805744298656578,320000,512000,576000,633600,1.7939218927252893,2018.9537667967977,149.60552136634394,0.6424066102739003,2.4272730239798137,7.85854676079923
2600,0.0026,640000,10,0.38386175409337575,0.03838617540933757,-4.369500796946897e-05,-2.705686182310586e-05,0.010833367619807919,0.1040834646800726,0.06883679697423392,0.12795391803112524,0.16917827787071288,0.2811864371652473,320000,512000,576000,633600,1.7932705261772217,2028.3250467199898,149.91313558430298,0.6484443586550183,2.4278129852171495,7.878328977039804
2620,0.00262,640000,10,0.3835013250038276,0.03835013250038276,-3.863535197138663e-05,-2.4612786288305584e-05,0.010826311252443948,0.10404956151971015,0.06869768413674288,0.12783377500127588,0.1691145184587076,0.2810917641149239,320000,512000,576000,633600,1.7913284689709281,2044.0124928047223,150.2467885596051,0.6477080478768331,2.4505404445704637,7.928349022571178
2640,0.00264,640000,10,0.3833376211403146,0.03833376211403146,-3.556950870880496e-05,-3.157156200140334e-05,0.010816441036198996,0.10400212034472661,0.06857544963815501,0.12777920704677154,0.1691241229569162,0.2814021716862737,320000,512000,576000,633600,1.7889047632257848,2056.284307644857,150.59199949292068,0.6517332134642451,2.4709117094335844,7.951567355776615
2660,0.00266,640000,10,0.3829397497942689,0.038293974979426895,-4.321823572211564e-05,-3.760590156115526e-05,0.010807743502485118,0.10396029772218392,0.06842664844368193,0.1276465832647563,0.16902512484056031,0.2817869486998293,320000,512000,576000,633600,1.7868776610535613,2067.364390661721,150.92919318914463,0.6606671175728911,2.4643830872003436,7.984603166024522
2680,0.00268,640000,10,0.3824734619951,0.03824734619951,-4.3214699655417034e-05,-3.352223250288412e-05,0.010800259022971343,0.10392429467151242,0.06828194996432616,0.12749115399836666,0.16898287568794573,0.28225259162829314,320000,512000,576000,633600,1.7852728816306982,2080.0549505480963,151.2822668773171,0.6606671175728911,2.489024954576938,8.028241851478292
2700,0.0026999999999999997,640000,10,0.38228075543226603,0.0382280755432266,-4.3113574108272836e-05,-3.25135431929341e-05,0.010791277321254402,0.1038810729693066,0.06808192742268654,0.12742691847742202,0.1690126307715792,0.2823939232802327,320000,512000,576000,633600,1.780940485630843,2087.6829850558747,151.58285564397937,0.6683247496660161,2.4950627029580565,8.05376729178871
2720,0.0027199999999999998,640000,10,0.38182067857423163,0.03818206785742316,-3.865045007479041e-05,-2.882475531788465e-05,0.01078352757810697,0.10384376523463973,0.06799226793748442,0.12727355952474387,0.16898890689942359,0.28275161093222895,320000,512000,576000,633600,1.7807382300868682,2092.366413864833,151.84032046442064,0.670484594615359,2.499824179323653,8.06952434244187
2740,0.00274,640000,10,0.3817163903900094,0.038171639039000935,-3.673789200307315e-05,-3.830688295394922e-05,0.010777789739275522,0.10381613429171557,0.06783717419445184,0.1272387967966698,0.16893588725882105,0.28325743139125625,320000,512000,576000,633600,1.7771616808264605,2102.057515167177,152.16841105708664,0.6656249434793374,2.5179865118522193,8.097651414168542
2760,0.00276,640000,10,0.38125504448558645,0.038125504448558646,-3.092896879487156e-05,-5.260204468464922e-05,0.010769890107937628,0.10377808105731011,0.06762868835035857,0.12708501482852883,0.16882418088427834,0.28381847565030877,320000,512000,576000,633600,1.7738437649161467,2112.688798698171,152.4894288784159,0.6729389638759762,2.5255459691749196,8.137215846649688
2780,0.00278,640000,10,0.38064512828291364,0.03806451282829136,-3.205526775055546e-05,-4.976693878282848e-05,0.010759919745344754,0.1037300329959687,0.06751390076257047,0.12688170942763788,0.1689462655281072,0.2840077409428899,320000,512000,576000,633600,1.7736704280736497,2126.3108597225983,152.83581319757127,0.6750497214401068,2.5434137773922116,8.159845131232577
2800,0.0028,640000,10,0.38019883221909045,0.038019883221909044,-3.216683765327051e-05,-5.977206706860316e-05,0.010751498477446728,0.10368943281476048,0.06735859357531102,0.12673294407303015,0.1688451088560849,0.28402395323524604,320000,512000,576000,633600,1.7716675556882162,2138.2826681199,153.16998271464578,0.674362498047134,2.5656503628934018,8.195924359363646
2820,0.00282,640000,10,0.38003799394913307,0.03800379939491331,-2.9046762070423055e-05,-6.459786418466455e-05,0.010744040858434478,0.10365346525048971,0.06720749179343513,0.12667933131637768,0.16881689025366198,0.2844069947320099,320000,512000,576000,633600,1.76844138911097,2149.875689144782,153.52771328645773,0.6831000526149306,2.5661903241307376,8.238875821424443
2840,0.00284,640000,10,0.37960876318061343,0.037960876318061346,-3.5344858033828645e-05,-5.404555728671672e-05,0.01073519006695373,0.10361076231238592,0.06706179090105838,0.1265362543935378,0.16902441211788824,0.2848428399449715,320000,512000,576000,633600,1.7666028133589518,2158.04040357048,153.85690217843123,0.6863398200389451,2.5758605390175684,8.256056406248764
2860,0.0028599999999999997,640000,10,0.3790048734789081,0.03790048734789081,-3.669155026164644e-05,-6.421634828104208e-05,0.010727098781945077,0.10357170840507111,0.06693216035683844,0.1263349578263027,0.1689506658840407,0.2849525253773529,320000,512000,576000,633600,1.765997353608258,2170.336725722651,154.18136609263655,0.6910031216341175,2.5975080758962106,8.283741691508524
2880,0.0028799999999999997,640000,10,0.3790457814970937,0.03790457814970937,-3.908059478351475e-05,-6.933884929727924e-05,0.010718578439669758,0.10353056765839623,0.06679301839809607,0.12634859383236458,0.16890010109812476,0.2852343517252989,320000,512000,576000,633600,1.7621359122976599,2178.2971526061037,154.46452138956394,0.6874197425136167,2.612823340082461,8.314814006347936
2900,0.0029,640000,10,0.3787161657110079,0.03787161657110079,-4.1430971864120235e-05,-8.532313166965724e-05,0.010714367178380639,0.10351022740956875,0.06665919895244235,0.1262387219036693,0.16889731578100706,0.2856524220194024,320000,512000,576000,633600,1.7601360857489483,2186.76023892499,154.79079981869782,0.703176793166778,2.606343805234432,8.350402360626882
2920,0.00292,640000,10,0.3784976170262587,0.03784976170262587,-3.4780886019818205e-05,-9.146729220479196e-05,0.010709770707356093,0.10348802204775243,0.06649019430428033,0.12616587234208623,0.1688947827760189,0.28601601370356,320000,512000,576000,633600,1.756687263361753,2197.848086219835,155.1293626686692,0.7032749679372027,2.61154706806694,8.374504266766142
2940,0.00294,640000,10,0.3782063379395679,0.037820633793956795,-4.472367803815016e-05,-0.00010750541800402741,0.010702159067875876,0.1034512400499669,0.06635016871501613,0.1260687793131893,0.16890276229437826,0.28643001693472947,320000,512000,576000,633600,1.754337832530399,2207.9179406798635,155.4354523885234,0.7035204048632643,2.6413921982760433,8.412546990305705
2960,0.00296,640000,10,0.3775379777204001,0.03775379777204001,-4.750541846474241e-05,-0.00010858879896196421,0.010694015147331622,0.103411871404262,0.06619815432323096,0.1258459925734667,0.1689300509011833,0.2868634841311631,320000,512000,576000,633600,1.7534170925780743,2219.151675100766,155.80110830082828,0.7058765993534566,2.649589791606504,8.434636313651259
2980,0.00298,640000,10,0.37733932618752397,0.037733932618752394,-4.762093009235136e-05,-0.00010774515630347708,0.010683970469657507,0.10336329362814203,0.06606972012635054,0.12577977539584131,0.16875090006888102,0.2870585188010472,320000,512000,576000,633600,1.7509365057146544,2229.0427210811854,156.0890400668347,0.7136324062170064,2.6560693264545328,8.473317173198584
3000,0.003,640000,10,0.3770619328221364,0.03770619328221364,-4.3573327141458865e-05,-0.00010281184142612494,0.010678141315451894,0.10333509237162318,0.06595157206166585,0.12568731094071214,0.16885185186046434,0.287459245183993,320000,512000,576000,633600,1.7490912319906826,2242.663393105514,156.4310814081221,0.7201119410650354,2.6789440479634834,8.494817447921587
3020,0.0030199999999999997,640000,10,0.3767247356564317,0.03767247356564317,-3.475731304496819e-05,-9.360973956760601e-05,0.010673398771539298,0.103312142420624,0.06582810474282395,0.12557491188547723,0.1688223479171901,0.2873559085174362,320000,512000,576000,633600,1.7473794129318434,2251.107295709008,156.72659597055727,0.7180502708861172,2.6957810210913165,8.520293800846792
3040,0.0030399999999999997,640000,10,0.3763786637060459,0.03763786637060459,-4.389731382306771e-05,-9.80612813452493e-05,0.010668714404346065,0.10328946899053197,0.06563738417840631,0.12545955456868196,0.1687713674537588,0.2878034164343722,320000,512000,576000,633600,1.7439188378029187,2268.4664868643067,157.1343425648348,0.7352799430956486,2.70402770180699,8.543659396207868
3060,0.00306,640000,10,0.37600116973268616,0.037600116973268614,-4.2398948358655925e-05,-9.722224134078464e-05,0.010660349744361534,0.10324896970121074,0.06548577436070077,0.12533372324422873,0.16885641597147585,0.2881591383626927,320000,512000,576000,633600,1.7416375169060552,2276.9087542837365,157.48461569973952,0.730714816270901,2.715612324717102,8.590439674315228
3080,0.00308,640000,10,0.3754512912833717,0.03754512912833717,-4.647614534117242e-05,-9.606339348529986e-05,0.01065175612168343,0.10320734528939028,0.06541194115492918,0.12515043042779056,0.16875634619705251,0.2887460467966151,320000,512000,576000,633600,1.742221765474221,2288.8246198423753,157.82749242064253,0.7329728359906686,2.720521063238336,8.62637164029066
3100,0.0031,640000,10,0.3751520317506706,0.037515203175067055,-3.885912051296666e-05,-0.00011152836078588989,0.010641943685192353,0.10315979684543952,0.06529471084660919,0.12505067725022354,0.1688075344150081,0.28907220215520246,320000,512000,576000,633600,1.7404866646172037,2298.8062401232132,158.15106519633102,0.7290949325588937,2.739125182233813,8.659800149620265
3120,0.00312,640000,10,0.3747034928915952,0.03747034928915952,-4.943816313122585e-05,-0.00011381870331818039,0.010634328584490775,0.10312288099394225,0.06512721968069342,0.12490116429719841,0.16872921266060267,0.2891674000656551,320000,512000,576000,633600,1.7381001489499126,2309.550515393471,158.49822659578354,0.7370470889632929,2.755078582427824,8.684638366537708
3140,0.00314,640000,10,0.37436802416331827,0.03743680241633183,-5.4148274167329346e-05,-0.0001184450646611873,0.01062287465832975,0.10306733070342779,0.06501986549998437,0.12478934138777276,0.16865078857707008,0.28948238757223915,320000,512000,576000,633600,1.7367900382330574,2320.832961283706,158.82110701052588,0.7452937696789661,2.7668595548787853,8.710900117626311
3160,0.00316,640000,10,0.37399146299660047,0.03739914629966005,-5.584538494306224e-05,-0.00010330144929786811,0.010614923678415145,0.10302875170754591,0.0648378124589693,0.12466382099886683,0.1686957397529956,0.28966846581744593,320000,512000,576000,633600,1.73367092231083,2330.6853273340844,159.16814998082074,0.7553075962622835,2.7752044103648834,8.738879927197345
3180,0.0031799999999999997,640000,10,0.37365754119603956,0.03736575411960395,-5.3399007246993785e-05,-0.00010183035279616151,0.01061053280548637,0.10300744053458648,0.06475880206280024,0.12455251373201319,0.16874722036473178,0.29000828916777355,320000,512000,576000,633600,1.733105716413857,2341.3887094859692,159.4646761362992,0.7499570712741385,2.797686432792135,8.764503542278188
3200,0.0031999999999999997,640000,10,0.37324621836699595,0.037324621836699594,-5.4340040140829915e-05,-9.977052593310744e-05,0.010603660633450428,0.10297407748288123,0.06462307008524587,0.12441540612233198,0.16872093684968184,0.29012257441331935,320000,512000,576000,633600,1.731379097904348,2355.8247094173685,159.8303429620741,0.7467663912353364,2.818990357974291,8.802399003662114
3220,0.0032199999999999998,640000,10,0.37298349770726946,0.03729834977072695,-4.13453976662044e-05,-7.940253383550152e-05,0.010596685292170734,0.10294020250694445,0.06444696852774973,0.12432783256908982,0.16855982205055398,0.2905976318601643,320000,512000,576000,633600,1.7278772096863644,2370.3616164478535,160.18995144230692,0.7580074024489623,2.820315717375024,8.841914348758047
3240,0.00324,640000,10,0.3726790329120146,0.03726790329120146,-3.645819725854847e-05,-8.071003002652816e-05,0.010590850072344685,0.1029118558395712,0.06433957617282311,0.12422634430400487,0.16863084674733694,0.2908635845392044,320000,512000,576000,633600,1.7264071893202797,2383.560726256491,160.53838603043715,0.7583019267602363,2.84790282786436,8.864936332422635
3260,0.00326,640000,10,0.372407148294133,0.0372407148294133,-3.241222045735851e-05,-9.081816896072193e-05,0.010585206647459416,0.10288443345550101,0.06418657139312944,0.12413571609804433,0.1685958749598554,0.2910905671838549,320000,512000,576000,633600,1.7235590586041565,2393.11203153347,160.8561583071858,0.7610999077173397,2.8474610413974486,8.910783950210961
3280,0.00328,640000,10,0.3720867256750674,0.03720867256750674,-3.644101733549023e-05,-8.149122504382449e-05,0.010581300521799867,0.10286544862975064,0.06404856078706128,0.1240289085583558,0.1685751888607294,0.2914211065260339,320000,512000,576000,633600,1.7213342043003448,2406.994720912833,161.22955108512153,0.7711137343006572,2.859585625544897,8.927964535035281
3300,0.0033,640000,10,0.3715873679272629,0.037158736792726285,-2.4372071797468737e-05,-7.990251931002641e-05,0.010572200216243614,0.10282120509040736,0.06387607301075644,0.1238624559757543,0.16850204582270686,0.29162478502512346,320000,512000,576000,633600,1.7190055024491575,2413.7251466091266,161.5449674115126,0.7659104714681491,2.8700412385951255,8.963356539773379
3320,0.00332,640000,10,0.3710932373346583,0.03710932373346583,-3.142058337968452e-05,-8.173761983518957e-05,0.01056284932754016,0.10277572343476916,0.06379903360234879,0.12369774577821945,0.16845707598876594,0.29203645824376306,320000,512000,576000,633600,1.71921843848676,2428.7163277256254,161.9354641727804,0.7745007638803088,2.892768697948439,8.988734717928157
3340,0.0033399999999999997,640000,10,0.3709297230762745,0.037092972307627446,-3.953979803926495e-05,-7.887204758648724e-05,0.010555980594600846,0.10274230187513245,0.06360644216300065,0.12364324102542482,0.16846620988289407,0.2923003883768794,320000,512000,576000,633600,1.71478418163651,2440.584061294193,162.30347097515258,0.7801458131797279,2.9052859811775855,9.028691849491004
3360,0.0033599999999999997,640000,10,0.3704543388576215,0.037045433885762154,-4.3961596656794875e-05,-7.635628524143336e-05,0.010548184507841668,0.102704354863081,0.0635327881590108,0.12348477961920717,0.16849117922769524,0.29218154409219904,320000,512000,576000,633600,1.7149964650145089,2457.0257052788443,162.6950305188003,0.7868216975686062,2.923791925402638,9.086467701885928
3380,0.0033799999999999998,640000,10,0.3703342106479164,0.03703342106479164,-3.98586328522724e-05,-7.9436145437252e-05,0.010540496690466129,0.10266692111126216,0.06334742197617899,0.1234447368826388,0.16847336468564966,0.2923481776431044,320000,512000,576000,633600,1.710547396238382,2471.623828771336,163.1043467738845,0.7897178532961342,2.948728317090507,9.109096986468817
3400,0.0034,640000,10,0.3701214820300672,0.03701214820300672,-4.3471006533028436e-05,-8.003387058606015e-05,0.010535442405502977,0.10264230319660105,0.06321000590895362,0.12337382734335572,0.16845837489040766,0.29272825821132337,320000,512000,576000,633600,1.7078178105808701,2483.154632006742,163.4414814831001,0.7919758730159019,2.9610492507788044,9.12509947404804
3420,0.00342,640000,10,0.36948149546644454,0.03694814954664445,-4.2738512154941114e-05,-8.325019342629907e-05,0.010529250759727346,0.10261213748737205,0.06312515949043987,0.12316049848881484,0.168380728086812,0.2930336359925785,320000,512000,576000,633600,1.7084795927533198,2495.1191996570615,163.76405922444152,0.7989462817160542,2.9675287856268335,9.163829420980576
3440,0.00344,640000,10,0.36902999056436814,0.03690299905643681,-5.9870263231151816e-05,-8.515527877983645e-05,0.010522710114896935,0.1025802618192064,0.06300068891905003,0.12300999685478939,0.1684667510180605,0.29346114942014295,320000,512000,576000,633600,1.7071969902148407,2505.881439007218,164.09452601794905,0.7979154466265951,2.975824553727719,9.198828726636975
3460,0.00346,640000,10,0.36869566236189555,0.036869566236189553,-6.418700165576128e-05,-8.780188226454326e-05,0.010512778156353682,0.1025318397199313,0.06279775714029248,0.12289855412063184,0.16841685243650753,0.2936465607938863,320000,512000,576000,633600,1.7032410074478432,2515.0786303549958,164.44396173978106,0.8005170780428492,2.9856911181553993,9.201724882364504
3480,0.00348,640000,10,0.3683910415105862,0.03683910415105862,-5.865306106471643e-05,-0.00010444541550629324,0.010502232011935139,0.10248039818392168,0.06265804236961495,0.12279701383686206,0.1683323968003326,0.29403618431072365,320000,512000,576000,633600,1.700856842573746,2531.484605180055,164.8473789558024,0.8154396431474007,3.0159289474462017,9.237460498799088
3500,0.0034999999999999996,640000,10,0.3680259365690297,0.03680259365690297,-5.242311181904293e-05,-0.00010210851471704144,0.01049619817646508,0.10245095498073739,0.06258248153905849,0.12267531218967657,0.16830077974636481,0.294124183986278,320000,512000,576000,633600,1.7004910611054187,2541.673637379645,165.15739549192352,0.8186303231862028,3.031391473788089,9.264507648051088
3520,0.0035199999999999997,640000,10,0.3678260536981911,0.03678260536981911,-3.919078073478526e-05,-0.00010121434646723566,0.010489543115937767,0.10241847057995822,0.06244625500045707,0.1226086845660637,0.16820071086135033,0.2944702892767817,320000,512000,576000,633600,1.6977115778670622,2552.53624425359,165.47972885304011,0.8120035261825368,3.0325204836479727,9.30485747869563
3540,0.0035399999999999997,640000,10,0.3669946319577887,0.03669946319577887,-5.4635594868758224e-05,-9.925565296807293e-05,0.010483259276975508,0.10238778871025347,0.06229730540025483,0.12233154398592956,0.1681369122107169,0.29491397959464355,320000,512000,576000,633600,1.697499090597603,2569.7141597041064,165.89199230803283,0.8229500130848888,3.054364370067464,9.340298570818941
3560,0.00356,640000,10,0.3669185196618452,0.03669185196618452,-4.825399541765545e-05,-0.00010066110100246899,0.010475885091557455,0.10235177131616949,0.062212991003789686,0.12230617322061506,0.16809778405403245,0.2948607360015216,320000,512000,576000,633600,1.6955533087053125,2583.934671124719,166.28256533143542,0.8280060137617599,3.0747847223157976,9.381973760864218
3580,0.00358,640000,10,0.3665958472119846,0.036659584721198464,-5.033040333873974e-05,-0.00010776535397323921,0.010471741892352875,0.10233152931698458,0.06210782855471825,0.12219861573732821,0.1680988532225192,0.29495029477602686,320000,512000,576000,633600,1.6941770897585835,2594.7167939456062,166.6138775636398,0.8372835295668922,3.089265500953438,9.410984405524712
3600,0.0036,640000,10,0.3661609542695056,0.03661609542695056,-6.438528811439413e-05,-0.00010828043261271013,0.01046454761129553,0.10229637144735648,0.06196645725080997,0.12205365142316854,0.16801894000506898,0.2952972520631742,320000,512000,576000,633600,1.6923283744011868,2608.25992079638,166.9948314576588,0.8373817043373168,3.1026663571164073,9.440584098807753
3620,0.00362,640000,10,0.3659544910841471,0.03659544910841471,-5.759904527549967e-05,-0.00011217646762963891,0.01045791905495219,0.10226396752987921,0.061787698219908226,0.12198483036138238,0.16798492830869163,0.2959061965901285,320000,512000,576000,633600,1.6883984136076866,2617.630874266786,167.3224188689336,0.8376762286485909,3.1148400286490676,9.477595987257859
3640,0.00364,640000,10,0.36573894268095875,0.036573894268095875,-5.114369055616992e-05,-0.00011339811800200749,0.010453013663589202,0.1022399807491629,0.061693882010037934,0.1219129808936529,0.1680681617447444,0.2959812402143874,320000,512000,576000,633600,1.6868283578939178,2629.816451836298,167.69482681066287,0.8430267536367361,3.1184234077695687,9.51706224496858
3660,0.0036599999999999996,640000,10,0.3653657427223663,0.03653657427223663,-4.91273796206844e-05,-0.00013610366814025934,0.010445652700139313,0.10220397595073938,0.061553973058161286,0.12178858090745544,0.1679279266631389,0.296408450387111,320000,512000,576000,633600,1.684722070534534,2644.9809344200703,168.0785067862683,0.8454320355121407,3.1427216634496773,9.540722364640928
3680,0.0036799999999999997,640000,10,0.36489137456346066,0.03648913745634606,-5.319196330661809e-05,-0.0001385008770549705,0.010438994709952376,0.10217139868844106,0.061436556875839626,0.12163045818782021,0.16791160422928084,0.29656707595693643,320000,512000,576000,633600,1.6836944131480092,2655.6624077504766,168.4146211692173,0.851224346967197,3.164221938172682,9.562075377208297
3700,0.0036999999999999997,640000,10,0.36467123573582655,0.03646712357358266,-4.870782091277062e-05,-0.00013713302530794666,0.010431742386793676,0.10213590155666946,0.06132500558725482,0.12155707857860885,0.167948465639776,0.2970195674909963,320000,512000,576000,633600,1.6816518435712213,2665.8605307700905,168.7184380198127,0.8550531630137594,3.1654491228029906,9.59422761452238
3720,0.0037199999999999998,640000,10,0.3642405919247318,0.03642405919247318,-4.1943650946699234e-05,-0.00014632320332598885,0.010426001624765681,0.10210779414308038,0.0611372377642926,0.12141353064157726,0.16789641007985223,0.29689269325058065,320000,512000,576000,633600,1.6784850211567375,2675.288591014971,169.07050516049446,0.8586856295194727,3.17256679365878,9.617053248646117
3740,0.00374,640000,10,0.36384050442059834,0.036384050442059834,-2.593366050878264e-05,-0.00014388300392397977,0.01041697940140565,0.10206360468553739,0.061015180631396694,0.12128016814019944,0.1678296550122369,0.2967648157779365,320000,512000,576000,633600,1.6769760345556073,2688.697105948416,169.45487353691078,0.8620726590991241,3.1969141367241005,9.656814030668112
3760,0.00376,640000,10,0.36338873090922397,0.036338873090922395,-2.2100429733652937e-05,-0.00014321729855565693,0.010410722942566062,0.10203295027865293,0.06085693435910639,0.12112957696974132,0.16786906078805153,0.29734106840428276,320000,512000,576000,633600,1.6747061530179568,2699.1121961162676,169.80752531411503,0.8670304850055706,3.2050135552841374,9.681014111577797
3780,0.00378,640000,10,0.36285202216121204,0.03628520221612121,-2.4542650987907772e-05,-0.00013260393277878777,0.01040122585828747,0.10198640035949631,0.0607154194583264,0.12095067405373736,0.1677919916148455,0.2975988090108949,320000,512000,576000,633600,1.6732832050017088,2711.2351876648668,170.2003814936374,0.8621708338695488,3.21870893575838,9.715424368611648
3800,0.0038,640000,10,0.3621734393296799,0.03621734393296799,-1.6367203400475554e-05,-0.00012604130032535413,0.010394627088799945,0.10195404400414897,0.060533975987809574,0.12072447977655996,0.16778672839239436,0.2977210719492265,320000,512000,576000,633600,1.6714084859410854,2725.7281127458727,170.63008740051652,0.8743445054022092,3.234269636870692,9.75489062632237
3820,0.0038199999999999996,640000,10,0.36209046176635246,0.03620904617663524,-3.8362568551050955e-06,-0.00013429329869750034,0.010388216277640826,0.10192259944507315,0.060461958288522966,0.12069682058878416,0.16776587677623286,0.29808249131595244,320000,512000,576000,633600,1.6698025679432975,2742.4116541431226,171.01147136592613,0.8863218273940204,3.25645713498667,9.778894357691202
3840,0.0038399999999999997,640000,10,0.36164477896481256,0.03616447789648126,-1.2553977686381705e-05,-0.00013394944614424664,0.01038092255184603,0.10188681245306494,0.0602668421468296,0.12054825965493753,0.16763391897821628,0.29847126854868583,320000,512000,576000,633600,1.6664651517807052,2759.051460012012,171.44050265604082,0.8973664890667971,3.2771229241610653,9.815415372289184
3860,0.0038599999999999997,640000,10,0.361262295078416,0.0361262295078416,-2.283047363667958e-05,-0.00013725529701080804,0.01037279844120893,0.10184693633688217,0.06016777015483807,0.12042076502613867,0.16762465928755152,0.2986084341672225,320000,512000,576000,633600,1.6654871259614288,2772.2134028776613,171.79140106173773,0.9022752275880311,3.312711278440012,9.842707958467248
3880,0.0038799999999999998,640000,10,0.3611325721611006,0.03611325721611006,-1.1974048342260761e-05,-0.00012514210817420648,0.01036815282002883,0.10182412690531076,0.0600466567833198,0.12037752405370021,0.1676098886264136,0.29901964153568145,320000,512000,576000,633600,1.6627316783968489,2787.8472754938175,172.18787221188097,0.9105219083037043,3.3106005208758815,9.873976622847508
3900,0.0039,640000,10,0.3608489299496747,0.03608489299496747,-8.97327077333005e-06,-0.00012123990236674622,0.010359568515635308,0.10178196557168322,0.05990453518434265,0.12028297664989157,0.167591319024537,0.299264249896817,320000,512000,576000,633600,1.6601001198118324,2796.910061326885,172.5340080159216,0.9077730147318132,3.3300391254199684,9.904214452138309
3920,0.00392,640000,10,0.3604732019317383,0.03604732019317383,-7.065081158113515e-06,-0.00012745479738248956,0.010352906256038807,0.10174923221351012,0.05979335079404158,0.1201577339772461,0.1675329571307763,0.2993910350930811,320000,512000,576000,633600,1.6587460724851457,2805.8954913730718,172.84818645995938,0.9160196954474864,3.3326898442214348,9.935777640829844
3940,0.00394,640000,10,0.3601681143977127,0.03601681143977127,7.769421510467196e-08,-0.00011883342700027472,0.010346778697763206,0.10171911667805224,0.0596589426281309,0.12005603813257089,0.1674116606801799,0.29965115792052055,320000,512000,576000,633600,1.6564193287319433,2818.706156949173,173.1978089711236,0.9194067250271379,3.3517848370690353,9.948294924058992
3960,0.00396,640000,10,0.3598406033678684,0.03598406033678684,7.561030492096773e-06,-0.00012910615590542242,0.010340254191825625,0.10168704043203158,0.059559484156399986,0.11994686778928947,0.1674149296158808,0.3004200762779192,320000,512000,576000,633600,1.655162969352621,2833.701128653497,173.60130797220944,0.9231373663032758,3.3642039455277577,9.988055706080987
3980,0.00398,640000,10,0.35955493876118927,0.035955493876118926,-3.5787873518568563e-06,-0.00011680385700704142,0.010335466298045009,0.101663495405406,0.05944893553505757,0.11985164625372975,0.1674196698306027,0.3004339880987571,320000,512000,576000,633600,1.653403391979066,2853.1284269954203,174.05142035375857,0.9272116192759,3.3851642590134268,10.029534546585413
4000,0.004,640000,10,0.3590643300976425,0.035906433009764246,-7.538343398177195e-06,-0.00012635388476054508,0.010331583290430482,0.10164439625690382,0.059277761692879315,0.1196881100325475,0.1674849986894188,0.30082664041036067,320000,512000,576000,633600,1.6508953054946884,2863.1796998639493,174.3949372889412,0.9286351534470578,3.3891894246008385,10.055207249051469
