seed,d,method,t,step,total_mass,M_v_chem,c_inf_grid,rho_inf_grid,c_inf_part,rho_inf_part,R_core_0p5,R_core_0p9,xc0,xc1,xc2,N_active,global_nESS,max_w_over_mean_w,N_local_B,local_ESS_B,local_mass_B,corr_r_c,corr_r_rho,mean_Sc,mean_Srho,mean_r,mean_Sc_in,mean_Sc_out,mean_r_in,mean_r_out,frac_mass_rpos,frac_mass_rneg,cfl_proxy,n_resample_events,mass_jump_resample,runtime_s
0,6,weighted,0.0,0,1.0,1.0,0.07946566948073187,0.4629460728476644,0.08284638797171683,0.499378524994293,0.7675576674277812,1.2470695566127639,-0.004112372832877524,-0.010654589147038127,-0.011246526520438753,12000,1.0,1.0,4694,1.0,0.39116666666666666,0.6021542242688422,0.7149562511251772,0.4861605673102687,0.40682431017229653,0.3241693387241853,0.6266881698912435,0.3456329647292939,0.3724432704836391,0.2758954069647315,1.0,0.0,0.006236473809921617,0,0.0,13490.048322677612
0,6,weighted_resample,0.0,0,1.0,1.0,0.07946566948073187,0.4629460728476644,0.08284638797171683,0.499378524994293,0.7675576674277812,1.2470695566127639,-0.004112372832877524,-0.010654589147038127,-0.011246526520438753,12000,1.0,1.0,4694,1.0,0.39116666666666666,0.6021542242688422,0.7149562511251772,0.4861605673102687,0.40682431017229653,0.3241693387241853,0.6266881698912435,0.3456329647292939,0.3724432704836391,0.2758954069647315,1.0,0.0,0.006236473809921617,0,0.0,13490.048322677612
0,6,poisson,0.0,0,1.0,1.0,0.07946566948073187,0.4629460728476645,0.08284638797171683,0.49937852499429297,0.7675576674277812,1.2470695566127639,-0.004112372832877524,-0.010654589147038127,-0.011246526520438753,12000,1.0,1.0,4694,1.0,0.39116666666666666,0.6021542242688422,0.7149562511251772,0.4861605673102687,0.4068243101722966,0.3241693387241853,0.6266881698912435,0.3456329647292939,0.3724432704836391,0.2758954069647315,1.0,0.0,0.006236473809921617,0,0.0,13490.048322677612
0,6,minvar,0.0,0,1.0,1.0,0.07946566948073187,0.4629460728476645,0.08284638797171683,0.49937852499429297,0.7675576674277812,1.2470695566127639,-0.004112372832877524,-0.010654589147038127,-0.011246526520438753,12000,1.0,1.0,4694,1.0,0.39116666666666666,0.6021542242688422,0.7149562511251772,0.4861605673102687,0.4068243101722966,0.3241693387241853,0.6266881698912435,0.3456329647292939,0.3724432704836391,0.2758954069647315,1.0,0.0,0.006236473809921617,0,0.0,13490.048322677612
0,6,weighted,0.1,50,1.03515565815997,1.03515565815997,0.08272641339591424,0.48971937925953135,0.08643082352180288,0.532664978342563,0.7660344040832974,1.2549324562152366,-0.004381286723502981,-0.010975554852093863,-0.011281715726482719,12000,0.9999015541389807,1.0295009327941385,4661,0.9999071433937872,0.405267314084156,0.7209139793049922,0.8144500808549777,0.5027808819476532,0.41403318364161135,0.3690239768657791,0.6496221286369415,0.3559392331151488,0.4309989315373603,0.3070488524679926,1.0,0.0,0.007177872603519685,0,0.0,13490.048322677612
0,6,weighted_resample,0.1,50,1.03515565815997,1.03515565815997,0.08272641339591424,0.48971937925953135,0.08643082352180288,0.532664978342563,0.7660344040832974,1.2549324562152366,-0.004381286723502981,-0.010975554852093863,-0.011281715726482719,12000,0.9999015541389807,1.0295009327941385,4661,0.9999071433937872,0.405267314084156,0.7209139793049922,0.8144500808549777,0.5027808819476532,0.41403318364161135,0.3690239768657791,0.6496221286369415,0.3559392331151488,0.4309989315373603,0.3070488524679926,1.0,0.0,0.007177872603519685,0,0.0,13490.048322677612
0,6,poisson,0.1,50,1.03275,1.03275,0.08237248209867347,0.4861905060340665,0.08593953382776426,0.5266765371915989,0.7684391087967745,1.251706583512913,-0.004146121763048808,-0.010590750883142831,-0.011494813194099531,12393,1.0,1.0,4844,1.0,0.4036666666666667,0.7131526095259254,0.8087009028851896,0.5008445783704324,0.4130598202042235,0.36419885286905873,0.646720336090689,0.3549452771127772,0.42547318891176666,0.3029146274887068,1.0,0.0,0.006743316702936913,0,0.0,13490.048322677612
0,6,minvar,0.1,50,1.0341666666666667,1.0341666666666667,0.08273834714563762,0.4906973600667681,0.08630865759748116,0.5307966067234038,0.7682919522546119,1.2525451448833964,-0.004761355084350919,-0.01265552005845395,-0.012252114508088198,12410,1.0,1.0,4901,1.0,0.40841666666666665,0.720498297995329,0.8146271995180561,0.5023352856266882,0.413913169035919,0.36760163539899593,0.6489872986298488,0.3556832726235277,0.4294985871982333,0.3057046835997586,1.0,0.0,0.006717115754302353,0,0.0,13490.048322677612
0,6,weighted,0.2,100,1.0767942809281377,1.0767942809281377,0.08671692297199352,0.5245770906559682,0.09073973350559025,0.5746452831374206,0.7667344916943059,1.2612251685537936,-0.0047582309990941195,-0.011169046513856225,-0.01173581368867809,12000,0.9995804130164573,1.0604039976861244,4709,0.999626976155475,0.42981457307846577,0.8223565941687382,0.8889709117449306,0.521869029901449,0.4217836366675633,0.4221252096031058,0.6765588157148127,0.36716677752306703,0.4985435412396351,0.3457007193563301,1.0,0.0,0.006549983959431889,0,0.0,13490.048322677612
0,6,weighted_resample,0.2,100,1.0767942809281377,1.0767942809281377,0.08671692297199352,0.5245770906559682,0.09073973350559025,0.5746452831374206,0.7667344916943059,1.2612251685537936,-0.0047582309990941195,-0.011169046513856225,-0.01173581368867809,12000,0.9995804130164573,1.0604039976861244,4709,0.999626976155475,0.42981457307846577,0.8223565941687382,0.8889709117449306,0.521869029901449,0.4217836366675633,0.4221252096031058,0.6765588157148127,0.36716677752306703,0.4985435412396351,0.3457007193563301,1.0,0.0,0.006549983959431889,0,0.0,13490.048322677612
0,6,poisson,0.2,100,1.0751666666666666,1.0751666666666666,0.08655962196588955,0.5240735926498343,0.09042837772405249,0.5689985488925121,0.7664793514250297,1.2573321650098617,-0.0058077047827876874,-0.011166523248506064,-0.01197030355668854,12902,1.0,1.0,5139,1.0,0.42825,0.817100502374483,0.8855716530375963,0.5212140547036574,0.4218692951773386,0.4192483332826138,0.6750262234994858,0.3674018859078291,0.4960247279284142,0.34247193863681347,1.0,0.0,0.00649119606802898,0,0.0,13490.048322677612
0,6,minvar,0.2,100,1.0746666666666667,1.0746666666666667,0.0865764576077589,0.5237298962928066,0.09018826338396815,0.5672077306615158,0.7658150033798461,1.2630978310720355,-0.00413849877272638,-0.012120351141587575,-0.013311420960666981,12896,1.0,1.0,5127,1.0,0.42725,0.8176464112352196,0.8861038457203252,0.5208639941385301,0.4215083650859144,0.4189308812963779,0.6749519152537115,0.3667760730233489,0.4947759696044225,0.3430857929883333,1.0,0.0,0.006932932425610645,0,0.0,13490.048322677612
0,6,weighted,0.3,150,1.1265723779736523,1.1265723779736523,0.0915513124166174,0.5677816056118468,0.09601396906116803,0.6268379982193016,0.761884869250404,1.2680027277672359,-0.005171872036234315,-0.01092320538430712,-0.01212998865480254,12000,0.9989913233678129,1.0921864659909457,4718,0.9991725153272476,0.4549338277480556,0.8986879260354746,0.9304251199069895,0.5442901413642524,0.4308580862184591,0.4845863068016318,0.707711145433103,0.38082959401134736,0.5763067368235817,0.3928436830167773,1.0,0.0,0.0061367724647181056,0,0.0,13490.048322677612
0,6,weighted_resample,0.3,150,1.1265723779736523,1.1265723779736523,0.0915513124166174,0.5677816056118468,0.09601396906116803,0.6268379982193016,0.761884869250404,1.2680027277672359,-0.005171872036234315,-0.01092320538430712,-0.01212998865480254,12000,0.9989913233678129,1.0921864659909457,4718,0.9991725153272476,0.4549338277480556,0.8986879260354746,0.9304251199069895,0.5442901413642524,0.4308580862184591,0.4845863068016318,0.707711145433103,0.38082959401134736,0.5763067368235817,0.3928436830167773,1.0,0.0,0.0061367724647181056,0,0.0,13490.048322677612
0,6,poisson,0.3,150,1.1229166666666666,1.1229166666666666,0.09142468270535711,0.5691084646385804,0.09545190415525893,0.6188768131439061,0.762749381550856,1.262706580847833,-0.007212759266358058,-0.011618026595265282,-0.012796198237828574,13475,1.0,1.0,5412,1.0,0.451,0.8861392190631464,0.9213304717543861,0.5435037105858582,0.43131272795957093,0.4800766584647201,0.7057410172613076,0.3812423223746104,0.5718629454718787,0.3882767472499013,1.0,0.0,0.007193406220763734,0,0.0,13490.048322677612
0,6,minvar,0.3,150,1.12525,1.12525,0.0915306522772231,0.5683528785820657,0.09575475060236438,0.6213920290672735,0.7623191572372882,1.2702056319600448,-0.0044584515787814884,-0.011373263558466863,-0.014169838441641564,13503,1.0,1.0,5413,1.0,0.45108333333333334,0.8947609608908114,0.928159938078652,0.5435056762273492,0.4306291262500418,0.4821353261592713,0.7063450342826135,0.38064219739619165,0.5733325838083007,0.3909245598066943,1.0,0.0,0.006743761957569259,0,0.0,13490.048322677612
0,6,weighted,0.4,200,1.18664983361744,1.18664983361744,0.09744758533469249,0.6211689891649664,0.10238405493152522,0.6884525341599658,0.7547067163535425,1.27730691886725,-0.00515718916422118,-0.010698097476711256,-0.012050275925896761,12000,0.9980722657424228,1.1239857122746701,4723,0.9985616581381113,0.4851741470123281,0.9442117436499986,0.9337898380263586,0.5708933309105445,0.44185353364726765,0.5580127227003752,0.7436000388600287,0.3981642496342079,0.664913869886047,0.45109772698307826,1.0,0.0,0.006159558263831085,0,0.0,13490.048322677612
0,6,weighted_resample,0.4,200,1.18664983361744,1.18664983361744,0.09744758533469249,0.6211689891649664,0.10238405493152522,0.6884525341599658,0.7547067163535425,1.27730691886725,-0.00515718916422118,-0.010698097476711256,-0.012050275925896761,12000,0.9980722657424228,1.1239857122746701,4723,0.9985616581381113,0.4851741470123281,0.9442117436499986,0.9337898380263586,0.5708933309105445,0.44185353364726765,0.5580127227003752,0.7436000388600287,0.3981642496342079,0.664913869886047,0.45109772698307826,1.0,0.0,0.006159558263831085,0,0.0,13490.048322677612
0,6,poisson,0.4,200,1.188,1.188,0.09790454959800575,0.6277803293865937,0.10237471233977229,0.6839119164817358,0.7585456765377014,1.2702689302485322,-0.006856680982716944,-0.011004908997766938,-0.012628439447356088,14256,1.0,1.0,5814,1.0,0.4845,0.9337730996153288,0.9257840225969837,0.5719347858675615,0.4430635730434354,0.5585484243399399,0.7437306786684154,0.4001388930667078,0.6668761060109245,0.45022074266895534,1.0,0.0,0.007365145646910352,0,0.0,13490.048322677612
0,6,minvar,0.4,200,1.17975,1.17975,0.09659836708608469,0.609703244149908,0.10128932922000229,0.6740299086554071,0.7588770454400989,1.2775157690043457,-0.005651063944775201,-0.011395429366750063,-0.014867539177577386,14157,1.0,1.0,5754,1.0,0.4795,0.9360592608710937,0.9329963287526375,0.5661539437042696,0.4396126523241025,0.5457778178447711,0.7368757643904339,0.39540800295301837,0.6510169554638714,0.44052381174055943,1.0,0.0,0.006557463069379837,0,0.0,13490.048322677612
0,6,weighted,0.5,250,1.259885574856237,1.259885574856237,0.10492396530147485,0.6862678012410259,0.11026966453096494,0.7642237471069816,0.7519550991214896,1.286004879689951,-0.00479045086591502,-0.011002171580074624,-0.011782499660359382,12000,0.9967537716270727,1.1540971045386355,4755,0.997868580122994,0.5244689100037871,0.9550651950181194,0.895403037570254,0.6020160388664269,0.45489466591854916,0.64338015771006,0.7836446454457161,0.4203852932551522,0.7624941112172472,0.5242648014031638,1.0,0.0,0.006604063026411003,0,0.0,13490.048322677612
0,6,weighted_resample,0.5,250,1.259885574856237,1.259885574856237,0.10492396530147485,0.6862678012410259,0.11026966453096494,0.7642237471069816,0.7519550991214896,1.286004879689951,-0.00479045086591502,-0.011002171580074624,-0.011782499660359382,12000,0.9967537716270727,1.1540971045386355,4755,0.997868580122994,0.5244689100037871,0.9550651950181194,0.895403037570254,0.6020160388664269,0.45489466591854916,0.64338015771006,0.7836446454457161,0.4203852932551522,0.7624941112172472,0.5242648014031638,1.0,0.0,0.006604063026411003,0,0.0,13490.048322677612
0,6,poisson,0.5,250,1.2626666666666666,1.2626666666666666,0.10539288176498737,0.6945356437908938,0.11030968658711159,0.7618966468638676,0.7513213798265417,1.2795324078444879,-0.0061337863402451745,-0.012596312105189791,-0.011906054461532676,15152,1.0,1.0,6262,1.0,0.5218333333333334,0.9488239147695536,0.8942444371167315,0.6027826845706298,0.4559151272715578,0.6433853564678457,0.78302469030355,0.42254067883770946,0.7644994300039798,0.5222712829317115,1.0,0.0,0.007215314188641533,0,0.0,13490.048322677612
0,6,minvar,0.5,250,1.2519166666666666,1.2519166666666666,0.10348102855055406,0.6676343460457292,0.10870086587432364,0.7418989783229671,0.7550439949871969,1.28839659498772,-0.006050343583747266,-0.012027732034061473,-0.013932750701468183,15023,1.0,1.0,6158,1.0,0.5131666666666667,0.9579708919461465,0.9121116731149334,0.5957539360725214,0.451824465065297,0.6275423490941942,0.7748549518325876,0.4166290751499254,0.7463250210844298,0.5087438626089527,1.0,0.0,0.00681971321476292,0,0.0,13490.048322677612
0,6,weighted,0.6,300,1.3498797504793694,1.3498797504793694,0.11437200563660353,0.7728722911122584,0.12063400321460556,0.8695336826691005,0.7452975465905801,1.2928018456212587,-0.00443976841073879,-0.011117570728637368,-0.011739981033375538,12000,0.9949819015958077,1.1799061799419508,4774,0.9971761899519419,0.5709432319929346,0.921562625940721,0.8052897604750475,0.6377674110861227,0.47028617832169933,0.7402111093793923,0.8268582294078242,0.44864248813914326,0.8649368743792697,0.6154628487051317,1.0,0.0,0.006175515519124159,0,0.0,13490.048322677612
0,6,weighted_resample,0.6,300,1.3498797504793694,1.3498797504793694,0.11437200563660353,0.7728722911122584,0.12063400321460556,0.8695336826691005,0.7452975465905801,1.2928018456212587,-0.00443976841073879,-0.011117570728637368,-0.011739981033375538,12000,0.9949819015958077,1.1799061799419508,4774,0.9971761899519419,0.5709432319929346,0.921562625940721,0.8052897604750475,0.6377674110861227,0.47028617832169933,0.7402111093793923,0.8268582294078242,0.44864248813914326,0.8649368743792697,0.6154628487051317,1.0,0.0,0.006175515519124159,0,0.0,13490.048322677612
0,6,poisson,0.6,300,1.3530833333333334,1.3530833333333334,0.11436935207233775,0.7707936042236003,0.11978917457675123,0.847145728868581,0.7449236367092268,1.2843167886924567,-0.004221177369313192,-0.011209798312075204,-0.013077573382213185,16237,1.0,1.0,6812,1.0,0.5676666666666667,0.9301085939553381,0.825675846516505,0.6377013473164759,0.4709847261937818,0.7378512106845581,0.824041727024925,0.4513380136317137,0.8651834512491642,0.6105032849461942,1.0,0.0,0.0062745645489857595,0,0.0,13490.048322677612
0,6,minvar,0.6,300,1.34125,1.34125,0.11200526286924688,0.7370027433638664,0.11791060805426415,0.8235564624217294,0.7508590803438541,1.2930149055739604,-0.006167148453046094,-0.010583594776952176,-0.014987520042232574,16095,1.0,1.0,6682,1.0,0.5568333333333333,0.9446218690459701,0.8499920021099728,0.6300835391605599,0.4664256850256843,0.7210571015651868,0.8163765763660662,0.44376735133529427,0.8480047927625716,0.5940936345891021,1.0,0.0,0.006848206010853105,0,0.0,13490.048322677612
0,6,weighted,0.7000000000000001,350,1.4610380883425047,1.4610380883425047,0.1260441654596886,0.8805590762675862,0.13303310625772902,0.9906491339816651,0.7364607106387379,1.2958347146581677,-0.004490590710919357,-0.010925956915025379,-0.011876147924675116,12000,0.9927590759811955,1.1993649163266977,4791,0.996650238533007,0.6268015999699766,0.8281016978462507,0.6512303459723958,0.677460885803275,0.48808382874838663,0.8455920569679398,0.8704161306203898,0.4844866529743618,0.9631929159313941,0.727979625339023,1.0,0.0,0.00613635272521522,0,0.0,13490.048322677612
0,6,weighted_resample,0.7000000000000001,350,1.4610380883425047,1.4610380883425047,0.1260441654596886,0.8805590762675862,0.13303310625772902,0.9906491339816651,0.7364607106387379,1.2958347146581677,-0.004490590710919357,-0.010925956915025379,-0.011876147924675116,12000,0.9927590759811955,1.1993649163266977,4791,0.996650238533007,0.6268015999699766,0.8281016978462507,0.6512303459723958,0.677460885803275,0.48808382874838663,0.8455920569679398,0.8704161306203898,0.4844866529743618,0.9631929159313941,0.727979625339023,1.0,0.0,0.00613635272521522,0,0.0,13490.048322677612
0,6,poisson,0.7000000000000001,350,1.4610833333333333,1.4610833333333333,0.12482742371552753,0.8532032038834838,0.1311325986445076,0.9471452502930722,0.7390071016185477,1.2922571953553614,-0.003544283377236149,-0.010177002364853242,-0.012282697568835507,17533,1.0,1.0,7517,1.0,0.6264166666666666,0.8645049940485804,0.7056232916755734,0.6755452811098134,0.4879366012905413,0.8383713205676298,0.865090748764662,0.48597819065463915,0.9606594636537656,0.7160692272027939,1.0,0.0,0.00776186253415895,0,0.0,13490.048322677612
0,6,minvar,0.7000000000000001,350,1.448,1.448,0.1227184713141826,0.8305591627128017,0.1291198277914883,0.9271450581113738,0.7405997896588583,1.2982748031744005,-0.006325089218092555,-0.010574992593285688,-0.015604827481922911,17376,1.0,1.0,7381,1.0,0.6150833333333333,0.8823601003888988,0.7309540648850379,0.6679162716712567,0.4830414348330071,0.8225407821860053,0.8589004495746099,0.47693209376790346,0.9467903645562428,0.6982911998157681,1.0,0.0,0.006457525324490266,0,0.0,13490.048322677612
0,6,weighted,0.8,400,1.59852406960462,1.59852406960462,0.1405000399958251,1.011611563669488,0.14840368473702417,1.1412281737499401,0.7264091862885886,1.2964540574145784,-0.004555525348227866,-0.010836461301552188,-0.011678711240794394,12000,0.9901796242095904,1.2107553830264988,4884,0.9964085059579559,0.7042091051006755,0.6463184992463792,0.4118061644072499,0.7198172637975049,0.5079826482174217,0.9553211105377546,0.9111872284881273,0.5284086751144027,1.0451815834696674,0.8654425011640218,1.0,0.0,0.006426140763327735,0,0.0,13490.048322677612
0,6,weighted_resample,0.8,400,1.59852406960462,1.59852406960462,0.1405000399958251,1.011611563669488,0.14840368473702417,1.1412281737499401,0.7264091862885886,1.2964540574145784,-0.004555525348227866,-0.010836461301552188,-0.011678711240794394,12000,0.9901796242095904,1.2107553830264988,4884,0.9964085059579559,0.7042091051006755,0.6463184992463792,0.4118061644072499,0.7198172637975049,0.5079826482174217,0.9553211105377546,0.9111872284881273,0.5284086751144027,1.0451815834696674,0.8654425011640218,1.0,0.0,0.006426140763327735,0,0.0,13490.048322677612
0,6,poisson,0.8,400,1.5975,1.5975,0.13821790614795793,0.9617864709532207,0.14559366887986916,1.0751924219771203,0.7294725013539295,1.2917100771296852,-0.003771699009321717,-0.008446487268539431,-0.011686980351979959,19170,1.0,1.0,8346,1.0,0.6955,0.7190193877227721,0.5024092298898627,0.7179406755248674,0.5082912724171333,0.9468888848480695,0.9052722022073681,0.5306091488423667,1.046112835383818,0.847664934312321,1.0,0.0,0.006628420865312329,0,0.0,13490.048322677612
0,6,minvar,0.8,400,1.5803333333333334,1.5803333333333334,0.1365273105735721,0.9525140222513988,0.1441201091308506,1.0716274762691296,0.7294046114356141,1.296184637967231,-0.005533112234115431,-0.009791147616856125,-0.01577331809171843,18964,1.0,1.0,8256,1.0,0.688,0.7321897699704749,0.5186810666068928,0.7108657582426142,0.503428199817077,0.9331784335192258,0.9014741209655328,0.5202573955196953,1.035006870971503,0.8313499960669487,1.0,0.0,0.006882105792178739,0,0.0,13490.048322677612
0,6,weighted,0.9,450,1.7680978101206388,1.7680978101206388,0.15814700526360614,1.1681033138215278,0.16741594822848807,1.3256235991088825,0.7177649441162868,1.2910076118467013,-0.004547102727815713,-0.011069257557199667,-0.011523803796683297,12000,0.987403220730546,1.2150249519916496,4919,0.9965239550384222,0.7875556365865928,0.3733494396127143,0.10375924494823054,0.7627078457742068,0.529565411143745,1.0621351496655924,0.9448152936722408,0.5805486388550702,1.0991686923452808,1.0250910812224654,1.0,0.0,0.006432427148916137,0,0.0,13490.048322677612
0,6,weighted_resample,0.9,450,1.7680978101206388,1.7680978101206388,0.15814700526360614,1.1681033138215278,0.16741594822848807,1.3256235991088825,0.7177649441162868,1.2910076118467013,-0.004547102727815713,-0.011069257557199667,-0.011523803796683297,12000,0.987403220730546,1.2150249519916496,4919,0.9965239550384222,0.7875556365865928,0.3733494396127143,0.10375924494823054,0.7627078457742068,0.529565411143745,1.0621351496655924,0.9448152936722408,0.5805486388550702,1.0991686923452808,1.0250910812224654,1.0,0.0,0.006432427148916137,0,0.0,13490.048322677612
0,6,poisson,0.9,450,1.7595833333333333,1.7595833333333333,0.15489748128378414,1.1087792627592201,0.16363627999932476,1.2456084099530784,0.7197551013279986,1.2903296326250537,-0.004259046669254657,-0.009997866378549033,-0.011082812763530275,21115,1.0,1.0,9390,1.0,0.7825,0.4644278027562795,0.20243603116182984,0.7608245159670849,0.5303632152903401,1.0522084179973186,0.9397774942724542,0.5818545865412925,1.103626205938282,1.0007857595639864,1.0,0.0,0.007166559814645531,0,0.0,13490.048322677612
0,6,minvar,0.9,450,1.7380833333333334,1.7380833333333334,0.1525882481136748,1.089321794699847,0.16123350997460492,1.2280660030020671,0.7200865389541327,1.2920084703171009,-0.005223155470840716,-0.010400374952480189,-0.016134570928092166,20857,1.0,1.0,9244,1.0,0.7703333333333333,0.5014799353060585,0.24379476753587276,0.7526706695331974,0.524658715927539,1.0367065303501724,0.9358315234454923,0.5694922512889203,1.096458782234544,0.9769485484838404,1.0,0.0,0.008110146259344782,0,0.0,13490.048322677612
0,6,weighted,1.0,500,1.9758753851751305,1.9758753851751305,0.17984812324004829,1.3618700984406185,0.19053855363048255,1.5473182373682668,0.7148034496318181,1.280863420225096,-0.004508482963329938,-0.011460542319250628,-0.011509097961612627,12000,0.9845180958951345,1.2476082929786114,4985,0.9967199838475594,0.8890411851219407,0.05345276973363805,-0.21314467509403445,0.8042269566674383,0.5523891824310773,1.1597402793765221,0.969473466337052,0.638978762298059,1.119067427580831,1.2004135458347924,0.9999481830733379,5.1816926661992765e-05,0.006428349128927908,0,0.0,13490.048322677612
0,6,weighted_resample,1.0,500,1.9758753851751305,1.9758753851751305,0.17984812324004829,1.3618700984406185,0.19053855363048255,1.5473182373682668,0.7148034496318181,1.280863420225096,-0.004508482963329938,-0.011460542319250628,-0.011509097961612627,12000,0.9845180958951345,1.2476082929786114,4985,0.9967199838475594,0.8890411851219407,0.05345276973363805,-0.21314467509403445,0.8042269566674383,0.5523891824310773,1.1597402793765221,0.969473466337052,0.638978762298059,1.119067427580831,1.2004135458347924,0.9999481830733379,5.1816926661992765e-05,0.006428349128927908,0,0.0,13490.048322677612
0,6,poisson,1.0,500,1.9625833333333333,1.9625833333333333,0.17539355001804838,1.283519790059009,0.1856880282522605,1.4465622962093299,0.709379798145219,1.2841204528562853,-0.002552733331602641,-0.010602537430862887,-0.011147463766927174,23551,1.0,1.0,10647,1.0,0.88725,0.14300771360491793,-0.12732144510991406,0.8020567963296332,0.5532141494972854,1.1485847368266764,0.9658805745818008,0.6382191052300558,1.1296886488095217,1.1674824296071444,1.0,0.0,0.006960009843297325,0,0.0,13490.048322677612
0,6,minvar,1.0,500,1.9388333333333334,1.9388333333333334,0.1732477405683318,1.264467066792956,0.183177711331136,1.428832885583683,0.7121765118144089,1.2912043060398504,-0.005861549201821282,-0.01051344142806273,-0.016316818086651204,23266,1.0,1.0,10485,1.0,0.87375,0.17974505416397593,-0.09102149227796139,0.7957908321738377,0.5487304427452395,1.1369720004596322,0.9637396252181717,0.6278420391295036,1.126332081975889,1.147611918943375,0.9999140376515087,8.596234849136078e-05,0.006483372508547685,0,0.0,13490.048322677612
0,6,weighted,1.1,550,2.228168125516564,2.228168125516564,0.20591394389562123,1.595966351698244,0.2184297260235229,1.8141399463097894,0.7080582534284786,1.2748706343575462,-0.004649796190326752,-0.011801911989881455,-0.01100084934222698,12000,0.9813058216583385,1.3347311706282785,5056,0.9968056411688658,1.005227853480932,-0.2295373104023793,-0.4589667604172039,0.8420523436973812,0.5752564350391327,1.242440069672126,0.9850214390341786,0.6990772282397646,1.1078132512449799,1.3770725569447702,0.9999544638486442,4.553615135597094e-05,0.006568289465880076,0,0.0,13490.048322677612
0,6,weighted_resample,1.1,550,2.228168125516564,2.228168125516564,0.20591394389562123,1.595966351698244,0.2184297260235229,1.8141399463097894,0.7080582534284786,1.2748706343575462,-0.004649796190326752,-0.011801911989881455,-0.01100084934222698,12000,0.9813058216583385,1.3347311706282785,5056,0.9968056411688658,1.005227853480932,-0.2295373104023793,-0.4589667604172039,0.8420523436973812,0.5752564350391327,1.242440069672126,0.9850214390341786,0.6990772282397646,1.1078132512449799,1.3770725569447702,0.9999544638486442,4.553615135597094e-05,0.006568289465880076,0,0.0,13490.048322677612
0,6,poisson,1.1,550,2.2100833333333334,2.2100833333333334,0.20148300876342004,1.5173608432442232,0.21349697636312323,1.713941572929088,0.7018886432848888,1.2800760448735768,-0.0015589802573189816,-0.009766071974061107,-0.009601808833763352,26521,1.0,1.0,12117,1.0,1.00975,-0.17554588192893,-0.4141342069328786,0.8402958860941403,0.5768532530901366,1.2306237851061521,0.9835589332552755,0.6970220347816357,1.1185363780468103,1.3427196452127832,1.0,0.0,0.0071673600062771865,0,0.0,13490.048322677612
0,6,minvar,1.1,550,2.18125,2.18125,0.19809648037128488,1.4794861998292206,0.20966455793557304,1.6720414274125257,0.7047696927336337,1.2844082149709826,-0.007493118380382673,-0.010135207997539832,-0.01634065384268307,26175,1.0,1.0,11886,1.0,0.9905,-0.1325920565021194,-0.37742030899419865,0.8348592697363731,0.5729803947689139,1.220495894638751,0.981784809843075,0.6879225027984568,1.122456622490246,1.3185426581353228,0.9999235912129895,7.640878701050621e-05,0.006416709717365591,0,0.0,13490.048322677612
0,6,weighted,1.2,600,2.531536871283367,2.531536871283367,0.23750663245724582,1.8850143085985755,0.252055752627673,2.1436636559950415,0.7019113406411898,1.266868736435651,-0.0043496754099202305,-0.01201353492030353,-0.010582841452142881,12000,0.977068372909004,1.4916557059433995,5174,0.9965570392865385,1.14541360131161,-0.4413031719331156,-0.6170582091473664,0.8755051636164982,0.5977652928387546,1.308724775949729,0.9937154027188441,0.7572695643893284,1.0721422035471526,1.5453581033766837,0.9999257524039507,7.424759604930728e-05,0.00640702625830002,0,0.0,13490.048322677612
0,6,weighted_resample,1.2,600,2.531536871283367,2.531536871283367,0.23750663245724582,1.8850143085985755,0.252055752627673,2.1436636559950415,0.7019113406411898,1.266868736435651,-0.0043496754099202305,-0.01201353492030353,-0.010582841452142881,12000,0.977068372909004,1.4916557059433995,5174,0.9965570392865385,1.14541360131161,-0.4413031719331156,-0.6170582091473664,0.8755051636164982,0.5977652928387546,1.308724775949729,0.9937154027188441,0.7572695643893284,1.0721422035471526,1.5453581033766837,0.9999257524039507,7.424759604930728e-05,0.00640702625830002,0,0.0,13490.048322677612
0,6,poisson,1.2,600,2.5163333333333333,2.5163333333333333,0.23381009409058376,1.803295469121769,0.24813057288331702,2.0506348317642185,0.6955890176466366,1.2741461557739882,-0.0014776785211036158,-0.009729668024975236,-0.008597204897552882,30196,1.0,1.0,13890,1.0,1.1575,-0.4170662981733199,-0.6005165607110541,0.8745177422263544,0.600638648571206,1.2961550231917995,0.9933471579479366,0.755688326504772,1.0796197632272342,1.5126902831563644,0.999966883030865,3.3116969134984766e-05,0.007124647882150155,0,0.0,13490.048322677612
0,6,minvar,1.2,600,2.4726666666666666,2.4726666666666666,0.2279513000111153,1.7480901633281933,0.24132517553269844,1.9746923271997259,0.6984702572436331,1.2789450258703554,-0.005973485951744517,-0.008778691639749375,-0.01825440630423008,29672,1.0,1.0,13566,1.0,1.1305,-0.3748099168421918,-0.5703197786983797,0.8679431426777521,0.595065350766826,1.2865765184105307,0.9919922738550564,0.7438940115004479,1.0920127623500753,1.4811402744709858,0.9999325963871664,6.740361283364789e-05,0.007622158445445391,0,0.0,13490.048322677612
0,6,weighted,1.3,650,2.893012423985998,2.893012423985998,0.27554641835021254,2.238185390915479,0.29336805947209993,2.5667949751018484,0.6970781253062348,1.2620718135613185,-0.0033532584824968424,-0.012051525941786658,-0.010772083112742943,12000,0.9705056753537257,1.6943539236536358,5315,0.9955006234411928,1.30824124917904,-0.5826769052513932,-0.7033968456721793,0.9037167423315352,0.6186754769519707,1.3588405384702287,0.9977589130816222,0.8096691390668622,1.021686007960485,1.696014545315856,0.999935581098514,6.44189014858885e-05,0.007195567658643179,0,0.0,13490.048322677612
0,6,weighted_resample,1.3,650,2.893012423985998,2.893012423985998,0.27554641835021254,2.238185390915479,0.29336805947209993,2.5667949751018484,0.6970781253062348,1.2620718135613185,-0.0033532584824968424,-0.012051525941786658,-0.010772083112742943,12000,0.9705056753537257,1.6943539236536358,5315,0.9955006234411928,1.30824124917904,-0.5826769052513932,-0.7033968456721793,0.9037167423315352,0.6186754769519707,1.3588405384702287,0.9977589130816222,0.8096691390668622,1.021686007960485,1.696014545315856,0.999935581098514,6.44189014858885e-05,0.007195567658643179,0,0.0,13490.048322677612
0,6,poisson,1.3,650,2.8695,2.8695,0.27203822669550504,2.1617676915197808,0.2893111925854096,2.4736896120938554,0.688143329807152,1.2671117523331783,-0.0015591001512423259,-0.008630351362577879,-0.009179707168524294,34434,1.0,1.0,15889,1.0,1.3240833333333333,-0.5720130258827351,-0.6979273367183935,0.9028811548891461,0.6229502996879092,1.342673720492857,0.9976884732074739,0.8080738365708181,1.0257266391550854,1.6596208018306284,0.9998547946796771,0.00014520532032293664,0.007337170382263359,0,0.0,13490.048322677612
0,6,minvar,1.3,650,2.8353333333333333,2.8353333333333333,0.26615696334816624,2.0980037323052048,0.2822512487236582,2.382295122260164,0.6929662980709784,1.2717995136220817,-0.0038719967111388257,-0.008936105489180352,-0.018687390431732603,34024,1.0,1.0,15500,1.0,1.2916666666666667,-0.5519388090251137,-0.6874024469903522,0.8982012565892703,0.6179556755643824,1.338937999663934,0.997212429488288,0.7991900836902526,1.039605004375118,1.6382709949527496,0.9998824359275805,0.00011756407241946862,0.007017108249257499,0,0.0,13490.048322677612
0,6,weighted,1.4000000000000001,700,3.320837337254312,3.320837337254312,0.32195307112557253,2.6929272333938177,0.3437327111119004,3.1148652539997626,0.6888822158775664,1.2562992063294858,-0.002356524704195106,-0.01223406397207454,-0.010960057346301495,12000,0.959592366226303,1.9767384206394611,5421,0.9933349885396155,1.4801036452369845,-0.6669121882079269,-0.7386360345445492,0.9267714625355491,0.6360872848544319,1.3988239955789006,0.9993436841124932,0.8541876631860721,0.9649375239460801,1.8327796870697373,0.9999163468705536,8.365312944646193e-05,0.006858698466561506,0,0.0,13490.048322677612
0,6,weighted_resample,1.4000000000000001,700,3.320837337254312,3.320837337254312,0.32195307112557253,2.6929272333938177,0.3437327111119004,3.1148652539997626,0.6888822158775664,1.2562992063294858,-0.002356524704195106,-0.01223406397207454,-0.010960057346301495,12000,0.959592366226303,1.9767384206394611,5421,0.9933349885396155,1.4801036452369845,-0.6669121882079269,-0.7386360345445492,0.9267714625355491,0.6360872848544319,1.3988239955789006,0.9993436841124932,0.8541876631860721,0.9649375239460801,1.8327796870697373,0.9999163468705536,8.365312944646193e-05,0.006858698466561506,0,0.0,13490.048322677612
0,6,poisson,1.4000000000000001,700,3.2795833333333335,3.2795833333333335,0.31761919989433995,2.616647289251132,0.33882328581142285,3.0200651763832997,0.6815007121919869,1.262903282760185,0.00023953100625267516,-0.008676272789280754,-0.008228307126505357,39355,1.0,1.0,17807,1.0,1.4839166666666668,-0.6611180022488893,-0.7368335927831833,0.9251896398227165,0.6407531990676686,1.3784989620878598,0.9993266180706855,0.8510488938775247,0.9666250721247399,1.790393783793113,0.999771312412654,0.0002286875873459535,0.007509852631740222,0,0.0,13490.048322677612
0,6,minvar,1.4000000000000001,700,3.2438333333333333,3.2438333333333333,0.31140368705681437,2.551694932239879,0.3311149898469986,2.920343811459588,0.6869660362508634,1.2679296256002521,-0.002216378799175601,-0.008492913594274681,-0.019372172671956886,38926,1.0,1.0,17548,1.0,1.4623333333333333,-0.6531180835151877,-0.7360239031475563,0.9212239752513487,0.6357828221316897,1.377547434610326,0.9991694135553033,0.8432785369473941,0.9792432884350474,1.7758515807856048,0.9998715511483327,0.0001284488516672661,0.007774592612089421,0,0.0,13490.048322677612
0,6,weighted,1.5,750,3.8262429722761895,3.8262429722761895,0.378997754815579,3.2833540304528017,0.40594193518727384,3.836431504208247,0.682782506374783,1.2465076223369298,-0.0014870882105126409,-0.012161782594397283,-0.01118467567245478,12000,0.9412113245839194,2.401030530457067,5571,0.989491046868583,1.680769932380288,-0.7115215026529743,-0.7459130428618739,0.9454173529175378,0.6495301871911532,1.433078850096692,0.9998500645216418,0.89098032269272,0.9066626543505835,1.9595368110207672,0.9998157482025722,0.00018425179742769538,0.006858607791458137,0,0.0,13490.048322677612
0,6,weighted_resample,1.5,750,3.8262429722761895,3.8262429722761895,0.378997754815579,3.2833540304528017,0.40594193518727384,3.836431504208247,0.682782506374783,1.2465076223369298,-0.0014870882105126409,-0.012161782594397283,-0.01118467567245478,12000,0.9412113245839194,2.401030530457067,5571,0.989491046868583,1.680769932380288,-0.7115215026529743,-0.7459130428618739,0.9454173529175378,0.6495301871911532,1.433078850096692,0.9998500645216418,0.89098032269272,0.9066626543505835,1.9595368110207672,0.9998157482025722,0.00018425179742769538,0.006858607791458137,0,0.0,13490.048322677612
0,6,poisson,1.5,750,3.76925,3.76925,0.3743525394957077,3.2176773908882206,0.4006525266605016,3.7475086277946645,0.6746718533863157,1.2610952998404,-0.000717608930873538,-0.007064793031551392,-0.009298880026483885,45231,1.0,1.0,20113,1.0,1.6760833333333334,-0.7058028299027429,-0.7423329051375597,0.9430470718199958,0.6537962763759453,1.410799458152147,0.9998478487630961,0.8862437832351997,0.906678624460609,1.914942583280063,0.9996904777696712,0.00030952223032875684,0.007733217043102495,0,0.0,13490.048322677612
0,6,minvar,1.5,750,3.7195833333333335,3.7195833333333335,0.36688432364677087,3.1401177346645595,0.3911586312548935,3.6230943770869986,0.6800569075762977,1.262793351266746,-0.0035376622008926988,-0.008985246210506165,-0.01908578055061901,44635,1.0,1.0,19697,1.0,1.6414166666666667,-0.7039711199300487,-0.7455925806984671,0.9402008984015867,0.6497120483578223,1.4116674485328797,0.9998049282865625,0.8805941977261871,0.9176267045469277,1.9057303299362254,0.9998655763414361,0.00013442365856390723,0.006915971496813047,0,0.0,13490.048322677612
0,6,weighted,1.6,800,4.4224541644643764,4.4224541644643764,0.4503745933186295,4.079257562526789,0.4848293264701536,4.819027384406443,0.6773561534231265,1.2427060511498222,-0.0006800324003459011,-0.011950616436312853,-0.011812564005219727,12000,0.9117649321800171,2.9322914333939014,5541,0.9842161646108765,1.840323489220183,-0.7340220457016571,-0.7431875765034175,0.9600044784174804,0.6592108653202312,1.4623853177092279,0.9999750494323059,0.920022659377915,0.8501923964549298,2.074750514739151,0.9996817510750204,0.00031824892497959355,0.0071159020895317,0,0.0,13490.048322677612
0,6,weighted_resample,1.6,800,4.4224541644643764,4.4224541644643764,0.4503745933186295,4.079257562526789,0.4848293264701536,4.819027384406443,0.6773561534231265,1.2427060511498222,-0.0006800324003459011,-0.011950616436312853,-0.011812564005219727,12000,0.9117649321800171,2.9322914333939014,5541,0.9842161646108765,1.840323489220183,-0.7340220457016571,-0.7431875765034175,0.9600044784174804,0.6592108653202312,1.4623853177092279,0.9999750494323059,0.920022659377915,0.8501923964549298,2.074750514739151,0.9996817510750204,0.00031824892497959355,0.0071159020895317,0,0.0,13490.048322677612
0,6,poisson,1.6,800,4.353166666666667,4.353166666666667,0.4465113265406568,4.042489515218767,0.47881415346506595,4.725103358919402,0.664105557387265,1.2571633897543677,-0.0011503916121242735,-0.007021129363411893,-0.010157300622284883,52238,1.0,1.0,22181,1.0,1.8484166666666666,-0.731158730520759,-0.7403234520958707,0.9578956417052845,0.6629362537715638,1.4427738055064465,0.9999759590241021,0.915815324386467,0.8481551122849688,2.0373924987279244,0.9996362801026073,0.0003637198973927026,0.008867313138593036,0,0.0,13490.048322677612
0,6,minvar,1.6,800,4.288916666666666,4.288916666666666,0.43625189420980104,3.925194395001897,0.4668182104152477,4.5666582052259415,0.6724927720155415,1.2631764438409336,-0.004573999415496432,-0.009022070162425826,-0.020028355733787678,51467,1.0,1.0,21888,1.0,1.824,-0.7293621362575661,-0.7426766170935177,0.9557227150874689,0.6580223901532978,1.4488236898899824,0.9999661652466136,0.911477545600995,0.8586353113639744,2.0390350034946256,0.9997668408883362,0.00023315911166378456,0.00784569914029772,0,0.0,13490.048322677612
0,6,weighted,1.7,850,5.125885734012376,5.125885734012376,0.54215217842344,5.1882961772438865,0.5864544115258867,6.181340989009218,0.6662634967276846,1.2463413685338047,0.0003918428217915196,-0.011707589843183609,-0.012820669938962507,12000,0.8679508096069725,3.5969880538175483,5439,0.9734652912827627,1.9825362215017424,-0.7440567976584807,-0.7391247747277487,0.9710003276497128,0.6649607199997853,1.4891191505994947,0.9999973163608594,0.9419975969298569,0.7961255482160866,2.182249980173627,0.9995957116387446,0.00040428836125555145,0.007729311367271925,0,0.0,13490.048322677612
0,6,weighted_resample,1.7,850,5.125885734012376,5.125885734012376,0.54215217842344,5.1882961772438865,0.5864544115258867,6.181340989009218,0.6662634967276846,1.2463413685338047,0.0003918428217915196,-0.011707589843183609,-0.012820669938962507,12000,0.8679508096069725,3.5969880538175483,5439,0.9734652912827627,1.9825362215017424,-0.7440567976584807,-0.7391247747277487,0.9710003276497128,0.6649607199997853,1.4891191505994947,0.9999973163608594,0.9419975969298569,0.7961255482160866,2.182249980173627,0.9995957116387446,0.00040428836125555145,0.007729311367271925,0,0.0,13490.048322677612
0,6,poisson,1.7,850,5.044583333333334,5.044583333333334,0.5379100849688643,5.16759740671105,0.5797839595756333,6.094264940385386,0.6502683896035041,1.258435343761753,-0.001820700767874079,-0.0067299632251193635,-0.008102271039012027,60535,1.0,1.0,23804,1.0,1.9836666666666667,-0.7445094745311048,-0.7388900391994585,0.9694319130300625,0.6676504854314658,1.4747761958258527,0.9999976418713024,0.9388651743190358,0.7922313981772077,2.157343544265711,0.9995704964070372,0.0004295035929627488,0.008841603088274084,0,0.0,13490.048322677612
0,6,minvar,1.7,850,4.951666666666667,4.951666666666667,0.5245982919248402,5.0097081391418765,0.5634634702444331,5.868918204276832,0.6584955597683232,1.2640024646961376,-0.00545096495283417,-0.0088786707800711,-0.01993851696479876,59420,1.0,1.0,23492,1.0,1.9576666666666667,-0.7421940437026596,-0.7399590347756063,0.9675656162177518,0.6625996783529591,1.4824634298121295,0.9999962505896175,0.935134981845886,0.8018200317224795,2.1631068279017795,0.9995792662403231,0.0004207337596768765,0.008776943256188635,0,0.0,13490.048322677612
0,6,weighted,1.8,900,5.9568086728886716,5.9568086728886716,0.6610915256742802,6.734263990756765,0.718544899117684,8.086541254340293,0.646997814418258,1.2497965315131918,0.0018637139965357828,-0.011310970299841966,-0.014412687040383608,12000,0.8079862605399684,4.424288527848118,5050,0.9529453746086627,2.0071038386323496,-0.7504093933137165,-0.7395986725379844,0.9790008736441965,0.6674769323177829,1.5135726976234374,0.9999998531894004,0.957996429117157,0.7458734107904829,2.281471778101076,0.9994370220729303,0.0005629779270697027,0.008364446036340465,0,0.0,13490.048322677612
0,6,weighted_resample,1.8,900,5.9568086728886716,5.9568086728886716,0.6610915256742802,6.734263990756765,0.718544899117684,8.086541254340293,0.646997814418258,1.2497965315131918,0.0018637139965357828,-0.011310970299841966,-0.014412687040383608,12000,0.8079862605399684,4.424288527848118,5050,0.9529453746086627,2.0071038386323496,-0.7504093933137165,-0.7395986725379844,0.9790008736441965,0.6674769323177829,1.5135726976234374,0.9999998531894004,0.957996429117157,0.7458734107904829,2.281471778101076,0.9994370220729303,0.0005629779270697027,0.008364446036340465,0,0.0,13490.048322677612
0,6,poisson,1.8,900,5.85,5.85,0.656652837498392,6.754427543238768,0.7115094446866381,8.03179600142667,0.6292971880539392,1.2598593295998166,-0.002671242445946518,-0.006680293716374753,-0.008433421693936898,70200,1.0,1.0,24090,1.0,2.0075,-0.7531071064978354,-0.7421711644214044,0.9779246910611875,0.6711282361265349,1.4983140558651449,0.9999998859689463,0.9558494961534285,0.7406447959002316,2.2559833158300577,0.9994159544159544,0.0005840455840455841,0.009468991113318106,0,0.0,13490.048322677612
0,6,minvar,1.8,900,5.7508333333333335,5.7508333333333335,0.6386975964004751,6.50058163583743,0.6897994044691937,7.688142580737769,0.6426207892809896,1.2678858665438297,-0.005716562042648491,-0.008569743074773295,-0.01988444585402036,69010,1.0,1.0,24087,1.0,2.00725,-0.7519583733275759,-0.7430518519403329,0.9766994755347528,0.6647705992145174,1.5124861044954598,0.9999997747523242,0.9533978257317879,0.7504376742689307,2.274578706321237,0.9994493551659179,0.0005506448340820171,0.00974824716133973,0,0.0,13490.048322677612
0,6,weighted,1.9000000000000001,950,6.935895478102007,6.935895478102007,0.8154883880056457,8.874690464680608,0.8913820382031632,10.744763202585345,0.6258756753280862,1.2420840383264438,0.002749313276646304,-0.010564169739362157,-0.016341566222333598,12000,0.7344446345354895,5.44401374209514,4291,0.9266683893487752,1.8345974939262226,-0.7560613412374516,-0.7430949594804228,0.9847886388219267,0.6711404290587648,1.5257332681114124,0.9999999966985977,0.9695756958633154,0.7022222528939434,2.3493300963409993,0.9994542379803952,0.0005457620196045372,0.00866157141973588,0,0.0,13490.048322677612
0,6,weighted_resample,1.9000000000000001,950,6.935895478102007,6.935895478102007,0.8154883880056457,8.874690464680608,0.8913820382031632,10.744763202585345,0.6258756753280862,1.2420840383264438,0.002749313276646304,-0.010564169739362157,-0.016341566222333598,12000,0.7344446345354895,5.44401374209514,4291,0.9266683893487752,1.8345974939262226,-0.7560613412374516,-0.7430949594804228,0.9847886388219267,0.6711404290587648,1.5257332681114124,0.9999999966985977,0.9695756958633154,0.7022222528939434,2.3493300963409993,0.9994542379803952,0.0005457620196045372,0.00866157141973588,0,0.0,13490.048322677612
0,6,poisson,1.9000000000000001,950,6.7955,6.7955,0.8099251865678389,8.944700395736668,0.8825923297462563,10.721205308435954,0.6019216158260507,1.2593225870991922,-0.0038603318561857944,-0.006988722359351733,-0.008254668916301246,81546,1.0,1.0,22154,1.0,1.8461666666666667,-0.7600398120167914,-0.7479828806873993,0.9842055547441667,0.6759955729680259,1.5088355000725884,0.9999999979550135,0.9684111115333195,0.6974628680921192,2.3202081320530574,0.999313271037206,0.0006867289627940058,0.009634719445277155,0,0.0,13490.048322677612
0,6,minvar,1.9000000000000001,950,6.702833333333333,6.702833333333333,0.7865052292972274,8.557775705780609,0.8543729979894512,10.214068902068837,0.6206534784241374,1.2650217177389766,-0.00502926957585367,-0.009750584061884919,-0.019690984262550157,80434,1.0,1.0,22576,1.0,1.8813333333333333,-0.7583353390146722,-0.7482347965086213,0.9833786430717721,0.6678434993980925,1.5299840740928121,0.9999999940542693,0.9667572920892755,0.7068442864772683,2.353123861708356,0.9993037770097223,0.0006962229902777432,0.01021842617383911,0,0.0,13490.048322677612
0,6,weighted,2.0,1000,8.07951589500392,8.07951589500392,1.0150968258680626,11.79387831615946,1.1162199711716982,14.39444696431198,0.5839717103382054,1.2413774971752565,0.004200024403038036,-0.00991697053464094,-0.01788686736579594,12000,0.6548185170681589,6.698448043812081,3656,0.8759320415108351,1.650243365789882,-0.7616620194574488,-0.7486961621551621,0.9889660051094709,0.6783988385363562,1.520667504828815,0.9999999999865637,0.9779311661779461,0.6672583266937528,2.3741419651945725,0.9993221096439219,0.0006778903560782656,0.010576081679092146,0,0.0,13490.048322677612
0,6,weighted_resample,2.0,1000,8.07951589500392,8.07951589500392,1.0150968258680626,11.79387831615946,1.1162199711716982,14.39444696431198,0.5839717103382054,1.2413774971752565,0.004200024403038036,-0.00991697053464094,-0.01788686736579594,12000,0.6548185170681589,6.698448043812081,3656,0.8759320415108351,1.650243365789882,-0.7616620194574488,-0.7486961621551621,0.9889660051094709,0.6783988385363562,1.520667504828815,0.9999999999865637,0.9779311661779461,0.6672583266937528,2.3741419651945725,0.9993221096439219,0.0006778903560782656,0.010576081679092146,0,0.0,13490.048322677612
0,6,poisson,2.0,1000,7.9046666666666665,7.9046666666666665,1.0095534674871476,11.958506102456226,1.1077811497676995,14.466757360261122,0.5581899910282246,1.2532179023825631,-0.003728967095500707,-0.007698419785350508,-0.007215660442565977,94856,1.0,1.0,19503,1.0,1.62525,-0.7647537096828481,-0.7532140963343649,0.9888287866826925,0.6857013032888469,1.4982112368642289,0.9999999999948448,0.9776575733705402,0.6632513081193688,2.333171165609089,0.9992409547102977,0.0007590452897022856,0.011129761420112459,0,0.0,13490.048322677612
0,6,minvar,2.0,1000,7.80825,7.80825,0.9790677654381746,11.409357630475661,1.070128727663225,13.734986865367278,0.5836512781911888,1.26214577583407,-0.005746305399936356,-0.010297405620919721,-0.019567077161920292,93699,1.0,1.0,20150,1.0,1.6791666666666667,-0.7630783237267582,-0.7513577700498181,0.988211616846602,0.6779778037888338,1.5189130560199071,0.999999999969693,0.9764229820984363,0.6707035590231089,2.36714065819498,0.9991568746731555,0.00084312532684447,0.010678725964855364,0,0.0,13490.048322677612
1,6,weighted,0.0,0,1.0,1.0,0.07931836211804673,0.4659254449926808,0.08270169710884324,0.5009090928430796,0.7688410747094925,1.258279714452527,0.0031001158136213037,0.00560722108219781,0.00827702905508884,12000,1.0,1.0,4689,1.0,0.39075,0.5957234095088701,0.708311823440173,0.48510930755777704,0.4059540751990005,0.322575004634107,0.6258893041345375,0.3443293109810168,0.3705095550175844,0.27464045425062955,1.0,0.0,0.00710254099836838,0,0.0,13457.308094263077
1,6,weighted_resample,0.0,0,1.0,1.0,0.07931836211804673,0.4659254449926808,0.08270169710884324,0.5009090928430796,0.7688410747094925,1.258279714452527,0.0031001158136213037,0.00560722108219781,0.00827702905508884,12000,1.0,1.0,4689,1.0,0.39075,0.5957234095088701,0.708311823440173,0.48510930755777704,0.4059540751990005,0.322575004634107,0.6258893041345375,0.3443293109810168,0.3705095550175844,0.27464045425062955,1.0,0.0,0.00710254099836838,0,0.0,13457.308094263077
1,6,poisson,0.0,0,1.0,1.0,0.07931836211804674,0.46592544499268074,0.08270169710884324,0.5009090928430797,0.7688410747094925,1.258279714452527,0.0031001158136213037,0.00560722108219781,0.00827702905508884,12000,1.0,1.0,4689,1.0,0.39075,0.5957234095088699,0.708311823440173,0.48510930755777704,0.4059540751990005,0.322575004634107,0.6258893041345375,0.3443293109810168,0.3705095550175844,0.27464045425062955,1.0,0.0,0.00710254099836838,0,0.0,13457.308094263077
1,6,minvar,0.0,0,1.0,1.0,0.07931836211804674,0.46592544499268074,0.08270169710884324,0.5009090928430797,0.7688410747094925,1.258279714452527,0.0031001158136213037,0.00560722108219781,0.00827702905508884,12000,1.0,1.0,4689,1.0,0.39075,0.5957234095088699,0.708311823440173,0.48510930755777704,0.4059540751990005,0.322575004634107,0.6258893041345375,0.3443293109810168,0.3705095550175844,0.27464045425062955,1.0,0.0,0.00710254099836838,0,0.0,13457.308094263077
1,6,weighted,0.1,50,1.034966166215939,1.034966166215939,0.08257353135592754,0.49255343644694416,0.08611592705019473,0.5308039943049567,0.7678555711394628,1.2638719560419047,0.0029663162634270108,0.005779800143659629,0.008176614428024833,12000,0.999902367651393,1.0293127619827573,4652,0.9999109276324187,0.4043990989755251,0.717298383268195,0.8123716885542679,0.5018064258048281,0.4133861518010022,0.367067247816306,0.6486404697270839,0.35492984054795146,0.42889544209118247,0.3052211404346908,1.0,0.0,0.006785463398812251,0,0.0,13457.308094263077
1,6,weighted_resample,0.1,50,1.034966166215939,1.034966166215939,0.08257353135592754,0.49255343644694416,0.08611592705019473,0.5308039943049567,0.7678555711394628,1.2638719560419047,0.0029663162634270108,0.005779800143659629,0.008176614428024833,12000,0.999902367651393,1.0293127619827573,4652,0.9999109276324187,0.4043990989755251,0.717298383268195,0.8123716885542679,0.5018064258048281,0.4133861518010022,0.367067247816306,0.6486404697270839,0.35492984054795146,0.42889544209118247,0.3052211404346908,1.0,0.0,0.006785463398812251,0,0.0,13457.308094263077
1,6,poisson,0.1,50,1.0350833333333334,1.0350833333333334,0.08255307873678945,0.49077406201357987,0.08606397076999388,0.528473285223295,0.7686903602985086,1.2636806165866863,0.0024504835957771206,0.00633282777305259,0.008078243040080675,12421,1.0,1.0,4855,1.0,0.40458333333333335,0.7126957681754119,0.8064805943774803,0.5016810367045185,0.41335687382351044,0.36665352534754236,0.6485526096952634,0.3547858128968667,0.4283045823275439,0.3049925406611027,1.0,0.0,0.006043452667600021,0,0.0,13457.308094263077
1,6,minvar,0.1,50,1.0360833333333332,1.0360833333333332,0.08270789973098065,0.4948727985389297,0.08637417434007466,0.5372845262802673,0.7699566341264721,1.2637744452152144,0.003119792212762113,0.006116179332677619,0.008695572254977009,12433,1.0,1.0,4838,1.0,0.4031666666666667,0.7249017298315753,0.8164179648280664,0.5021595068727024,0.4132599401844892,0.3688582069373419,0.6497517754452813,0.354543494370173,0.4312142199242838,0.30649216241677935,1.0,0.0,0.006514022824869034,0,0.0,13457.308094263077
1,6,weighted,0.2,100,1.0763761033058035,1.0763761033058035,0.08657618937543564,0.5283525819494773,0.090585463621147,0.5753447450606829,0.767618939751219,1.2652246224895394,0.00285938178860236,0.006022552910690631,0.008043562063620386,12000,0.9995839847991885,1.0596909763002889,4685,0.999639770225389,0.4273981698594557,0.8196159090198182,0.8884172761257476,0.5210232119234463,0.4213326415960244,0.4200949229057117,0.6755523574433111,0.36644431117852505,0.49638661673043816,0.34377866471558083,1.0,0.0,0.007434249408098125,0,0.0,13457.308094263077
1,6,weighted_resample,0.2,100,1.0763761033058035,1.0763761033058035,0.08657618937543564,0.5283525819494773,0.090585463621147,0.5753447450606829,0.767618939751219,1.2652246224895394,0.00285938178860236,0.006022552910690631,0.008043562063620386,12000,0.9995839847991885,1.0596909763002889,4685,0.999639770225389,0.4273981698594557,0.8196159090198182,0.8884172761257476,0.5210232119234463,0.4213326415960244,0.4200949229057117,0.6755523574433111,0.36644431117852505,0.49638661673043816,0.34377866471558083,1.0,0.0,0.007434249408098125,0,0.0,13457.308094263077
1,6,poisson,0.2,100,1.0754166666666667,1.0754166666666667,0.0866147001665513,0.5250914946939615,0.09057859180681511,0.5749159960497038,0.7640843567622667,1.2674560844028366,0.003029853364788123,0.007498894352994327,0.007332125496334436,12905,1.0,1.0,5139,1.0,0.42825,0.8135256687574939,0.8812950054914346,0.5208845415110688,0.4214412594731694,0.41921438762476704,0.675605615108951,0.36613948758559844,0.49485771327332995,0.34355933796416954,1.0,0.0,0.006173611871158595,0,0.0,13457.308094263077
1,6,minvar,0.2,100,1.079,1.079,0.08665392540970583,0.5292629497125013,0.0908605598156568,0.5799317495808729,0.7682025684578082,1.2687888151911488,0.004517900399122834,0.007374831312738361,0.008918130386471072,12948,1.0,1.0,5050,1.0,0.42083333333333334,0.8268021014254939,0.8887775859903538,0.5208891891565502,0.42051308389318104,0.4220175049466577,0.6763895515053999,0.36538882680770046,0.49888426850939993,0.3451507413839154,1.0,0.0,0.006583115005837743,0,0.0,13457.308094263077
1,6,weighted,0.3,150,1.1258835027271685,1.1258835027271685,0.09144289636984111,0.5730510232672515,0.09575653408008704,0.625820318917427,0.7640080390839105,1.2718782613796054,0.0026426587981829485,0.0060379928219259135,0.00830450004428811,12000,0.998998944323418,1.0913307910158139,4682,0.9991933042922084,0.45125026864448226,0.8963980969851356,0.9296197814333155,0.5431259124405641,0.4301405988599983,0.4820818531822614,0.706198078676731,0.38002625500451476,0.5734342008988055,0.39071410501014747,1.0,0.0,0.006373032793115031,0,0.0,13457.308094263077
1,6,weighted_resample,0.3,150,1.1258835027271685,1.1258835027271685,0.09144289636984111,0.5730510232672515,0.09575653408008704,0.625820318917427,0.7640080390839105,1.2718782613796054,0.0026426587981829485,0.0060379928219259135,0.00830450004428811,12000,0.998998944323418,1.0913307910158139,4682,0.9991933042922084,0.45125026864448226,0.8963980969851356,0.9296197814333155,0.5431259124405641,0.4301405988599983,0.4820818531822614,0.706198078676731,0.38002625500451476,0.5734342008988055,0.39071410501014747,1.0,0.0,0.006373032793115031,0,0.0,13457.308094263077
1,6,poisson,0.3,150,1.12625,1.12625,0.09205283051852602,0.5795017113560943,0.09645296169254183,0.636863822669946,0.7577128474535052,1.2756907527496533,0.002280343610751235,0.006340960037107537,0.007851892059026916,13515,1.0,1.0,5494,1.0,0.4578333333333333,0.895995973623444,0.9242358049956642,0.5451307713897671,0.4313209091624142,0.4865603580718255,0.7100925431447689,0.38014458617143015,0.5774875340804942,0.39561972532555,1.0,0.0,0.006326904279918164,0,0.0,13457.308094263077
1,6,minvar,0.3,150,1.1238333333333332,1.1238333333333332,0.09124860723060342,0.572539482443633,0.09584106503462853,0.633282238763177,0.7667715783786876,1.275908462350506,0.006726601443510488,0.006363520845181432,0.00877013561548786,13486,1.0,1.0,5363,1.0,0.4469166666666667,0.8924537642285949,0.9177844165903923,0.5409348860445952,0.42826953743885854,0.4789309318618051,0.7051441746643893,0.37672559742480116,0.5694077550482993,0.38845410867531094,1.0,0.0,0.007252944908286875,0,0.0,13457.308094263077
1,6,weighted,0.4,200,1.1856059603553792,1.1856059603553792,0.09742423489412257,0.6267898443244972,0.10229415197097275,0.6920556024826445,0.7597732728697444,1.2742473275571762,0.001775909246064495,0.006204096790498444,0.008649574539864537,12000,0.9980840306651122,1.122989577098283,4692,0.9985891699630464,0.4816077874386765,0.9421600231339572,0.932609232797158,0.5693248348806255,0.440774032431619,0.5549772422276451,0.7414317052630587,0.39720905523981404,0.6612768167155222,0.4486721650519759,1.0,0.0,0.006387666806987566,0,0.0,13457.308094263077
1,6,weighted_resample,0.4,200,1.1856059603553792,1.1856059603553792,0.09742423489412257,0.6267898443244972,0.10229415197097275,0.6920556024826445,0.7597732728697444,1.2742473275571762,0.001775909246064495,0.006204096790498444,0.008649574539864537,12000,0.9980840306651122,1.122989577098283,4692,0.9985891699630464,0.4816077874386765,0.9421600231339572,0.932609232797158,0.5693248348806255,0.440774032431619,0.5549772422276451,0.7414317052630587,0.39720905523981404,0.6612768167155222,0.4486721650519759,1.0,0.0,0.006387666806987566,0,0.0,13457.308094263077
1,6,poisson,0.4,200,1.1880833333333334,1.1880833333333334,0.09840576079992021,0.6372472649977541,0.10324026535541844,0.7041954437301889,0.7515207095441002,1.2849846854929163,0.0016621254361925061,0.006901219939202169,0.007111261781018879,14257,1.0,1.0,5888,1.0,0.49066666666666664,0.9398768858515192,0.9226213577760427,0.5730826047217004,0.4427920041988131,0.5639544062903622,0.7481379501707847,0.3980027004418853,0.6696976408739546,0.4581963367973164,1.0,0.0,0.006553448792777557,0,0.0,13457.308094263077
1,6,minvar,0.4,200,1.1846666666666668,1.1846666666666668,0.09730052608450977,0.6258620731635074,0.10234820545221714,0.6962232914826009,0.7574289503304199,1.286685416951693,0.007210946758624289,0.008416356060433627,0.010072200044238318,14216,1.0,1.0,5726,1.0,0.4771666666666667,0.936834591195192,0.9190973405494682,0.5676270703318388,0.4390438698713065,0.5533766717134357,0.7415895278425209,0.39366461282115683,0.6587628224877058,0.4479905209391656,1.0,0.0,0.006534612582562975,0,0.0,13457.308094263077
1,6,weighted,0.5,250,1.2583340818082387,1.2583340818082387,0.1047558121184334,0.6912093135649624,0.11018885425186128,0.7675840929474127,0.7546182819530366,1.2788656624632029,0.000746936046672792,0.006362211479566429,0.00890531374950484,12000,0.9967663115847172,1.1528141630840554,4772,0.99788474801541,0.5259054839271505,0.9539570592525398,0.8960687463175959,0.6000066995831551,0.45358189429040485,0.6392811154614055,0.7809290485852319,0.4190642782696057,0.7582932089749491,0.5202558182291221,1.0,0.0,0.006398785229454362,0,0.0,13457.308094263077
1,6,weighted_resample,0.5,250,1.2583340818082387,1.2583340818082387,0.1047558121184334,0.6912093135649624,0.11018885425186128,0.7675840929474127,0.7546182819530366,1.2788656624632029,0.000746936046672792,0.006362211479566429,0.00890531374950484,12000,0.9967663115847172,1.1528141630840554,4772,0.99788474801541,0.5259054839271505,0.9539570592525398,0.8960687463175959,0.6000066995831551,0.45358189429040485,0.6392811154614055,0.7809290485852319,0.4190642782696057,0.7582932089749491,0.5202558182291221,1.0,0.0,0.006398785229454362,0,0.0,13457.308094263077
1,6,poisson,0.5,250,1.2614166666666666,1.2614166666666666,0.10628254415706949,0.7115523847475638,0.11179589660880036,0.7909023487426637,0.7446460219798547,1.2918393201535885,0.0021342142632198783,0.008136235055518621,0.007688608641280831,15137,1.0,1.0,6361,1.0,0.5300833333333334,0.943575189334442,0.8751221957064835,0.6054126846080098,0.4567085896856019,0.6515249693752333,0.7899036667875466,0.42089732465598606,0.7688416285238063,0.5341928085539397,1.0,0.0,0.006309251312923172,0,0.0,13457.308094263077
1,6,minvar,0.5,250,1.2565833333333334,1.2565833333333334,0.10445795389997786,0.6893149986073339,0.10999917365117864,0.7713201947988632,0.7551054264734224,1.2982728933421952,0.006879441798912387,0.0077821432642437675,0.011102286651534392,15079,1.0,1.0,6212,1.0,0.5176666666666667,0.9487248581339958,0.8841032393428695,0.5968293192762482,0.4507666599897122,0.6350172971358558,0.7796375419244259,0.41399684828974315,0.7529409039076751,0.5170780485538797,1.0,0.0,0.007113487898271641,0,0.0,13457.308094263077
1,6,weighted,0.6,300,1.34761554576954,1.34761554576954,0.11383967759716679,0.7704246332805099,0.11964138655061687,0.8565685351761513,0.7481875751598417,1.2835055869255876,-9.37591266197535e-05,0.006504879350827989,0.008721636415831447,12000,0.9949913788528466,1.1788627896950032,4775,0.9972412472200733,0.5704948539709754,0.9266277549278827,0.814956137772731,0.6355529852669151,0.4689566706582028,0.7353419290930524,0.8236432408672073,0.4474627259944781,0.8603894677261104,0.6102943880186522,1.0,0.0,0.006932146296545194,0,0.0,13457.308094263077
1,6,weighted_resample,0.6,300,1.34761554576954,1.34761554576954,0.11383967759716679,0.7704246332805099,0.11964138655061687,0.8565685351761513,0.7481875751598417,1.2835055869255876,-9.37591266197535e-05,0.006504879350827989,0.008721636415831447,12000,0.9949913788528466,1.1788627896950032,4775,0.9972412472200733,0.5704948539709754,0.9266277549278827,0.814956137772731,0.6355529852669151,0.4689566706582028,0.7353419290930524,0.8236432408672073,0.4474627259944781,0.8603894677261104,0.6102943880186522,1.0,0.0,0.006932146296545194,0,0.0,13457.308094263077
1,6,poisson,0.6,300,1.3496666666666666,1.3496666666666666,0.11585419734974275,0.8009811181110047,0.12191728702012289,0.8914750442448564,0.7361403930594892,1.2932661398487608,0.002375031189065814,0.009237116852294645,0.007413312763157939,16196,1.0,1.0,6947,1.0,0.5789166666666666,0.9056403841348525,0.7815139669410929,0.6419864132690639,0.47299297584031325,0.7489667255553161,0.8335829215007251,0.4503899050374028,0.8699869301028768,0.6279465210077553,1.0,0.0,0.006564576443838023,0,0.0,13457.308094263077
1,6,minvar,0.6,300,1.3439166666666666,1.3439166666666666,0.11336118284301745,0.7704301611602664,0.11955194679786518,0.8649695718173732,0.7473428966395199,1.3065429335900531,0.007384432193144726,0.00909801965308337,0.010159864490714605,16127,1.0,1.0,6791,1.0,0.5659166666666666,0.9193637986293114,0.8002358072711642,0.6315794692788446,0.465800780295317,0.7289155362294275,0.8218054857974885,0.44132986029876975,0.8539515605644926,0.603864004511957,1.0,0.0,0.007072050635031824,0,0.0,13457.308094263077
1,6,weighted,0.7000000000000001,350,1.457845476138424,1.457845476138424,0.12511362137823256,0.8668813445105753,0.13189131648449529,0.9725108463866284,0.738412420706381,1.2876449785577777,-0.0005860872182407615,0.00658149155564417,0.00867031404396985,12000,0.9927684529214239,1.1992476315759104,4794,0.9966815661794837,0.6261600089723752,0.8456058737225541,0.6756144307717056,0.6750375388634766,0.48663260084541354,0.8402523529176653,0.8669458011076266,0.48311412546717486,0.9592783019408136,0.7212170067990372,1.0,0.0,0.006686657098498484,0,0.0,13457.308094263077
1,6,weighted_resample,0.7000000000000001,350,1.457845476138424,1.457845476138424,0.12511362137823256,0.8668813445105753,0.13189131648449529,0.9725108463866284,0.738412420706381,1.2876449785577777,-0.0005860872182407615,0.00658149155564417,0.00867031404396985,12000,0.9927684529214239,1.1992476315759104,4794,0.9966815661794837,0.6261600089723752,0.8456058737225541,0.6756144307717056,0.6750375388634766,0.48663260084541354,0.8402523529176653,0.8669458011076266,0.48311412546717486,0.9592783019408136,0.7212170067990372,1.0,0.0,0.006686657098498484,0,0.0,13457.308094263077
1,6,poisson,0.7000000000000001,350,1.4616666666666667,1.4616666666666667,0.12738160503096752,0.9049900950986757,0.13425642425626616,1.0096334958596778,0.7279438697044708,1.2951847816687279,0.0010637737450335059,0.007873513959867854,0.008360381522439711,17540,1.0,1.0,7691,1.0,0.6409166666666667,0.8102830093997332,0.6281339377205848,0.6807938375557492,0.4902813477993098,0.8523313068250671,0.8754885278910701,0.4860991472204279,0.965195056283576,0.7394675573665581,1.0,0.0,0.006065530358615258,0,0.0,13457.308094263077
1,6,minvar,0.7000000000000001,350,1.4549166666666666,1.4549166666666666,0.12517223487988857,0.8741848549329342,0.13204135967681002,0.9838079642530537,0.7362807829273643,1.3056697161198165,0.006832957434807337,0.008908651677334373,0.011127389080016084,17459,1.0,1.0,7485,1.0,0.62375,0.8333167849990194,0.6552293199126531,0.6722370178054418,0.48428730598248876,0.8360861532743007,0.8666561776877291,0.4777955851359072,0.9550161806964997,0.7171425011496818,1.0,0.0,0.007409356009933573,0,0.0,13457.308094263077
1,6,weighted,0.8,400,1.594176546503272,1.594176546503272,0.13919214370026922,0.9862161326007562,0.14706281051864667,1.1148920471519075,0.7275253278886046,1.2892004376537844,-0.0008173908221933571,0.006406438893418476,0.008264019991079369,12000,0.9902105147036364,1.2121611958915899,4871,0.9964592042075312,0.7010974030747252,0.6803014729370194,0.45312399380422896,0.7178381737868083,0.5070143557571342,0.950309627875831,0.908084124434518,0.5275501083441474,1.043443508077409,0.8571551306032753,1.0,0.0,0.006682372033799498,0,0.0,13457.308094263077
1,6,weighted_resample,0.8,400,1.594176546503272,1.594176546503272,0.13919214370026922,0.9862161326007562,0.14706281051864667,1.1148920471519075,0.7275253278886046,1.2892004376537844,-0.0008173908221933571,0.006406438893418476,0.008264019991079369,12000,0.9902105147036364,1.2121611958915899,4871,0.9964592042075312,0.7010974030747252,0.6803014729370194,0.45312399380422896,0.7178381737868083,0.5070143557571342,0.950309627875831,0.908084124434518,0.5275501083441474,1.043443508077409,0.8571551306032753,1.0,0.0,0.006682372033799498,0,0.0,13457.308094263077
1,6,poisson,0.8,400,1.6006666666666667,1.6006666666666667,0.1414761814920373,1.0277713123844314,0.1492021625193487,1.1507738323166476,0.7209380937999271,1.2924069483200178,0.001163129026988588,0.007743453999093437,0.009401893740974884,19208,1.0,1.0,8515,1.0,0.7095833333333333,0.6377396086913432,0.40271590594789924,0.7219643415121246,0.5096130142131908,0.959018323408926,0.9136330539769362,0.5302956290473131,1.0450733421256482,0.8729633046922035,0.9999479383590171,5.2061640982923784e-05,0.006293181885768761,0,0.0,13457.308094263077
1,6,minvar,0.8,400,1.58875,1.58875,0.13938011989066695,0.9971382855989933,0.14682015853732128,1.121992422691486,0.7273344962186259,1.3022050806710013,0.009034980124643793,0.008779228279186214,0.010963376248092828,19065,1.0,1.0,8342,1.0,0.6951666666666667,0.6707524903529513,0.4385636890639367,0.714562213232777,0.5045676469872232,0.9445459119694385,0.9070803498374047,0.5220238795932561,1.0385056930901897,0.8505762735489477,0.9999475478625754,5.245213742460005e-05,0.007195130509734674,0,0.0,13457.308094263077
1,6,weighted,0.9,450,1.762498403847528,1.762498403847528,0.15667411610429566,1.1367129962171607,0.16579028445198554,1.2896443835423432,0.7190610741955911,1.285028162555686,-0.000918373152221838,0.006135655418746221,0.00789932745113125,12000,0.9875153780325132,1.218603049395412,4923,0.9964186591455815,0.7863762919339375,0.41141499872511145,0.1458795803511775,0.7615545934327558,0.529398148011141,1.0580239296975997,0.9430538886410534,0.5799953273778837,1.0997864103940715,1.0162476498768969,1.0,0.0,0.006134281244660447,0,0.0,13457.308094263077
1,6,weighted_resample,0.9,450,1.762498403847528,1.762498403847528,0.15667411610429566,1.1367129962171607,0.16579028445198554,1.2896443835423432,0.7190610741955911,1.285028162555686,-0.000918373152221838,0.006135655418746221,0.00789932745113125,12000,0.9875153780325132,1.218603049395412,4923,0.9964186591455815,0.7863762919339375,0.41141499872511145,0.1458795803511775,0.7615545934327558,0.529398148011141,1.0580239296975997,0.9430538886410534,0.5799953273778837,1.0997864103940715,1.0162476498768969,1.0,0.0,0.006134281244660447,0,0.0,13457.308094263077
1,6,poisson,0.9,450,1.77025,1.77025,0.15947404619986089,1.185182088622931,0.16847966285952107,1.334228704237216,0.7112800874084166,1.2889887143751946,0.0009563655504564847,0.008959270774488123,0.009205282867237567,21243,1.0,1.0,9593,1.0,0.7994166666666667,0.3604307878811459,0.0922543771888789,0.7658252978474954,0.5325191217567801,1.0657438261196417,0.9470625071022999,0.5845710245488859,1.0973154419366566,1.0341692377373493,1.0,0.0,0.006614727482131427,0,0.0,13457.308094263077
1,6,minvar,0.9,450,1.7535,1.7535,0.1566179612490118,1.1531642884162936,0.1653246089553293,1.30003218554583,0.7184368002147297,1.2977909555660372,0.01050140709995117,0.007980528325092173,0.00853501183591256,21042,1.0,1.0,9375,1.0,0.78125,0.4153045532091461,0.1455208656582262,0.7574910653027925,0.5265122327546765,1.0504275629471407,0.9415027854343353,0.57347934517125,1.095642641743209,1.0052124841510723,0.9999524760003802,4.7523999619808e-05,0.007296353545188179,0,0.0,13457.308094263077
1,6,weighted,1.0,500,1.9687725823604676,1.9687725823604676,0.1779272503487056,1.3188811820931061,0.1883583991456081,1.4965544466206557,0.7086032477715585,1.2810041858572372,-0.000847267397109333,0.005744853598404319,0.0074879857746832125,12000,0.9848151363628734,1.2454342387524526,4976,0.9966473508043339,0.8856542920452078,0.0866356893362412,-0.1795203937464374,0.8034245040453222,0.5528761217213514,1.1550696510172345,0.9685649715494953,0.6382480297500359,1.121576043581222,1.1885705613108979,0.9999545031923699,4.54968076301388e-05,0.006808721967511217,0,0.0,13457.308094263077
1,6,weighted_resample,1.0,500,1.9687725823604676,1.9687725823604676,0.1779272503487056,1.3188811820931061,0.1883583991456081,1.4965544466206557,0.7086032477715585,1.2810041858572372,-0.000847267397109333,0.005744853598404319,0.0074879857746832125,12000,0.9848151363628734,1.2454342387524526,4976,0.9966473508043339,0.8856542920452078,0.0866356893362412,-0.1795203937464374,0.8034245040453222,0.5528761217213514,1.1550696510172345,0.9685649715494953,0.6382480297500359,1.121576043581222,1.1885705613108979,0.9999545031923699,4.54968076301388e-05,0.006808721967511217,0,0.0,13457.308094263077
1,6,poisson,1.0,500,1.9785,1.9785,0.18098080094111899,1.3730257695230323,0.19165027427112025,1.555114861713922,0.7043654115977488,1.2865542230301232,6.068183586669461e-06,0.00796802030064264,0.008874724508192416,23742,1.0,1.0,10836,1.0,0.903,0.04711109860403239,-0.21769183154862293,0.8065991669713405,0.5552912947453351,1.1605227836493566,0.9708505971444721,0.6423477367982088,1.1155934147792474,1.205452152519466,1.0,0.0,0.006804443484351683,0,0.0,13457.308094263077
1,6,minvar,1.0,500,1.95725,1.95725,0.17778132795241067,1.3405210055265684,0.1879978277048234,1.513373661411186,0.7105342812460667,1.2929454806560403,0.00881099555558011,0.007775560992491593,0.007004959709122226,23487,1.0,1.0,10634,1.0,0.8861666666666667,0.10533407397373509,-0.16598827556555157,0.7993266024332678,0.5497619145133446,1.1480206661930379,0.9673909847112041,0.6312479082774232,1.1191097016007197,1.176934092759689,0.9999574232554179,4.257674458210925e-05,0.006896262545702772,0,0.0,13457.308094263077
1,6,weighted,1.1,550,2.219005384429862,2.219005384429862,0.20360654829431127,1.5415304103915937,0.21607065666479094,1.7582113604854543,0.7001052358416721,1.276636014311237,-0.0008526669627516333,0.005422344643349536,0.0073072903817877405,12000,0.9819701156346035,1.315386767756321,5097,0.996798581766367,1.0115847694323532,-0.21036376419840433,-0.44159136681770733,0.841602668312139,0.5766157385732187,1.2365634575289002,0.9847250011268789,0.6984378618229514,1.1108209694086286,1.3623432615970017,0.9999188390257079,8.116097429202426e-05,0.006488598128837017,0,0.0,13457.308094263077
1,6,weighted_resample,1.1,550,2.219005384429862,2.219005384429862,0.20360654829431127,1.5415304103915937,0.21607065666479094,1.7582113604854543,0.7001052358416721,1.276636014311237,-0.0008526669627516333,0.005422344643349536,0.0073072903817877405,12000,0.9819701156346035,1.315386767756321,5097,0.996798581766367,1.0115847694323532,-0.21036376419840433,-0.44159136681770733,0.841602668312139,0.5766157385732187,1.2365634575289002,0.9847250011268789,0.6984378618229514,1.1108209694086286,1.3623432615970017,0.9999188390257079,8.116097429202426e-05,0.006488598128837017,0,0.0,13457.308094263077
1,6,poisson,1.1,550,2.2291666666666665,2.2291666666666665,0.2070332164811302,1.603595218813991,0.22013052454929005,1.83458989477426,0.6980992225463125,1.280940538553079,0.0008912566817115322,0.007752735230117202,0.007055726155656163,26750,1.0,1.0,12216,1.0,1.018,-0.2296525508898488,-0.4583030705936775,0.8435858704055201,0.5781259206908429,1.2399657195495517,0.9860600963808636,0.7011116444301766,1.1006039582938636,1.3793274808052398,1.0,0.0,0.006695079483182847,0,0.0,13457.308094263077
1,6,minvar,1.1,550,2.2016666666666667,2.2016666666666667,0.20345069653762307,1.5659569519891865,0.2156448807999841,1.780032390746206,0.7018628919142602,1.2820090757187956,0.007949051685891646,0.0074250019611447095,0.007777078852627816,26420,1.0,1.0,12065,1.0,1.0054166666666666,-0.19179908902061527,-0.4282498188664043,0.8384201130099747,0.5740649355933733,1.2314856452597784,0.9841313959229799,0.692708830096969,1.1086343761008377,1.3543369144187194,0.9999621498864497,3.785011355034065e-05,0.006621764131005338,0,0.0,13457.308094263077
1,6,weighted,1.2,600,2.519401490881289,2.519401490881289,0.2347583587214507,1.8195380162658013,0.24958180167590283,2.0851391746479226,0.6941661557626327,1.2689003097227005,-0.0008846135374741001,0.004679902784429776,0.006984850718693126,12000,0.978369905628406,1.4092031169817427,5229,0.9966319535388006,1.1563126446088365,-0.4311676904975958,-0.6099855047491611,0.8747321557351194,0.5993503895242903,1.300877454367607,0.9935983011610909,0.7558337833011978,1.074670245422045,1.5271459926470594,0.9999640337506243,3.596624937563564e-05,0.0076220193955579925,0,0.0,13457.308094263077
1,6,weighted_resample,1.2,600,2.519401490881289,2.519401490881289,0.2347583587214507,1.8195380162658013,0.24958180167590283,2.0851391746479226,0.6941661557626327,1.2689003097227005,-0.0008846135374741001,0.004679902784429776,0.006984850718693126,12000,0.978369905628406,1.4092031169817427,5229,0.9966319535388006,1.1563126446088365,-0.4311676904975958,-0.6099855047491611,0.8747321557351194,0.5993503895242903,1.300877454367607,0.9935983011610909,0.7558337833011978,1.074670245422045,1.5271459926470594,0.9999640337506243,3.596624937563564e-05,0.0076220193955579925,0,0.0,13457.308094263077
1,6,poisson,1.2,600,2.5206666666666666,2.5206666666666666,0.2377322359001991,1.8885181218526577,0.2530554826804927,2.1664221311439467,0.6933047458543924,1.2752582141053235,-0.00021400642493431968,0.00759389831698263,0.006101716709806358,30248,1.0,1.0,13813,1.0,1.1510833333333332,-0.42714070175546176,-0.6056362084327939,0.8746301813166997,0.5987658619998614,1.3022231392672141,0.9940379736519471,0.7552223889814522,1.0641954540017813,1.5402508245326474,1.0,0.0,0.0074253980768595,0,0.0,13457.308094263077
1,6,minvar,1.2,600,2.5004166666666667,2.5004166666666667,0.23393489464600692,1.831992448307682,0.24857082786669776,2.0961431336977965,0.6972262711673755,1.2779473997039668,0.008799525957324278,0.007036238243008498,0.006805871382097895,30005,1.0,1.0,13690,1.0,1.1408333333333334,-0.40981926841304384,-0.595263294218344,0.8717744444213243,0.596703798904325,1.2969863809723223,0.9932250784071587,0.7503157148059749,1.0752747288745714,1.5187128118763729,0.9999333444425929,6.665555740709882e-05,0.007134467005041309,0,0.0,13457.308094263077
1,6,weighted,1.3,650,2.8766486681586634,2.8766486681586634,0.2727421634669187,2.1735821054422035,0.29054667420807906,2.5064713043706153,0.68815178908032,1.2662684065414984,-0.000964541837606959,0.004054075723653933,0.006489138691164907,12000,0.9727710828635886,1.5658316222013589,5314,0.9958915536344543,1.3054714878948523,-0.5776587238201868,-0.7008510413571688,0.902615274409755,0.6203013823321323,1.3495569506426233,0.9977595959455371,0.8074412184418043,1.0224669925392327,1.6767491306549536,0.9998685475348115,0.0001314524651886226,0.00776454864679261,0,0.0,13457.308094263077
1,6,weighted_resample,1.3,650,2.8766486681586634,2.8766486681586634,0.2727421634669187,2.1735821054422035,0.29054667420807906,2.5064713043706153,0.68815178908032,1.2662684065414984,-0.000964541837606959,0.004054075723653933,0.006489138691164907,12000,0.9727710828635886,1.5658316222013589,5314,0.9958915536344543,1.3054714878948523,-0.5776587238201868,-0.7008510413571688,0.902615274409755,0.6203013823321323,1.3495569506426233,0.9977595959455371,0.8074412184418043,1.0224669925392327,1.6767491306549536,0.9998685475348115,0.0001314524651886226,0.00776454864679261,0,0.0,13457.308094263077
1,6,poisson,1.3,650,2.8714166666666667,2.8714166666666667,0.27535206254309663,2.242379282410093,0.2940448310105515,2.5958770531781865,0.6868149384547194,1.2689770067105646,-0.0010268978422763586,0.007114907764659532,0.006549920872267402,34457,1.0,1.0,15813,1.0,1.31775,-0.5659943711264462,-0.6908266157390107,0.9021269357938009,0.6190630216930273,1.3513186780961217,0.9978890228251588,0.8063592902479878,1.0129400882723325,1.689716909119692,1.0,0.0,0.0073765306701551025,0,0.0,13457.308094263077
1,6,minvar,1.3,650,2.8596666666666666,2.8596666666666666,0.27200560225268583,2.1839194392408228,0.28941024488591616,2.5084648998311256,0.6914322155631623,1.2730468605148282,0.008302870306250055,0.0066837030610558245,0.00756651292183169,34316,1.0,1.0,15587,1.0,1.2989166666666667,-0.5575561595641025,-0.6880273119860416,0.9002105992709527,0.6186062390683964,1.3450236798786213,0.9976322202237358,0.8027889783181696,1.0236965598061862,1.6663507999510563,0.999854295372421,0.00014570462757897192,0.007849862432735095,0,0.0,13457.308094263077
1,6,weighted,1.4000000000000001,700,3.298634619147573,3.298634619147573,0.3191054701250096,2.6370148061399012,0.34125782957615153,3.0673892343362046,0.6832879917521677,1.2629647048949446,-0.0008160867624725642,0.0034357757965550184,0.0061674042066653485,12000,0.9631893639726993,1.8408741577318521,5439,0.9942635392958005,1.480486194128466,-0.6638386717220169,-0.73724555132939,0.9253733819931006,0.638165855785936,1.3869959606145945,0.9993576748315817,0.8513851363318872,0.9636609909510678,1.8103535481612858,0.9998859843414963,0.00011401565850388509,0.007382037958463582,0,0.0,13457.308094263077
1,6,weighted_resample,1.4000000000000001,700,3.298634619147573,3.298634619147573,0.3191054701250096,2.6370148061399012,0.34125782957615153,3.0673892343362046,0.6832879917521677,1.2629647048949446,-0.0008160867624725642,0.0034357757965550184,0.0061674042066653485,12000,0.9631893639726993,1.8408741577318521,5439,0.9942635392958005,1.480486194128466,-0.6638386717220169,-0.73724555132939,0.9253733819931006,0.638165855785936,1.3869959606145945,0.9993576748315817,0.8513851363318872,0.9636609909510678,1.8103535481612858,0.9998859843414963,0.00011401565850388509,0.007382037958463582,0,0.0,13457.308094263077
1,6,poisson,1.4000000000000001,700,3.2958333333333334,3.2958333333333334,0.3223682742149831,2.7065241805744287,0.34536223902958957,3.1584065074729164,0.6799044808842526,1.2658175093478392,-0.0017396929138909364,0.005702786293414549,0.006241174767697773,39550,1.0,1.0,17956,1.0,1.4963333333333333,-0.6533017123513492,-0.7287152968200966,0.9251108791102527,0.6370997437091613,1.3891442853135267,0.999414211299884,0.8508075469206215,0.9540560407328668,1.8242325298941866,0.9999747155499368,2.5284450063211126e-05,0.007452988982097753,0,0.0,13457.308094263077
1,6,minvar,1.4000000000000001,700,3.2764166666666665,3.2764166666666665,0.3175599024960964,2.634330282838518,0.3386750976233745,3.043379250506209,0.6854540097212056,1.2729180592689184,0.009199019464607537,0.005902867852036412,0.007912569872527966,39317,1.0,1.0,17659,1.0,1.4715833333333332,-0.6462346607616912,-0.7281728400917694,0.9227273899339282,0.6363198309669352,1.3819500668349074,0.9993041287051693,0.8461467557135687,0.9663221789678073,1.7975990976406517,0.9997965256759163,0.00020347432408372967,0.007780554189037116,0,0.0,13457.308094263077
1,6,weighted,1.5,750,3.795719029797012,3.795719029797012,0.37623338409640084,3.24916755416539,0.4038473996208987,3.807371606715012,0.6764487426702811,1.263258760255892,-0.0005980908138584947,0.0029555578168929714,0.005702152808725594,12000,0.9466053397972447,2.2392715992457166,5564,0.9911174502016775,1.673611294118413,-0.7084067118681173,-0.7429139161128202,0.9436562545142693,0.6516671640817275,1.4196235258118952,0.9998567699837848,0.8874387502452183,0.903770521748136,1.9356324665819764,0.9998266184288319,0.00017338157116812813,0.006914510665418825,0,0.0,13457.308094263077
1,6,weighted_resample,1.5,750,3.795719029797012,3.795719029797012,0.37623338409640084,3.24916755416539,0.4038473996208987,3.807371606715012,0.6764487426702811,1.263258760255892,-0.0005980908138584947,0.0029555578168929714,0.005702152808725594,12000,0.9466053397972447,2.2392715992457166,5564,0.9911174502016775,1.673611294118413,-0.7084067118681173,-0.7429139161128202,0.9436562545142693,0.6516671640817275,1.4196235258118952,0.9998567699837848,0.8874387502452183,0.903770521748136,1.9356324665819764,0.9998266184288319,0.00017338157116812813,0.006914510665418825,0,0.0,13457.308094263077
1,6,poisson,1.5,750,3.8074166666666667,3.8074166666666667,0.38170043102486406,3.3396165574377523,0.41030014990089225,3.928880239240051,0.6720729917846571,1.2637857504869878,-0.0023436071813816867,0.005983114694204081,0.007013856579666339,45689,1.0,1.0,20175,1.0,1.68125,-0.7014064065228635,-0.7378082237509559,0.9438814942255797,0.6503669561086997,1.4244251085762198,0.9998753660268433,0.8878851712830186,0.8943470044806155,1.9545264169313272,0.999868677362166,0.00013132263783405195,0.007911829297817108,0,0.0,13457.308094263077
1,6,minvar,1.5,750,3.761416666666667,3.761416666666667,0.3731203201473775,3.221138149136998,0.3997280739449891,3.761723925613593,0.678493031348013,1.269362535999385,0.009266751112957255,0.0034272978356420514,0.008797717283390079,45137,1.0,1.0,19926,1.0,1.6605,-0.6947372560616958,-0.7378809793526719,0.941206738503101,0.6489018677826134,1.4181213506645645,0.9998397554664927,0.882571123479759,0.9066789341880387,1.9295864294246992,0.9996676784013115,0.0003323215986884374,0.007980034331419451,0,0.0,13457.308094263077
1,6,weighted,1.6,800,4.381541420559067,4.381541420559067,0.4473489850129897,4.067523707176396,0.48249709852026235,4.803970430148786,0.6689339720653565,1.2636318314284205,-0.0005551225045020495,0.0025086267161942275,0.00500818052525975,12000,0.9191878533429187,2.7548537367839927,5575,0.9859753622368607,1.8475798885101382,-0.7334161503694987,-0.742060755812943,0.958395904473681,0.6609387358937903,1.450767410213353,0.999976621260548,0.9168016865196686,0.8462892117521246,2.0554418814140587,0.9997775849677325,0.0002224150322676011,0.007823684697971674,0,0.0,13457.308094263077
1,6,weighted_resample,1.6,800,4.381541420559067,4.381541420559067,0.4473489850129897,4.067523707176396,0.48249709852026235,4.803970430148786,0.6689339720653565,1.2636318314284205,-0.0005551225045020495,0.0025086267161942275,0.00500818052525975,12000,0.9191878533429187,2.7548537367839927,5575,0.9859753622368607,1.8475798885101382,-0.7334161503694987,-0.742060755812943,0.958395904473681,0.6609387358937903,1.450767410213353,0.999976621260548,0.9168016865196686,0.8462892117521246,2.0554418814140587,0.9997775849677325,0.0002224150322676011,0.007823684697971674,0,0.0,13457.308094263077
1,6,poisson,1.6,800,4.389833333333334,4.389833333333334,0.4540907771035705,4.17435112200511,0.48977989305039704,4.942581808145685,0.6627579869815358,1.2597117836752458,-0.0016580488662741148,0.0068708690170807265,0.008315053263492836,52678,1.0,1.0,22217,1.0,1.8514166666666667,-0.7266739232748504,-0.7376871644637569,0.9581515109934551,0.6582162438796043,1.4579573123350071,0.9999804771285186,0.9163225448583914,0.83749802449437,2.0784166001756437,0.9997342344052546,0.00026576559474543454,0.007868410389115926,0,0.0,13457.308094263077
1,6,minvar,1.6,800,4.332333333333334,4.332333333333334,0.4433982984131126,4.026455314685335,0.47676274571264654,4.738758693465563,0.6686429150981484,1.2645671702221986,0.009115918600970096,0.0035161042923301166,0.009414570756181944,51988,1.0,1.0,21976,1.0,1.8313333333333333,-0.7210952006009517,-0.7374067569035744,0.9562172493923817,0.6567880254217283,1.4545049213043417,0.999973033172515,0.9124614656122485,0.8489015098381684,2.0601083327705156,0.9996345310456259,0.0003654689543740863,0.008309784464607575,0,0.0,13457.308094263077
1,6,weighted,1.7,850,5.074037233263229,5.074037233263229,0.5375601693069615,5.16730534124105,0.5831913597209484,6.175193795071699,0.6562685457231761,1.265175345923153,-0.000491147795069725,0.0017974089359899647,0.004181239883177582,12000,0.8771595288795296,3.4010712323139343,5485,0.9761890930294526,1.9962787564779876,-0.7468820132246483,-0.7417363097945623,0.9698359765806348,0.6658455407736836,1.4818072840014886,0.9999975266804167,0.9396664100374355,0.7921661075674953,2.1716317557054827,0.9996596913756333,0.0003403086243668141,0.007704851369468684,0,0.0,13457.308094263077
1,6,weighted_resample,1.7,850,5.074037233263229,5.074037233263229,0.5375601693069615,5.16730534124105,0.5831913597209484,6.175193795071699,0.6562685457231761,1.265175345923153,-0.000491147795069725,0.0017974089359899647,0.004181239883177582,12000,0.8771595288795296,3.4010712323139343,5485,0.9761890930294526,1.9962787564779876,-0.7468820132246483,-0.7417363097945623,0.9698359765806348,0.6658455407736836,1.4818072840014886,0.9999975266804167,0.9396664100374355,0.7921661075674953,2.1716317557054827,0.9996596913756333,0.0003403086243668141,0.007704851369468684,0,0.0,13457.308094263077
1,6,poisson,1.7,850,5.094916666666666,5.094916666666666,0.5470005533070267,5.311944593202968,0.593056729913447,6.349029931656167,0.651425235415307,1.2573107619909119,-0.0021624757843043897,0.006416082505201025,0.007557519247804036,61139,1.0,1.0,23638,1.0,1.9698333333333333,-0.7418971044264813,-0.7387094983960091,0.9697094075367244,0.6636981451934411,1.4877431945665744,0.9999980765415705,0.9394197477023124,0.7847733934497928,2.1907359918494436,0.9996074518719639,0.0003925481280361144,0.008499079790450859,0,0.0,13457.308094263077
1,6,minvar,1.7,850,5.034166666666667,5.034166666666667,0.5332732033521982,5.112453997338678,0.5763738467554735,6.075575901962514,0.6592436234724932,1.2670252135611095,0.007393468229055942,0.0022209060130554945,0.009725845852705806,60410,1.0,1.0,23551,1.0,1.9625833333333333,-0.7371271334894425,-0.7374462513189022,0.9679297635421712,0.6619427198969091,1.4858908944779576,0.9999970001215597,0.9358625269627828,0.7958848329161503,2.1758969560397654,0.9995365005793743,0.0004634994206257242,0.008307644301676131,0,0.0,13457.308094263077
1,6,weighted,1.8,900,5.891720409936405,5.891720409936405,0.6538522651286827,6.672989271923479,0.714303899788673,8.086881693768671,0.6346404887913273,1.2650739840583203,-0.0006469921175862224,0.00158642816224784,0.0033180650404438603,12000,0.8193439391032241,4.1962531478154785,5010,0.961016380413435,1.9834948021841823,-0.7557436205274108,-0.7435659301858794,0.9784487306461349,0.6701168956694601,1.5034442355761597,0.9999998769521286,0.9568909574386515,0.7418117323593588,2.26531093810185,0.9995879962581106,0.0004120037418894083,0.008657828525321083,0,0.0,13457.308094263077
1,6,weighted_resample,1.8,900,5.891720409936405,5.891720409936405,0.6538522651286827,6.672989271923479,0.714303899788673,8.086881693768671,0.6346404887913273,1.2650739840583203,-0.0006469921175862224,0.00158642816224784,0.0033180650404438603,12000,0.8193439391032241,4.1962531478154785,5010,0.961016380413435,1.9834948021841823,-0.7557436205274108,-0.7435659301858794,0.9784487306461349,0.6701168956694601,1.5034442355761597,0.9999998769521286,0.9568909574386515,0.7418117323593588,2.26531093810185,0.9995879962581106,0.0004120037418894083,0.008657828525321083,0,0.0,13457.308094263077
1,6,poisson,1.8,900,5.9199166666666665,5.9199166666666665,0.6669047272292287,6.898484139398499,0.7274621541491596,8.327120934663112,0.6316861116625392,1.2569220394161735,-0.002071695202172181,0.006170599762999749,0.005442019992096981,71039,1.0,1.0,23819,1.0,1.9849166666666667,-0.7519022297854893,-0.7428821213764675,0.9781729586668392,0.6671068269672153,1.5113713537657107,0.999999906897973,0.9563453959209884,0.7358346006246772,2.2869299413264392,0.9993665451371782,0.0006334548628218302,0.009517951106147105,0,0.0,13457.308094263077
1,6,minvar,1.8,900,5.857833333333334,5.857833333333334,0.6498236488441175,6.638549002793154,0.7067630111966716,7.971472872510215,0.6444174901143778,1.2651950876100362,0.00748752001343335,0.0017063941106736735,0.00740224846829992,70294,1.0,1.0,23823,1.0,1.98525,-0.7484493533356793,-0.7404278159855343,0.9770106290311664,0.6657461869752809,1.5108039551988233,0.9999998205238221,0.954021437538511,0.7462821852855941,2.275325725112053,0.9993313796341081,0.0006686203658918257,0.008793364830893992,0,0.0,13457.308094263077
1,6,weighted,1.9000000000000001,950,6.852174623614618,6.852174623614618,0.8060875979166139,8.79125027956904,0.8871025309420411,10.790850977243803,0.6101010605459871,1.263892726361818,-0.0011476174680550308,0.0016430136451219897,0.002773528667459935,12000,0.7485475688527085,5.171233439848225,4302,0.9125980014384165,1.8403371312300147,-0.7607349119559862,-0.7471690877019095,0.9846785380648968,0.6753967532459138,1.512523892521846,0.9999999976626253,0.9693532086143393,0.6981925245664279,2.3270609420918853,0.999508792503057,0.0004912074969428197,0.009061866540049417,0,0.0,13457.308094263077
1,6,weighted_resample,1.9000000000000001,950,6.852174623614618,6.852174623614618,0.8060875979166139,8.79125027956904,0.8871025309420411,10.790850977243803,0.6101010605459871,1.263892726361818,-0.0011476174680550308,0.0016430136451219897,0.002773528667459935,12000,0.7485475688527085,5.171233439848225,4302,0.9125980014384165,1.8403371312300147,-0.7607349119559862,-0.7471690877019095,0.9846785380648968,0.6753967532459138,1.512523892521846,0.9999999976626253,0.9693532086143393,0.6981925245664279,2.3270609420918853,0.999508792503057,0.0004912074969428197,0.009061866540049417,0,0.0,13457.308094263077
1,6,poisson,1.9000000000000001,950,6.898,6.898,0.8231097466981,9.089015003666258,0.9034118589311183,11.070158823530962,0.6061261715876582,1.2516554926725552,-0.0022231326114213806,0.00591935787725554,0.005366322112102011,82776,1.0,1.0,21895,1.0,1.8245833333333332,-0.7594584678706187,-0.7489683716437778,0.9843818876935555,0.6712230958736887,1.5238582631531559,0.9999999983682532,0.9687637770188579,0.6943912684910737,2.353325257815238,0.9992993138107664,0.0007006861892335942,0.009890462774200763,0,0.0,13457.308094263077
1,6,minvar,1.9000000000000001,950,6.808666666666666,6.808666666666666,0.8004584949047048,8.748478298975712,0.8759357832006125,10.600891157397037,0.6154460748774242,1.2604988560546668,0.0076727204264601,0.0016248089334600913,0.0075586498161021205,81704,1.0,1.0,22403,1.0,1.8669166666666666,-0.7554515374458103,-0.7461574018688386,0.9836242327593492,0.6705340951305445,1.5228946456457635,0.9999999963878189,0.9672484691308796,0.7019446887285049,2.343844602563022,0.9991799667090963,0.0008200332909037502,0.009344055602182353,0,0.0,13457.308094263077
1,6,weighted,2.0,1000,7.970594161091946,7.970594161091946,1.0037441655691737,11.747339402697,1.1122644820695549,14.5384208467905,0.5657476881097924,1.2611327234451228,-0.0017249990954206172,0.001440550569638915,0.0023987750585515296,12000,0.6705001802823007,6.2625647623804905,3635,0.9182956377382346,1.6140975500504329,-0.7622881519018531,-0.7509480230861723,0.9891588594348749,0.6846681524052368,1.502630980523789,0.9999999999928046,0.9783078510707907,0.6639373980581391,2.3420879573620677,0.9994316907654452,0.0005683092345548354,0.009926100930976374,0,0.0,13457.308094263077
1,6,weighted_resample,2.0,1000,7.970594161091946,7.970594161091946,1.0037441655691737,11.747339402697,1.1122644820695549,14.5384208467905,0.5657476881097924,1.2611327234451228,-0.0017249990954206172,0.001440550569638915,0.0023987750585515296,12000,0.6705001802823007,6.2625647623804905,3635,0.9182956377382346,1.6140975500504329,-0.7622881519018531,-0.7509480230861723,0.9891588594348749,0.6846681524052368,1.502630980523789,0.9999999999928046,0.9783078510707907,0.6639373980581391,2.3420879573620677,0.9994316907654452,0.0005683092345548354,0.009926100930976374,0,0.0,13457.308094263077
1,6,poisson,2.0,1000,8.031166666666667,8.031166666666667,1.0237341974896725,12.07301948214081,1.1305754745390977,14.817775335572675,0.5601698800938073,1.246382378718026,-0.0036922619410187677,0.006122078921206864,0.005698920902576883,96374,1.0,1.0,19750,1.0,1.6458333333333333,-0.7661746646130256,-0.7525708749297082,0.9888473777595859,0.6827569595096041,1.507118632509531,0.9999999999963529,0.9776947555228187,0.6617292638956139,2.352508001123448,0.9992321580509266,0.0007678419490734016,0.010780072962790677,0,0.0,13457.308094263077
1,6,minvar,2.0,1000,7.902583333333333,7.902583333333333,0.9925510488255713,11.601515312073747,1.092842659310578,14.168036887288853,0.5758050568848381,1.257888099934989,0.007111047961092095,0.0019499664816932966,0.007257888907221934,94831,1.0,1.0,19849,1.0,1.6540833333333333,-0.760844132408859,-0.751309684424933,0.9882612640948529,0.6804391990354013,1.5117274592732073,0.9999999999857464,0.9765222806296494,0.6669619304506524,2.3565108045152248,0.9990298531071063,0.000970146892893674,0.01110880748414949,0,0.0,13457.308094263077
