step,t,N,K,M_u,M_v,xc_x,xc_y,L,h_eff,S_u,R2,R_0.1,R_0.2,R_0.5,R_0.8,R_0.9,R_0.99,N_0.5,N_0.8,N_0.9,R50_over_heff,peak_PK_u,peak_PK_v,S_L2_u,S_L2,outside_v_frac,drift_cfl,n_birth,n_death
0,0.0,80000,10,31.41592653589793,31.41592653589793,-0.00017592213060875532,-0.00010815205978851175,0.41502970175702614,0.04150297017570261,0.011908612310654645,0.10912658846795609,0.03541177348271342,0.05167699561835202,0.09075627577967588,0.1383432339190087,0.16597825787289616,0.23297720922277604,40000,64000,72000,2.186741705363728,836.3707353298093,421.681559471009,114.84426357571611,114.84426357571611,0.000375,0.7955463791998602,0,0
4,1e-06,80000,10,31.41592653589793,31.41592653589793,-0.00015962067394973737,-0.00010031045271893913,0.4086947835057432,0.04086947835057432,0.011550286114100342,0.10747225741604362,0.03454002756060604,0.049754880632691026,0.08868247433539783,0.13623159450191438,0.16416895578031096,0.23244090608452855,40000,64000,72000,2.169894941518176,893.3068771312585,421.5980581787735,117.48353264863619,117.48353264863619,0.000475,0.7988314666343652,0,0
8,2e-06,80000,10,31.41592653589793,31.41592653589793,-0.000134993397650369,-0.00010387049364808288,0.4025978375307998,0.04025978375307998,0.011202463532586847,0.10584169090007418,0.033737642089789396,0.04794517909751595,0.08666796928790242,0.13419927917693328,0.16227516413894033,0.23195058889803996,40000,64000,72000,2.1527182018525397,955.5953312732106,420.1471730638722,120.30937274152572,120.30937274152572,0.000525,0.8029049269592775,0,0
12,3e-06,80000,10,31.41592653589793,31.41592653589793,-0.00011229130650141257,-0.0001010240220388734,0.3961588327838095,0.03961588327838095,0.01086104896506371,0.10421635651405066,0.03292046599195314,0.046329356027856025,0.0847384260487476,0.13205294426126982,0.16045594963260731,0.23096022074881944,40000,64000,72000,2.139001305443334,1019.5860934486353,419.42050702991077,123.34037037577468,123.34037037577468,0.0006375,0.8092887786704438,0,0
16,4e-06,80000,10,31.41592653589793,31.41592653589793,-7.660730447982752e-05,-8.646938698748117e-05,0.3896539733762006,0.03896539733762006,0.010531500886914605,0.10262310113670609,0.03229972574504037,0.044934518543948615,0.08279926245971705,0.12988465779206687,0.15866076340058027,0.23036499639767344,40000,64000,72000,2.124943363012407,1089.4061700225936,420.2537884872568,126.568039767251,126.568039767251,0.00075,0.8113889271485784,0,0
20,4.9999999999999996e-06,80000,10,31.41592653589793,31.41592653589793,-4.56105687269151e-05,-7.7945697601698e-05,0.38319301534768735,0.038319301534768736,0.010213034517992103,0.10105955926082452,0.03164468672395973,0.043639939968127636,0.08094243858128863,0.12773100511589577,0.15690530088524304,0.22953966849481242,40000,64000,72000,2.1123150824616705,1160.8350463530523,420.63296267481303,129.98080334546947,129.98080334546947,0.000925,0.8148867646422304,0,0
24,6e-06,80000,10,31.41592653589793,31.41592653589793,-4.894217576966209e-06,-7.324555963217412e-05,0.37707611633173715,0.03770761163317372,0.009908059221477266,0.0995392345835413,0.03102298656627967,0.04249325448840411,0.07923182562549305,0.12569203877724572,0.155026652540793,0.22923768806359032,40000,64000,72000,2.1012157013887327,1241.1158707852803,421.08899145034593,133.55873076515294,133.55873076515294,0.00115,0.8200345132850799,0,0
28,7e-06,80000,10,31.41592653589793,31.41592653589793,3.0287010126454186e-05,-6.13039697243456e-05,0.37093740641343526,0.03709374064134353,0.009614555759499054,0.0980538411256747,0.030419595601168716,0.04145898260783945,0.07742811640529418,0.12364580213781175,0.15332376426351482,0.2277802221234327,40000,64000,72000,2.0873633951868205,1327.8526325263383,420.0129162759161,137.31461991704649,137.31461991704649,0.0014875,0.8267677326770192,0,0
32,8e-06,80000,10,31.41592653589793,31.41592653589793,6.0283346879426664e-05,-5.496632883203858e-05,0.3651125139177146,0.03651125139177146,0.009331785489948603,0.09660116712518851,0.0299748497610033,0.04056070937818247,0.07583001326176081,0.12170417130590486,0.1512945737821124,0.22715972990557076,40000,64000,72000,2.07689439203529,1414.1056929721155,419.21635082435455,141.22400322780544,141.22400322780544,0.0018125,0.8307982469027658,0,0
36,9e-06,80000,10,31.41592653589793,31.41592653589793,7.770467951310374e-05,-5.131585029667485e-05,0.3591871429770444,0.03591871429770444,0.009059858133525925,0.0951832870493866,0.029584155033801345,0.03978086665679907,0.0742551319191314,0.1197290476590148,0.14937501596293715,0.22585116845020986,40000,64000,72000,2.0673104082647256,1504.20949291953,419.10444708295205,145.3238150195894,145.3238150195894,0.0023125,0.836341707270117,0,0
40,9.999999999999999e-06,80000,10,31.41592653589793,31.41631923497963,9.013658698493408e-05,-5.198327483419565e-05,0.353365788403997,0.0353365788403997,0.008800222782658108,0.09380950262451085,0.02918930249941662,0.03905316870397907,0.07272290635112286,0.11778859613466566,0.14743574657315894,0.22561100745586446,40000,64000,72000,2.0580064266996896,1603.2330319875368,419.6148194564818,149.59156346678023,149.59156346678023,0.0025249684378945265,0.8395252564171959,0,0
44,1.1e-05,80000,10,31.41592653589793,31.41631923497963,9.360536905876454e-05,-4.474038003169914e-05,0.3476951828694744,0.03476951828694744,0.008549330638894438,0.09246259048336489,0.02896104528747389,0.038445409248185035,0.07112919986826702,0.11589839428982479,0.1455063972763576,0.22463418712335623,40000,64000,72000,2.045734406822918,1711.374677018172,419.8990485653375,153.98190990306165,153.98190990306165,0.0031624604692441346,0.8412648425793802,0,0
48,1.2e-05,80000,10,31.41592653589793,31.41592653589793,6.639182362733744e-05,-2.0193322822925416e-05,0.34151489442802574,0.03415148944280257,0.008309011015905511,0.09115377675063996,0.028719493050434128,0.03784320206619646,0.06955050552830223,0.11383829814267524,0.14369054753711405,0.2237005075703617,40000,64000,72000,2.0365292015970917,1843.4706482842673,420.5599372783809,158.62938493512706,158.62938493512706,0.003875,0.8471965965702386,0,0
52,1.3e-05,80000,10,31.41592653589793,31.41592653589793,4.8542015435760347e-05,-4.311782886981525e-06,0.3357469900370063,0.03357469900370063,0.008080862560803296,0.08989361802043178,0.028545251194588,0.037249498699765723,0.06791069000330974,0.11191566334566877,0.14187742932639844,0.2228258023341079,40000,64000,72000,2.0226745739648946,1985.0983333461245,420.7673229553316,163.55167509325216,163.55167509325216,0.004675,0.8522278594301506,0,0
56,1.4e-05,80000,10,31.41592653589793,31.415533836816234,3.374530241751821e-05,3.600355046216941e-05,0.3297871393168519,0.03297871393168519,0.00785968501676719,0.08865486459730898,0.02848743796789485,0.03673807924867017,0.06633215858747585,0.10992904643895063,0.13990959740291412,0.22191522005396533,40000,64000,72000,2.0113628058656783,2134.4990894504253,421.03489572087165,168.79913064067392,168.79913064067392,0.005350066875835948,0.8529928130888884,0,0
60,1.4999999999999999e-05,80000,10,31.41592653589793,31.415533836816234,-4.607908477854894e-06,7.966472010013253e-05,0.32425816363750715,0.03242581636375071,0.007647681869252232,0.08745102554717259,0.028416526506344138,0.03634500373558041,0.06448278273817955,0.10808605454583571,0.13807464836445985,0.22086541497224166,40000,64000,72000,1.9886248048411752,2284.447359877028,422.4013352626544,174.08617467033875,174.08617467033875,0.0062250778134726684,0.8528022155617735,0,0
64,1.6e-05,80000,10,31.41592653589793,31.415533836816234,-8.102350062922566e-05,0.0001388112793843745,0.3191422636870741,0.03191422636870741,0.007444332634164141,0.0862805460933352,0.02820204590895362,0.03601228272296237,0.06248004464139223,0.10638075456235804,0.13624218184187276,0.22007277377634338,40000,64000,72000,1.9577489963114152,2431.9829271247845,423.59230960407797,179.45302341059923,179.45302341059923,0.007287591094888686,0.8651773031832293,0,0
68,1.7e-05,80000,10,31.41592653589793,31.415533836816234,-0.0001610104224339087,0.0001935467098609273,0.31408320866569234,0.031408320866569236,0.007251422881584291,0.08515528686807584,0.02807027100071036,0.035712232855445364,0.06062917794536026,0.10469440288856412,0.13458356951291697,0.21910782579963448,40000,64000,72000,1.9303540040529028,2609.563154059349,423.35512087890356,184.9703505288072,184.9703505288072,0.008450105626320328,0.8712030450238892,0,0
72,1.8e-05,80000,10,31.41592653589793,31.41592653589793,-0.00024426971394811593,0.0002987031820173846,0.30922433898896184,0.030922433898896186,0.007068089842597174,0.08407193254943753,0.02786561971314254,0.035348163164028695,0.058684785374497256,0.10307477966298728,0.1330738372547685,0.21825669585267424,40000,64000,72000,1.8978061547927532,2804.2402066581417,423.8545013836576,190.54919337327644,190.54919337327644,0.0096375,0.8790477429269579,0,0
76,1.8999999999999998e-05,80000,10,31.41592653589793,31.415533836816234,-0.0003259897955812381,0.0004481718335368089,0.30489340815759375,0.030489340815759373,0.00689144410140353,0.08301472219674971,0.027833797493327928,0.03497310257183604,0.05688034737098144,0.10163113605253125,0.13152956659099574,0.2174339092034485,40000,64000,72000,1.8655814080959416,3006.700323818269,423.54323064242305,196.4735463082049,196.4735463082049,0.01111263890798635,0.8883017444973638,0,0
80,1.9999999999999998e-05,80000,10,31.41592653589793,31.415533836816234,-0.0003788288024938072,0.0005784434438792854,0.3012590363315928,0.030125903633159277,0.006725104439396245,0.08200673411004883,0.027813106446898786,0.03460323680900549,0.05521186155178708,0.1004196787771976,0.12987959295521942,0.2168513346070425,40000,64000,72000,1.8327039156766054,3218.752975089573,425.4143011203243,202.44410763105435,202.44410763105435,0.012187652345654321,0.8978748744119578,0,0
84,2.1e-05,80000,10,31.41592653589793,31.415533836816234,-0.0004227514159712575,0.0006613218794523051,0.29710770958337024,0.029710770958337025,0.006563733072767928,0.08101686906297928,0.027533671199626353,0.03423082641116972,0.053759545178794374,0.09903590319445675,0.12828268553933392,0.21563337555482573,40000,64000,72000,1.8094294912165219,3455.5009275622283,425.8500593182032,208.9641976040647,208.9641976040647,0.013562669533369168,0.898666538398882,0,0
88,2.2e-05,80000,10,31.41592653589793,31.415533836816234,-0.0004838895938683494,0.0007163465331976192,0.29353492577885526,0.029353492577885526,0.006407367085438287,0.08004603104113463,0.027374692299846973,0.03381666860517328,0.05236622014821771,0.09784497525961842,0.12666544430631937,0.21479082831475396,40000,64000,72000,1.7839860115204695,3711.0363713017564,428.19767412189196,215.96563508866802,215.96563508866802,0.015025187814847685,0.9053140316896152,0,0
92,2.3e-05,80000,10,31.41592653589793,31.415533836816234,-0.00048424558431056213,0.0007271868821830559,0.28968172143309817,0.028968172143309816,0.0062602070942809835,0.07912147050125512,0.027410619929546732,0.03349346279532573,0.05088385422384101,0.09656057381103272,0.12506613980616615,0.21374922085673084,40000,64000,72000,1.7565434909773072,3968.107076720116,426.6682452344676,223.23791032084102,223.23791032084102,0.0166752084401055,0.9102033991610843,0,0
96,2.4e-05,80000,10,31.41592653589793,31.415533836816234,-0.0004509277177258266,0.0007531958043829214,0.28525256510559294,0.028525256510559295,0.00612328260154371,0.07825140638700183,0.02749026707497276,0.033547157430603325,0.049564827524852334,0.09508418836853098,0.12348802013808213,0.21279783325383106,40000,64000,72000,1.7375769261357823,4241.840202687184,427.6254646644558,230.8942167498105,230.8942167498105,0.018675233440418004,0.9212376620077095,0,0
100,2.4999999999999998e-05,80000,10,31.41592653589793,31.415533836816234,-0.000418714587120658,0.000751290571030747,0.28135091438445486,0.028135091438445486,0.005987161975602037,0.07737675345736623,0.027486563635378686,0.03339793845332192,0.04827900950332392,0.09378363812815162,0.12201286832333352,0.21136214293072528,40000,64000,72000,1.7159713025617742,4497.204764045818,426.33006631605025,238.3331262369293,238.3331262369293,0.020700258753234415,0.9258660147136456,0,0
104,2.6e-05,80000,10,31.41592653589793,31.415533836816234,-0.00040392279319209553,0.0007300621069433253,0.2776030056086013,0.02776030056086013,0.005859614072188204,0.07654811605903965,0.027556271398736773,0.03326321877309262,0.0473147346054273,0.09253433520286711,0.12051327259190811,0.2102696809008779,40000,64000,72000,1.7044028216372198,4711.629783212896,426.8438893179528,245.1471959239413,245.1471959239413,0.022812785159814497,0.9351466915184943,0,0
108,2.7e-05,80000,10,31.41592653589793,31.415533836816234,-0.0003239385731963502,0.0007439340641546279,0.2739584666876693,0.027395846668766932,0.005736435459042807,0.07573925969431446,0.02758320190534045,0.03302629242412002,0.04632658848248669,0.09131948889588977,0.11879727267634786,0.20934074380688628,40000,64000,72000,1.6910077298432995,4929.158640765828,427.4100882057117,252.13131435560638,252.13131435560638,0.024825310316378954,0.9342001713801449,0,0
112,2.8e-05,80000,10,31.41592653589793,31.415533836816234,-0.00018804089595040848,0.0007324322576746598,0.2700904484308384,0.027009044843083842,0.0056192551451345095,0.07496169118379407,0.027950494477943923,0.033024192607273746,0.04534341705520776,0.09003014947694614,0.11712836289438158,0.20815132153592505,40000,64000,72000,1.6788234207704227,5170.360845976631,426.86256022238274,258.9917333844428,258.9917333844428,0.027450343129289116,0.9397917488397908,0,0
116,2.9e-05,80000,10,31.41592653589793,31.415533836816234,-4.73610896927168e-06,0.0007103538330979523,0.26602295644206486,0.026602295644206485,0.00550028368105377,0.07416389742356971,0.028214218222857693,0.03313845753251585,0.04447290275664741,0.08867431881402162,0.11519305158278387,0.2068074362809981,40000,64000,72000,1.6717693597369232,5415.6094573498685,428.9348998870831,266.2338306319063,266.2338306319063,0.030262878285978574,0.9551835863396331,0,0
120,2.9999999999999997e-05,80000,10,31.41592653589793,31.415533836816234,9.159386062877018e-05,0.0007522439081805571,0.26212687665269646,0.026212687665269647,0.005389657230619303,0.07341428492207291,0.028494454342420768,0.03312253006092322,0.04396569466545737,0.08737562555089882,0.11325573826641604,0.20622101350304628,40000,64000,72000,1.6772677119908412,5630.207105533011,429.70686401117456,273.8258005003424,273.8258005003424,0.03348791859898249,0.9595788457374094,0,0
124,3.1e-05,80000,10,31.41592653589793,31.415533836816234,0.00019424286866885783,0.0007622195704973348,0.2584533742470557,0.025845337424705572,0.005283215749789134,0.07268573278016212,0.02876797532185839,0.03317835508717035,0.043566070337176466,0.08615112474901858,0.11175245811537976,0.20507661251678785,40000,64000,72000,1.6856452528080224,5802.395216857887,431.29158053136103,281.58863234937917,281.58863234937917,0.03661295766197077,0.9682052137600644,0,0
128,3.2e-05,80000,10,31.41592653589793,31.415533836816234,0.00037896910908877593,0.0007637495716832047,0.254799448778028,0.0254799448778028,0.0051792212194054265,0.07196680637214234,0.02919004906854868,0.0332537882477287,0.04316843748383138,0.084933149592676,0.11000097393149426,0.20358732303688754,40000,64000,72000,1.6942123576349708,6092.132014338352,432.26317680759763,290.79057228545236,290.79057228545236,0.03965049563119539,0.9812141524501596,0,0
132,3.2999999999999996e-05,80000,10,31.41592653589793,31.415533836816234,0.0004557139192381985,0.0006748984578272568,0.25157304923453766,0.025157304923453767,0.005079492011642301,0.0712705550114653,0.0294912178341979,0.03334923228716686,0.042711277202455496,0.08385768307817922,0.10832039216476196,0.2021173972830673,40000,64000,72000,1.6977683950015023,6369.127628086318,431.67069678943295,299.6748868737092,299.6748868737092,0.042888036100451256,0.9936364525330388,0,0
136,3.4e-05,80000,10,31.41592653589793,31.415533836816234,0.0004541076608238176,0.0005917240722446383,0.24789268394888875,0.024789268394888875,0.0049832379402863876,0.0705920529541845,0.02944492068460863,0.03340272033905788,0.04227129148955745,0.08263089464962958,0.10671058191309452,0.20131327762904055,40000,64000,72000,1.7052254554746389,6671.253878676339,433.76064116387306,308.696181156796,308.696181156796,0.04651308141351767,0.9968569511797267,0,0
140,3.5e-05,80000,10,31.41592653589793,31.415141137734533,0.0005274956153975981,0.0005333232042650287,0.24488611732333115,0.024488611732333115,0.004890815378577331,0.06993436478997525,0.029808087254399488,0.03351092292066837,0.042030270395724774,0.08162870577444371,0.10540707794821884,0.20028358746231537,40000,64000,72000,1.7163190325007618,7060.903843157416,433.83473167901616,319.126947261187,319.126947261187,0.04995124878121953,0.9936663329564593,0,1
144,3.6e-05,80000,10,31.41592653589793,31.415141137734533,0.00044237959346745754,0.0005546152183488264,0.24173809545617322,0.024173809545617323,0.004803776067853438,0.06930927836771524,0.03003801853411958,0.03353252489146364,0.041903352301110613,0.08057936515205774,0.10449590288144088,0.19850313681763068,40000,64000,72000,1.733419477059942,7455.688318960025,434.1057115959156,328.8056300949683,328.8056300949683,0.0536638415960399,0.9970802342759616,0,0
148,3.7e-05,80000,10,31.41592653589793,31.415141137734533,0.00041224111871220997,0.0006058566704346932,0.2390594577535165,0.02390594577535165,0.004723736162830199,0.06872944174682491,0.03022178168066819,0.03383912629010695,0.041638201928045376,0.07968648591783883,0.10371374411461608,0.19708559098959516,40000,64000,72000,1.7417508731646445,7839.99088174601,438.62041606120334,337.35628553741503,337.35628553741503,0.056963924098102456,0.999238830644113,0,0
152,3.7999999999999995e-05,80000,10,31.41592653589793,31.415141137734533,0.0005322840299067112,0.0006953944139441489,0.23589589033773425,0.023589589033773426,0.004639247635274992,0.06811202269258337,0.03053863116362802,0.03418321086239971,0.041088012100457996,0.07863196344591142,0.1029724193584343,0.19593837066522474,40000,64000,72000,1.7417858378809363,8394.230761909155,442.2062456581664,347.4637259519916,347.4637259519916,0.06126403160079002,0.9884138731984919,0,0
156,3.9e-05,80000,10,31.41592653589793,31.415141137734533,0.0006562466107642604,0.0005458118852524418,0.23280687759163943,0.02328068775916394,0.004546474423087008,0.0674275494370588,0.029872152549844017,0.03369718598562037,0.040786752948015884,0.07760229253054647,0.10240725992147318,0.19458110739161716,40000,64000,72000,1.751956530234424,8827.025888962564,441.33692240792817,356.7243780178283,356.7243780178283,0.06542663566589164,0.9920657020529589,0,0
160,3.9999999999999996e-05,80000,10,31.41592653589793,31.415141137734533,0.0007402753326673815,0.0005337960419175621,0.23002024626639128,0.02300202462663913,0.004451085604839443,0.06671645677671621,0.02884385820797796,0.032550554417638496,0.040485116910229144,0.07667341542213042,0.1019435664032982,0.1929389300747268,40000,64000,72000,1.760067540460872,9109.107457658807,443.5207046940373,361.9383092795553,361.9383092795553,0.06978924473111828,1.007476515622923,0,0
164,4.1e-05,80000,10,31.41592653589793,31.415141137734533,0.0007612451582895631,0.0005280419587307947,0.22783188342222677,0.022783188342222677,0.0043672442396467444,0.06608512873292102,0.02828478211256557,0.031727088610398996,0.040178234816888383,0.07594396114074226,0.10137317806464356,0.1916123961729658,40000,64000,72000,1.7635036068427938,9404.200709447368,446.48577862146334,367.0750461119303,367.0750461119303,0.07317682942073551,1.0115585972054493,0,0
168,4.2e-05,80000,10,31.41592653589793,31.415141137734533,0.000685101753447454,0.0005191600517619896,0.22557364306415928,0.022557364306415927,0.00429818945799699,0.06556057853616752,0.02782027462748682,0.03095798725937198,0.04022457468781336,0.07519121435471976,0.10078614275197964,0.19053515960410988,40000,64000,72000,1.7832125305691144,9685.634325162704,446.47240072047924,372.7052244748368,372.7052244748368,0.07655191379784494,1.0136739391971155,0,0
172,4.2999999999999995e-05,80000,10,31.41592653589793,31.415141137734533,0.0005480552991202833,0.0003058733980667336,0.2234942733774463,0.02234942733774463,0.0042306342097539655,0.06504332563571735,0.027402815843722988,0.030204657679040393,0.04027455526577982,0.07449809112581543,0.10011500052712105,0.18893241146422934,40000,64000,72000,1.8020396969081396,9904.823529068135,448.91889435774783,377.17550024129247,377.17550024129247,0.08052701317532938,0.9985421893187383,0,0
176,4.4e-05,80000,10,31.41592653589793,31.415141137734533,0.0003979146788190793,-1.3095074758345311e-05,0.22187062386348513,0.022187062386348513,0.004170608772295529,0.06458025063667319,0.027501080130334355,0.02997911156648214,0.039992696491715385,0.07395687462116171,0.09920293198471763,0.18738166743736145,40000,64000,72000,1.8025232811497618,10041.34675516572,449.4008529324682,379.4509038982783,379.4509038982783,0.08332708317707943,0.9955636619047097,0,0
180,4.4999999999999996e-05,80000,10,31.41592653589793,31.415141137734533,0.0004179937731245099,-0.00026129187544450994,0.22081086794499752,0.02208108679449975,0.004123455922783994,0.06421414114339609,0.02766007948850143,0.030231965384129686,0.03973121001019111,0.0736036226483325,0.09845526952817342,0.18616732705249106,40000,64000,72000,1.799332178708155,10259.983136469922,446.9863206928401,381.3258955384055,381.3258955384055,0.08521463036575914,1.0022960195996096,0,0
184,4.6e-05,80000,10,31.41592653589793,31.415141137734533,0.0005784316878675393,-0.00032790248662047415,0.2198971914237278,0.021989719142372778,0.004086912136275891,0.06392896163927497,0.027685972404784775,0.030706726323549757,0.03964324681873793,0.07329906380790926,0.09776754990025847,0.18462425490387369,40000,64000,72000,1.8028082378891297,10644.290214057784,447.52774334275847,383.9443874055965,383.9443874055965,0.08691467286682167,1.0102170462131603,0,0
188,4.7e-05,80000,10,31.41592653589793,31.415141137734533,0.0007304521418315268,-0.00043153686523443303,0.21855926607513215,0.021855926607513215,0.0040579719107894366,0.06370221276211241,0.027792269177451163,0.031269650209997606,0.039223347784197275,0.07285308869171071,0.09740104086495155,0.18323933369204407,40000,64000,72000,1.7946321146006146,11038.884254860915,446.4793840832473,388.52355149289724,388.52355149289724,0.0894022350558764,1.0132546000441456,0,0
192,4.8e-05,80000,10,31.41592653589793,31.415141137734533,0.0007582962368629492,-0.0006405808202667578,0.21624686622360018,0.02162468662236002,0.004026192413569528,0.0634522845417683,0.027946615761678464,0.03192675651558393,0.03916137408480096,0.07208228874120005,0.09679333868598809,0.18205764154612744,40000,64000,72000,1.8109568369100864,11517.242296882689,443.9701320522291,394.21784015012736,394.21784015012736,0.09406485162129054,1.0415180888546092,0,0
196,4.9e-05,80000,10,31.41592653589793,31.415141137734533,0.0006873198165853781,-0.0006918713582936585,0.21463347054338333,0.021463347054338333,0.003995287359105351,0.06320828552575486,0.027486431948131752,0.03227230142153358,0.0392307669697817,0.07154449018112778,0.09604781682409981,0.180486439426435,40000,64000,72000,1.8278028524843744,11681.16186671129,439.9032096447896,398.5424491669113,398.5424491669113,0.09742743568589214,1.0613103881502526,0,0
200,4.9999999999999996e-05,80000,10,31.41592653589793,31.414748438652833,0.0008532176189324868,-0.0006942316205600417,0.21326834788007942,0.021326834788007943,0.003966380354604873,0.06297920573177207,0.027644627111271556,0.033021255764472034,0.03961980364001659,0.07108944929335981,0.09494802719237895,0.1787057625160195,40000,64000,72000,1.8577442003862086,11879.627247268985,440.48434578057766,403.8582545820025,403.8582545820025,0.10019125717214396,1.066119201253788,0,0
204,5.1e-05,80000,10,31.41592653589793,31.414355739571135,0.0009270354388141283,-0.0008818657487964048,0.21120785867932013,0.021120785867932014,0.003939134809467157,0.06276252711186156,0.02847419445488638,0.0338645652001815,0.040135328504276604,0.07040261955977338,0.09386706664018564,0.17739848695875238,40000,64000,72000,1.9002762849470785,12276.589149101823,440.7952789017857,412.88942943908995,412.88942943908995,0.10455522776138806,1.0353162352118792,0,0
208,5.2e-05,80000,10,31.41592653589793,31.414355739571135,0.0010260883390546915,-0.0010869914836833443,0.21051466568754393,0.021051466568754392,0.003908415897633993,0.06251732477988796,0.03003767142317419,0.03427345778747732,0.04032162344483457,0.07017155522918131,0.09250414584435375,0.17562903480342396,40000,64000,72000,1.9153831070696938,12478.797672521694,441.9301175947657,418.04339444985663,418.04339444985663,0.1060178008900445,1.0378966264741771,0,0
212,5.3e-05,80000,10,31.41592653589793,31.414355739571135,0.0013391617055906184,-0.001315994532573041,0.20937839114396845,0.020937839114396846,0.0038786224628516944,0.06227858751490511,0.031084436244796655,0.0346779769206131,0.040424632384264345,0.06979279704798948,0.0910895831117001,0.17427869885189223,40000,64000,72000,1.9306974403327224,12614.709847034044,439.55506047607065,421.47876080177394,421.47876080177394,0.10860543027151358,1.0358407262032363,0,0
216,5.4e-05,80000,10,31.41592653589793,31.414355739571135,0.0016294549555585427,-0.0014114439704024984,0.20837278154858288,0.020837278154858287,0.0038603950511709507,0.06213207747348346,0.03126419981056413,0.03506545873869928,0.040716230580659124,0.06945759384952763,0.09032728744154689,0.17240070976477756,40000,64000,72000,1.9540090734530982,12587.767025376594,435.96811101645,421.84681452943397,421.84681452943397,0.11083054152707636,1.017751663494797,0,0
220,5.4999999999999995e-05,80000,10,31.41592653589793,31.414355739571135,0.00175480102161929,-0.0013562859127380176,0.20775598958152744,0.020775598958152744,0.00383479028035636,0.06192568352756681,0.03064837664287953,0.03471813292618125,0.04059663722056442,0.06925199652717581,0.09001730120614361,0.17107953030359732,40000,64000,72000,1.9540537580811126,12584.847720938807,440.5212131159823,420.09494546600985,420.09494546600985,0.11224311215560778,1.008027809069801,0,0
224,5.6e-05,80000,10,31.41592653589793,31.414355739571135,0.0021514602663527406,-0.0014499432339802752,0.2063949151960699,0.02063949151960699,0.0038108969873742802,0.06173246299455644,0.030147660803432796,0.03497860518326072,0.04076565961303494,0.06879830506535663,0.08963646814582042,0.16962751750810667,40000,64000,72000,1.9751290662518795,12708.12640971514,440.1524756473815,423.2022018817093,423.2022018817093,0.1155182759137957,1.0145320996796612,0,0
228,5.6999999999999996e-05,80000,10,31.41592653589793,31.414355739571135,0.002500312791990039,-0.0015671001757819377,0.20548445474100957,0.02054844547410096,0.0038054248452207896,0.06168812564198064,0.029978832285711663,0.035776628414660665,0.041435621846607054,0.0684948182470032,0.08917569617687923,0.16772739182320015,40000,64000,72000,2.0164845023839915,13136.481906183957,445.2169526607551,427.667758465776,427.667758465776,0.11768088404420221,1.0344396472857222,0,0
232,5.8e-05,80000,10,31.41592653589793,31.414355739571135,0.0027286318415354134,-0.0014333704059292366,0.20446260751579992,0.020446260751579994,0.0037841533171633517,0.06151547217703325,0.03017000299193059,0.03620690657500997,0.04107011939282991,0.06815420250526665,0.08904650729922965,0.16680262340136834,40000,64000,72000,2.008686081617941,13643.352947396803,446.70041915046505,430.4480253266848,430.4480253266848,0.12014350717535877,1.0373156092500968,0,0
236,5.9e-05,80000,10,31.41592653589793,31.414355739571135,0.002754399950656061,-0.0015325430676173504,0.203699215025758,0.0203699215025758,0.003754562414239595,0.06127448420215053,0.03070327404744981,0.03653814879810815,0.04099777671234204,0.06789973834191933,0.08912725508625256,0.16470872499561598,40000,64000,72000,2.0126624791930507,13992.392665169118,447.3043719225388,432.6158513014897,432.6158513014897,0.12169358467923397,1.0461047209232344,0,0
240,5.9999999999999995e-05,80000,10,31.41592653589793,31.414355739571135,0.002810441756261994,-0.001776720131489001,0.2037085688051454,0.02037085688051454,0.0037307604438161336,0.06107995124274522,0.030621671919501863,0.03677294891798922,0.04117389599751552,0.0679028562683818,0.08914052734202335,0.1629348412276238,40000,64000,72000,2.0212157121824283,14123.929748296841,442.2731987510269,433.4107680382956,433.4107680382956,0.12170608530426522,1.0747773684877089,0,0
244,6.1e-05,80000,10,31.41592653589793,31.414355739571135,0.002942303405577115,-0.0018354074286708148,0.20477138596615316,0.020477138596615315,0.0037107062090153764,0.0609155662291288,0.03023866571316525,0.03725656610651223,0.04126613716598182,0.06825712865538439,0.08931218311512047,0.16128872516907225,40000,64000,72000,2.0152296655746,14071.410938293715,439.67049832932,431.82512772660266,431.82512772660266,0.11936846842342116,1.0666740302021656,0,0
248,6.2e-05,80000,10,31.41592653589793,31.414355739571135,0.003013306110197175,-0.001851126409748753,0.2064420507434937,0.02064420507434937,0.003686685544710004,0.06071808251838989,0.02931492586269611,0.03750695309460329,0.041078955175479714,0.0688140169144979,0.08943920037612804,0.1591993340599464,40000,64000,72000,1.9898540548078902,13875.150660925194,438.9472428772861,430.34461692232054,430.34461692232054,0.11544327216360818,1.0592998841940453,0,0
252,6.3e-05,80000,10,31.41592653589793,31.414355739571135,0.002959923279401016,-0.001458890029163659,0.20749552243134728,0.02074955224313473,0.0036588273238861114,0.06048824120344475,0.02828545147981201,0.03755551931840668,0.04093475811343462,0.06916517414378243,0.08946546503211113,0.1577079224229343,40000,64000,72000,1.972801997545679,13914.71534130111,439.51487424402404,430.25607984092875,430.25607984092875,0.11311815590779539,1.0268639478231458,0,0
256,6.4e-05,80000,10,31.41592653589793,31.414355739571135,0.0030291175529524278,-0.001098407356274126,0.20774826563445653,0.020774826563445654,0.0036271685019431538,0.06022597863001608,0.02896316499530123,0.03747657218970187,0.04074908537673813,0.06924942187815218,0.08943522653944228,0.15556429166868618,40000,64000,72000,1.9614645278646121,14048.805593691877,441.157039543175,432.01386446602595,432.01386446602595,0.11249312465623282,1.022755091031477,0,0
260,6.5e-05,80000,10,31.41592653589793,31.414355739571135,0.0031969395955561957,-0.0009223943758999257,0.20892724922913933,0.020892724922913934,0.0036041091109390295,0.0600342328254391,0.030322494748886056,0.037407575667176965,0.04068393310213797,0.06964241640971311,0.08932693787976191,0.1539674627376609,40000,64000,72000,1.947277497418165,13981.899948031232,440.0722662434371,432.0858584340427,432.0858584340427,0.1096804840242012,1.0402564181770102,0,0
264,6.599999999999999e-05,80000,10,31.41592653589793,31.414748438652833,0.0032853115383752766,-0.0010689385906187646,0.20859272515663269,0.020859272515663267,0.003580104728993753,0.059833976376250916,0.03108622182432241,0.03718061895097322,0.04084760901228533,0.06953090838554422,0.08957648336098577,0.15233340098663492,40000,64000,72000,1.9582470568718437,14039.505569113448,442.82531088320167,434.4489735787097,434.4489735787097,0.1106541495306074,1.0887544521316486,0,0
268,6.7e-05,80000,10,31.41592653589793,31.414748438652833,0.003381835946675208,-0.0012161195116227078,0.20948274753219076,0.020948274753219077,0.0035536819518168904,0.05961276668480411,0.03113257877408597,0.03693290659115922,0.04070607033637135,0.06982758251073025,0.08968765214362834,0.15077073658766574,40000,64000,72000,1.9431705386676836,13874.76932580243,443.05500266338174,434.6577063352874,434.6577063352874,0.109004087653287,1.0482352862273736,0,0
272,6.8e-05,80000,10,31.41592653589793,31.414748438652833,0.0033852714501757747,-0.0011991612806242938,0.21040923734244169,0.02104092373424417,0.003516042132234696,0.05929622359168159,0.03114817875482113,0.03643474899311742,0.04032521877892624,0.07013641244748056,0.08922536543555817,0.1487707852561398,40000,64000,72000,1.9165137086304258,13777.204437259265,440.8229729924511,432.81187610619924,432.81187610619924,0.10705401452554471,1.021097856230034,0,0
276,6.9e-05,80000,10,31.41592653589793,31.414748438652833,0.0032754792200011774,-0.0012642567443135893,0.208982736654572,0.0208982736654572,0.0034499787748828157,0.05873651994187956,0.030796677592556915,0.03568081942915279,0.03944689402508368,0.06966091221819067,0.08906631148078738,0.14684552834727738,40000,64000,72000,1.8875671099228417,14081.677534111894,442.46685860633534,435.003127940058,435.003127940058,0.11029163593634761,0.9982271339171097,0,0
280,7e-05,80000,10,31.41592653589793,31.414748438652833,0.0035507204660882394,-0.001212346562035998,0.20842109780226276,0.020842109780226277,0.0034165868591817614,0.058451577046147875,0.030099848932295746,0.03513430495059821,0.03903680090242788,0.06947369926742092,0.08898119990642109,0.14567244466687043,40000,64000,72000,1.8729774151493825,14274.111614146579,445.16994962654655,438.4124101641059,438.4124101641059,0.11146668000050002,0.9966625688039805,0,0
284,7.099999999999999e-05,80000,10,31.41592653589793,31.414748438652833,0.003917945206134937,-0.001156518995367386,0.20726807346087164,0.020726807346087166,0.0033818720175810427,0.05815386502702157,0.029843985931550576,0.03469943723917093,0.03868600200235472,0.06908935782029055,0.0891114478812867,0.14412910136505414,40000,64000,72000,1.866471828313583,14448.304745753378,445.2299412841406,441.79635475894366,441.79635475894366,0.11409177844169156,1.0132355824004464,0,0
288,7.2e-05,80000,10,31.41592653589793,31.414748438652833,0.004196224511134343,-0.001169790712612869,0.20723174435404007,0.02072317443540401,0.0033629248034556408,0.05799073032352361,0.029211656990073966,0.034713889002206046,0.03852493710903872,0.06907724811801336,0.08919101443680469,0.1424960111600775,40000,64000,72000,1.8590268218377641,14515.527204637674,442.24540151404426,442.8216113913976,442.8216113913976,0.11429178594197283,1.0491423865273077,0,0
292,7.3e-05,80000,10,31.41592653589793,31.414748438652833,0.004226267608860806,-0.0015374700504055196,0.20885106275190873,0.020885106275190874,0.0033397113240511717,0.05779023554244412,0.02893956901195451,0.03457189173582146,0.038470806535151655,0.06961702091730292,0.08943451929780578,0.14084029447396376,40000,64000,72000,1.8420211048124082,14093.881304281274,444.5023909867502,439.83338198651023,439.83338198651023,0.1107166518744453,1.0612920534888757,0,0
296,7.4e-05,80000,10,31.41592653589793,31.414748438652833,0.004012629708809315,-0.002053024203817037,0.21049903689038685,0.021049903689038686,0.003308224459600886,0.05751716665136493,0.02906671300212964,0.0343632877417223,0.038047119300750686,0.07016634563012895,0.08907680361071975,0.13941856036754885,40000,64000,72000,1.8074723696034276,13550.743220036924,440.72586967239545,437.8325460088809,437.8325460088809,0.10684150655649587,1.0509359103253344,0,0
300,7.5e-05,80000,10,31.41592653589793,31.414748438652833,0.0038249372825654745,-0.0024451188410234566,0.21175869099302033,0.021175869099302032,0.003280598498101352,0.05727650912984617,0.028540938776103943,0.03435983343038975,0.03754454372182922,0.07058623033100678,0.08820032371497029,0.13817811902026345,40000,64000,72000,1.772987146159999,13228.3761130423,442.89494577099447,438.59227495674287,438.59227495674287,0.10430391139667737,1.0151953655591817,0,0
304,7.599999999999999e-05,80000,10,31.41592653589793,31.414748438652833,0.0036637819946926486,-0.002770086264023187,0.21226885417628932,0.021226885417628932,0.0032573426801761254,0.05707313448704325,0.027926136487107286,0.0343553177914411,0.0373829879223983,0.07075628472542977,0.0872222005209412,0.13651696881717815,40000,64000,72000,1.761115075853367,13081.265635492575,441.58060506126424,439.1905836334515,439.1905836334515,0.10302886358238433,1.0158437827921594,0,0
308,7.7e-05,80000,10,31.41592653589793,31.414748438652833,0.0034974646797924338,-0.0030064931325873546,0.21039263618841708,0.02103926361884171,0.0032366718096002766,0.05689175519880079,0.026585387060602355,0.03461961411868306,0.03766942776558849,0.07013087872947237,0.08658911330041047,0.13504718451153805,40000,64000,72000,1.7904347057020398,13571.86646180063,441.13804562284406,444.95922923436893,444.95922923436893,0.10734152530719902,1.043192001737666,0,0
312,7.8e-05,80000,10,31.41592653589793,31.414748438652833,0.0033088661890555786,-0.003268239875502688,0.20809799513717114,0.020809799513717114,0.0032192387579232525,0.05673833587551941,0.0250114539769511,0.03483737439849061,0.03812025663069103,0.06936599837905705,0.08572156752641717,0.13405575131308234,40000,64000,72000,1.8318416093131245,14088.970458341764,435.8410961213611,450.96976993007763,450.96976993007763,0.11242921609560358,1.080088836300455,0,0
316,7.9e-05,80000,10,31.41592653589793,31.414748438652833,0.0033023227431658655,-0.0034365135060709104,0.20772647337296668,0.020772647337296668,0.00319893585093434,0.05655913587506743,0.02458623681136204,0.03481398908364328,0.038244760853009735,0.0692421577909889,0.08522334241933435,0.13325220748989816,40000,64000,72000,1.8411115459675864,14556.343932696855,439.9755484544542,455.3400371306941,455.3400371306941,0.11375426578496693,1.079032359103865,0,0
320,7.999999999999999e-05,80000,10,31.41592653589793,31.415141137734533,0.003195814602987868,-0.003470818885269857,0.20679769415942806,0.020679769415942805,0.003165267297863391,0.05626070829507385,0.024344511223442486,0.03458745457943505,0.03805587170408756,0.06893256471980935,0.08521240223792564,0.13243400565959465,40000,64000,72000,1.8402464233836604,14982.732961114965,441.49162966253846,461.0552931959502,461.0552931959502,0.11556538913472837,1.0620386255342256,0,0
324,8.099999999999999e-05,80000,10,31.41592653589793,31.414748438652833,0.00310948204166019,-0.003315231685064398,0.2068709967506535,0.02068709967506535,0.003159832194902598,0.05621238471104564,0.024319319117047208,0.03500361687590393,0.03822149625318387,0.0689569989168845,0.08534490010477683,0.1318735792541238,40000,64000,72000,1.8476005265858095,15150.66073455161,441.94038070832573,465.761273253884,465.761273253884,0.11547933047489281,1.0865802140467535,0,0
328,8.2e-05,80000,10,31.41592653589793,31.414748438652833,0.0030162216398458915,-0.0031816349367230524,0.2037026163050994,0.02037026163050994,0.003144376317148415,0.05607473867213663,0.023941600554637583,0.035347545759288425,0.0384317568507067,0.0679008721016998,0.0850393338831765,0.13069262275109716,40000,64000,72000,1.886659953014291,15758.189224858117,447.80680377453274,474.8256694117446,474.8256694117446,0.12300461267297523,1.1360775453662946,0,0
332,8.3e-05,80000,10,31.41592653589793,31.414748438652833,0.003139609274221244,-0.0033721704429391574,0.20192655458846948,0.020192655458846947,0.003150793568016363,0.05613193002219292,0.023834059225144942,0.0359490216311474,0.039111542819470366,0.06730885152948983,0.08392566800863374,0.12979861894443281,40000,64000,72000,1.9369192377486213,16168.350368445432,451.0047825206272,480.04560669201794,480.04560669201794,0.12760478517944424,1.1544705129007784,0,0
336,8.4e-05,80000,10,31.41592653589793,31.414748438652833,0.0032040834986278967,-0.003227129739647652,0.19806069999019504,0.019806069999019505,0.0031518401816808535,0.056141252049458724,0.02326426425072986,0.03687452151910158,0.03965612787337349,0.06602023333006501,0.08291227288855772,0.12824014312138818,40000,64000,72000,2.0022209290049293,16535.15563126015,457.6111180108443,486.6872932134558,486.6872932134558,0.13761766066227485,1.1701756525546263,0,0
340,8.499999999999999e-05,80000,10,31.41592653589793,31.414748438652833,0.0031939704309351517,-0.002842391129697075,0.1942733155250927,0.01942733155250927,0.0031445334690460487,0.056076139926407635,0.022094311980333417,0.03735092556863702,0.03998003848796812,0.06475777184169756,0.08237336353952857,0.12673713732899788,40000,64000,72000,2.05792742970942,16635.53867050263,459.10881883219844,496.13703688048474,496.13703688048474,0.14781804317661912,1.172166477717852,0,0
344,8.599999999999999e-05,80000,10,31.41592653589793,31.414748438652833,0.002963010193952163,-0.0027441722450021306,0.1923567578930308,0.019235675789303082,0.0031002032436708354,0.055679468780429606,0.020933801079182184,0.036839255387089015,0.03950595859872577,0.06411891929767694,0.08146583271928926,0.12567567904062993,40000,64000,72000,2.0537858420703343,17203.774057410068,460.45436649863836,502.27633743027275,502.27633743027275,0.15321824568421316,1.1519895085232092,0,0
348,8.7e-05,80000,10,31.41592653589793,31.414748438652833,0.0025050479502213936,-0.0027876359309064115,0.1930607785972781,0.01930607785972781,0.003056292089292046,0.05528374163614513,0.019982193936600393,0.036165761739385634,0.03864946205336894,0.06435359286575937,0.08015196520594903,0.1249457821095271,40000,64000,72000,2.0019323621392378,17668.86864249028,461.6166637517952,502.4987154704346,502.4987154704346,0.15156818380689277,1.1516427202355322,0,0
352,8.8e-05,80000,10,31.41592653589793,31.414748438652833,0.0019047785347467865,-0.0030567515222081503,0.19401675282250724,0.019401675282250723,0.0030437342618933414,0.055170048594263006,0.019711798776240914,0.03595751493512813,0.038746614355263616,0.06467225094083574,0.07817737011173585,0.12334229231043663,40000,64000,72000,1.9970757056587927,17774.86520580947,464.52530782330973,501.67710059798213,501.67710059798213,0.14876807880295512,1.1272081025100265,0,0
356,8.9e-05,80000,10,31.41592653589793,31.414355739571135,0.0015854573556121987,-0.0035565704097289576,0.19651785710320405,0.019651785710320405,0.0030436484800730884,0.05516927115771141,0.019528171506483418,0.03566499081561372,0.03889078066831221,0.06550595236773468,0.07606078111312559,0.12206431517973719,40000,64000,72000,1.978994745901803,17667.42205467401,462.67748734909327,499.3109811531721,499.3109811531721,0.14176958847942397,1.0870794677624303,0,1
360,8.999999999999999e-05,80000,10,31.41592653589793,31.414355739571135,0.001069149646882696,-0.00404674823451625,0.19634279730183418,0.019634279730183418,0.0030377128693326967,0.055115450368591716,0.019563683430741163,0.035400197029804015,0.039194389653873035,0.06544759910061139,0.07567323596627507,0.12102139898799845,40000,64000,72000,1.9962224330348222,17907.12705744777,461.55985272001914,501.3258177902774,501.3258177902774,0.1424071203560178,1.0952789830529566,0,0
364,9.099999999999999e-05,80000,10,31.41592653589793,31.414355739571135,0.0009629740246698927,-0.004405800766078959,0.19279216487168954,0.019279216487168953,0.0030281531870327803,0.05502865787053851,0.019299557774186175,0.035471335984789985,0.03941680848948491,0.06426405495722985,0.07615058718949849,0.12097675588298902,40000,64000,72000,2.044523360984005,18767.195127040362,464.70225589155706,512.1150003846622,512.1150003846622,0.15254512725636282,1.1232393156902405,0,0
368,9.2e-05,80000,10,31.41592653589793,31.414355739571135,0.000977316833888033,-0.004732425646860909,0.19083077179837848,0.01908307717983785,0.003004780471133773,0.05481587791081862,0.020331230817229862,0.035287114392776105,0.0391827643778718,0.06361025726612617,0.07646001858011502,0.12078006307955043,40000,64000,72000,2.0532728557672133,19355.497542682904,466.60259821878265,514.2029364573177,514.2029364573177,0.15815790789539477,1.084138090235656,0,0
372,9.3e-05,80000,10,31.41592653589793,31.414355739571135,0.0011541515818673013,-0.0049145644854666146,0.19150311346848325,0.019150311346848324,0.00298622208083151,0.05464633638983962,0.0210584184329168,0.034614138299113376,0.03931037927392439,0.06383437115616108,0.076366790258436,0.12019880869229244,40000,64000,72000,2.0527279458771788,19330.753885491456,467.2697863659402,507.2818257796177,507.2818257796177,0.15647032351617582,1.1122619194010517,0,0
376,9.4e-05,80000,10,31.41592653589793,31.414355739571135,0.001504011288881315,-0.005127438996963758,0.19149955670992125,0.019149955670992126,0.002975521432065819,0.054548340323659884,0.021694763196327422,0.03443732791984768,0.03920529581409658,0.06383318556997375,0.07646708464611857,0.11934632072576742,40000,64000,72000,2.0472786719545146,19468.094875133236,465.2967228395007,505.0271763780726,505.0271763780726,0.1568578428921446,1.1219773070256722,0,0
380,9.499999999999999e-05,80000,10,31.41592653589793,31.414355739571135,0.002033038526088149,-0.005243503264205363,0.19149735704753296,0.019149735704753295,0.0029995734286677248,0.054768361566398215,0.021870219648827006,0.03494066697494284,0.0390483925322502,0.06383245234917766,0.07694483078371012,0.11748742208320738,40000,64000,72000,2.0391086923752018,19331.290146559866,458.59160713880703,498.7474228688749,498.7474228688749,0.15707035351767587,1.1006519117121725,0,0
384,9.6e-05,80000,10,31.41592653589793,31.414355739571135,0.002263736067597927,-0.004923922842276302,0.1926726566106866,0.01926726566106866,0.00301068874625031,0.054869743449831344,0.021773611508142474,0.035069017007417415,0.039388096896877445,0.06422421887022887,0.07713487420638185,0.11624508347760876,40000,64000,72000,2.0443013341776273,18942.19249028477,453.15642450949,493.3589813457007,493.3589813457007,0.15367018350917547,1.1155159429250472,0,0
388,9.7e-05,80000,10,31.41592653589793,31.414355739571135,0.002423064200266422,-0.004800512408084187,0.19342833117894193,0.01934283311789419,0.0029986800586827736,0.05476020506428709,0.021301161524806853,0.034925387787453264,0.03956763251488502,0.06447611039298064,0.0770932769332351,0.1145333885253575,40000,64000,72000,2.045596540781853,18768.299788588567,456.0436046095148,493.1901773983437,493.1901773983437,0.15164508225411272,1.0948950560658037,0,0
392,9.8e-05,80000,10,31.41592653589793,31.414355739571135,0.0025537525949172945,-0.004641491358074065,0.19361845597294858,0.01936184559729486,0.002991332016773251,0.05469307101245322,0.020932061673817937,0.035358193480191,0.03900091005673348,0.06453948532431619,0.07701571599820878,0.11350542892701809,40000,64000,72000,2.0143177911811514,18832.113241949795,454.24461256675727,496.3969467451371,496.3969467451371,0.15154507725386268,1.1104623007872323,0,0
396,9.9e-05,80000,10,31.41592653589793,31.41396304048944,0.0026569210874627276,-0.004387285765314158,0.19372769483359253,0.019372769483359253,0.002976181728682076,0.054554392386700415,0.020708908784725425,0.035525181482879094,0.03845039834338797,0.06457589827786418,0.07688102415787276,0.11230867720028896,40000,64000,72000,1.9847651816853518,18513.423722586722,451.85860323056704,495.574436122081,495.574436122081,0.1512094505906619,1.0914746425672606,0,1
400,9.999999999999999e-05,80000,10,31.41592653589793,31.41396304048944,0.0024562198944594067,-0.003867735320224674,0.19249528551527145,0.019249528551527145,0.0029452455868748113,0.054270116886504044,0.0205317642542131,0.035045923209531815,0.03784900773060307,0.06416509517175716,0.07606994484962276,0.11049476082717062,40000,64000,72000,1.9662303743849534,18045.25652642343,452.3178005215679,494.85020897822466,494.85020897822466,0.15443465216576036,1.116016794400823,0,0
404,0.000101,80000,10,31.41592653589793,31.41396304048944,0.0022289573862898523,-0.0034536378044926,0.18958313222176804,0.018958313222176802,0.002930380190104783,0.05413298615543745,0.020714599737514463,0.035198652778571,0.03773604533560325,0.06319437740725602,0.07529866908735712,0.1097547526319378,40000,64000,72000,1.9904748325109896,18208.742313063747,452.729598816552,498.1894367513739,498.1894367513739,0.16212263266454152,1.1162788622256226,0,0
408,0.000102,80000,10,31.41592653589793,31.41396304048944,0.002273805229616187,-0.0031123721054536015,0.18846834645779195,0.018846834645779194,0.0029086907252877,0.05393227906632261,0.020004050462403937,0.03534912233641026,0.03790088702986645,0.06282278215259732,0.07423641573676903,0.10925055685896347,40000,64000,72000,2.010994829752723,18455.013884848315,455.9704709666234,499.92866934663505,499.92866934663505,0.16562285142821426,1.1076990076980155,0,0
412,0.000103,80000,10,31.41592653589793,31.41396304048944,0.002221823923915427,-0.0029875079455780372,0.18604597249742236,0.018604597249742234,0.002892185421130185,0.05377904258287037,0.019148024669839857,0.03540959796472933,0.03816631736007574,0.062015324165807455,0.07374255743888361,0.10877252440955809,40000,64000,72000,2.0514455028369145,18995.234381776194,455.45836322652,509.95255915296224,509.95255915296224,0.17319832489530596,1.1098938747900307,0,0
416,0.000104,80000,10,31.41592653589793,31.413570341407738,0.0018036286358694203,-0.003046253337900804,0.18535988175685197,0.0185359881756852,0.002859726085989589,0.053476406816367054,0.01859164343961369,0.03519436533515832,0.037926300046122324,0.06178662725228399,0.07262496434665369,0.10828062265576043,40000,64000,72000,2.0460899999856816,19633.927463826007,453.8585731104416,515.5346645761967,515.5346645761967,0.17522564192314424,1.103710855874716,0,0
420,0.00010499999999999999,80000,10,31.41592653589793,31.413570341407738,0.001541164807328053,-0.002964703515575901,0.1834195965514127,0.018341959655141273,0.0028542641997316674,0.053425314222114474,0.018540854575499022,0.03519370198157187,0.03782213405058468,0.06113986551713757,0.07264605337741072,0.10851184521782577,40000,64000,72000,2.062055241735476,20022.961856106085,457.48441988026,522.2622672292528,522.2622672292528,0.18157611820886566,1.0874747423022002,0,0
424,0.000106,80000,10,31.41592653589793,31.413570341407738,0.0013514942380140065,-0.0030878453616934886,0.18209735735537294,0.018209735735537295,0.0028161415488175525,0.05306733033437382,0.018597950459343073,0.03481660308511507,0.03744695305710309,0.06069911911845765,0.07217780995953446,0.10750321397911436,40000,64000,72000,2.0564248488254178,20620.85524335194,455.6389776889088,528.9502981360145,528.9502981360145,0.1859014426081956,1.1081728600873824,0,0
428,0.000107,80000,10,31.41592653589793,31.413570341407738,0.0014480688479976184,-0.003012374390437509,0.1814972323689176,0.01814972323689176,0.002783802966580196,0.05276175666692871,0.018446086972080628,0.03457721236849708,0.037402677313208864,0.060499077456305866,0.07110250576850906,0.10666237342455465,40000,64000,72000,2.0607849951773853,20857.691381014654,455.52380822279383,533.5930488588712,533.5930488588712,0.18840163012225916,1.1045794755385183,0,0
432,0.000108,80000,10,31.41592653589793,31.413570341407738,0.0017137547066371746,-0.002909739672040078,0.18290746231711277,0.01829074623171128,0.0027458277668106898,0.05240064662588325,0.018226193685271813,0.033854418257135394,0.036972212521982364,0.060969154105704255,0.07051536665715885,0.10518649617846042,40000,64000,72000,2.0213616248134483,21237.434032876696,450.1636783687808,538.7619401751234,538.7619401751234,0.18312623446758508,1.0944842976172782,0,0
436,0.00010899999999999999,80000,10,31.41592653589793,31.41317764232604,0.0019330682873016421,-0.00311755973108859,0.18286758306773826,0.018286758306773825,0.0027146783660976182,0.052102575426725486,0.018721957919074633,0.032981646793126304,0.036594150248987316,0.06095586102257942,0.07085871204631945,0.10371241500349052,40000,64000,72000,2.0011283375157873,21713.391889673196,452.46135304725175,550.2440068304355,550.2440068304355,0.18320353030890202,1.0865483180263669,0,1
440,0.00010999999999999999,80000,10,31.41592653589793,31.41317764232604,0.0021346283437224584,-0.003216586948199359,0.18115964404658633,0.01811596440465863,0.002670749523121634,0.051679294917032624,0.01895496226238772,0.03201627372021059,0.03579125977090769,0.06038654801552878,0.07116425522303357,0.10199410680852758,40000,64000,72000,1.9756750991243806,22547.543365401903,451.33285247594574,569.0116802160637,569.0116802160637,0.1893540684809921,1.104146924479215,0,0
444,0.000111,80000,10,31.41592653589793,31.41317764232604,0.0021735695803907656,-0.003071930565882046,0.1779597650208613,0.01779597650208613,0.0026302180077606373,0.05128565109034531,0.019682251604348285,0.03117257604961304,0.03492873814710912,0.059319921673620435,0.07142987791943758,0.10137001282719318,40000,64000,72000,1.96273231440908,23434.463199420807,451.20532994093793,591.1922332020255,591.1922332020255,0.20063005512982385,1.1289795074960491,0,0
448,0.000112,80000,10,31.41592653589793,31.41317764232604,0.0022150157259635157,-0.0034753889392500955,0.1751741517250963,0.01751741517250963,0.0026025474250801523,0.0510151685783763,0.021165557089569964,0.03003488939573932,0.034793895360725184,0.05839138390836543,0.07158431645103688,0.10112098925581425,40000,64000,72000,1.9862459739681126,24411.760051954636,453.9190190541291,613.9630700269199,613.9630700269199,0.21119347942945008,1.1578451002131271,0,0
452,0.000113,80000,10,31.41592653589793,31.41317764232604,0.0019251028715108582,-0.0037865821833598383,0.17329542826469255,0.017329542826469254,0.002577805259794611,0.050772091347457915,0.01972281789680248,0.029116975284349915,0.03448868490469045,0.05776514275489752,0.07214905484685608,0.10064688614721765,40000,64000,72000,1.9901670372984228,25517.883052788766,459.70615559980416,628.7589570298912,628.7589570298912,0.2181940919830485,1.202806377809989,0,0
456,0.00011399999999999999,80000,10,31.41592653589793,31.412784943244343,0.0020088659360987513,-0.0038136722007599206,0.1718459036018133,0.01718459036018133,0.002568895167643738,0.050684269429910285,0.019247879736308867,0.028327230968449177,0.035135449069470956,0.05728196786727109,0.07308443810294671,0.10067193440301003,40000,64000,72000,2.044590434397775,25831.906036418495,466.99898950917986,630.8426238839679,630.8426238839679,0.22375987598759875,1.1924345737927282,0,1
460,0.00011499999999999999,80000,10,31.41592653589793,31.412784943244343,0.00181864197018138,-0.0034674436453813193,0.17055630565943228,0.01705563056594323,0.00253964925723289,0.05039493285274711,0.019138649768401135,0.02715445864087735,0.03528438988216518,0.05685210188647743,0.0734103675571892,0.09956656482210934,40000,64000,72000,2.0687824906703383,26021.25661739129,465.4141086494198,623.5593989600799,623.5593989600799,0.2287978797879788,1.2172202301029797,0,0
464,0.000116,80000,10,31.41592653589793,31.41317764232604,0.0015347199852477527,-0.0033682310933342424,0.16875938646099276,0.016875938646099275,0.0024869420559648133,0.04986924960298494,0.01835277501974217,0.02679783575953724,0.03446129359456915,0.056253128820330914,0.07212150688006705,0.09902764550757139,40000,64000,72000,2.042037146332869,26911.548157534093,474.06046735283047,638.710059040437,638.710059040437,0.23562061680397034,1.2111804112213274,0,0
468,0.000117,80000,10,31.41592653589793,31.41317764232604,0.001372189182098952,-0.0035464934954382637,0.16459381769645817,0.016459381769645818,0.002459016921589813,0.04958847569334848,0.01847207539711299,0.028618462552787226,0.03349060988156808,0.05486460589881939,0.07080543820676644,0.09869114353691968,40000,64000,72000,2.0347428810072947,27902.079264439646,472.9852925898767,655.8271392194424,655.8271392194424,0.2518470366157039,1.2045097430630256,0,0
472,0.000118,80000,10,31.41592653589793,31.41317764232604,0.0014275938709835284,-0.003642604958354433,0.1616822756118641,0.01616822756118641,0.0024806888003261625,0.049806513633521496,0.018414926791872777,0.030702677883573472,0.03365793295222038,0.053894091870621365,0.0712857394271732,0.0987327792655562,40000,64000,72000,2.0817330053555105,27847.327967793746,472.64546253306867,648.7775371805883,648.7775371805883,0.2647856687460153,1.2080312715599038,0,0
476,0.00011899999999999999,80000,10,31.41592653589793,31.41317764232604,0.0015300206504607727,-0.0034372125166266814,0.1579173209498665,0.01579173209498665,0.0024798511287464488,0.04979810366616834,0.01729542109174209,0.03106682879619604,0.03407532097941887,0.05263910698328883,0.07191664106231248,0.09906477101058117,40000,64000,72000,2.157795026818917,28931.562985391753,465.37089751896957,661.2222035892569,661.2222035892569,0.2800995087070119,1.1885728127806816,0,0
480,0.00011999999999999999,80000,10,31.41592653589793,31.41317764232604,0.0019246552690625053,-0.003687023914964256,0.1577853048345987,0.015778530483459872,0.0024750581559169196,0.049749956340854405,0.018381199504268572,0.03155631171565777,0.03398805166034763,0.052595101611532906,0.07262778889343886,0.10017997540597169,40000,64000,72000,2.154069524787255,29095.71699579796,466.122004488571,670.3442504121733,670.3442504121733,0.2811370994962059,1.2268808814416585,0,0
484,0.000121,80000,10,31.41592653589793,31.413570341407738,0.002007920974373161,-0.0038233236268417096,0.15914205006711218,0.01591420500671122,0.002481750101637738,0.04981716673635443,0.020296532554959376,0.03236224959154608,0.03432978650125665,0.05304735002237073,0.07256168574222781,0.10104443077752118,40000,64000,72000,2.1571788529040155,28616.051160228268,464.21433493463525,676.8833447481863,676.8833447481863,0.2755081631122334,1.2182875709941927,0,0
488,0.000122,80000,10,31.41592653589793,31.413570341407738,0.0016123323279231792,-0.004005971556388243,0.15873650111286813,0.015873650111286813,0.0024465943964758286,0.049463060929099696,0.020965324054617998,0.03192004567674975,0.033691242363982396,0.052912167037622714,0.07176410757523999,0.10113731182666025,40000,64000,72000,2.1224634616348603,28106.34378330757,460.72246012469645,678.7606343818699,678.7606343818699,0.27729579718478886,1.2571718629827715,0,0
492,0.00012299999999999998,80000,10,31.41592653589793,31.413570341407738,0.0018409724493145927,-0.00415870286191327,0.15604022181500482,0.015604022181500482,0.0024492329366287043,0.04948972556631027,0.020916146943035556,0.032221554469341024,0.03416120476897817,0.05201340727166827,0.0709366438699361,0.10127745964996519,40000,64000,72000,2.1892563578561406,29391.036309873194,462.62889781035256,688.895358691378,688.895358691378,0.2892716953771533,1.2210973191624261,0,0
496,0.000124,80000,10,31.41592653589793,31.413570341407738,0.0017467702252125165,-0.0044355804271920115,0.15005347833327143,0.015005347833327142,0.0024359759480945525,0.04935560705831256,0.020820276377976957,0.03289451651917449,0.03454584790975661,0.05001782611109048,0.06969799802081993,0.10071871642884586,40000,64000,72000,2.302235729119832,31595.087718164,476.0181024430792,712.6061640779645,712.6061640779645,0.31709878240868067,1.343337181715537,0,0
500,0.000125,80000,10,31.41592653589793,31.413570341407738,0.0016354356459872001,-0.00434458139368962,0.15027348449680727,0.015027348449680728,0.002393510303188625,0.04892351482864477,0.019993062288248705,0.033093466052633955,0.03459875550986964,0.050091161498935756,0.0679485448113045,0.09986812687553594,40000,64000,72000,2.302385921623101,31652.051347227796,467.43239322384863,714.3980714037303,714.3980714037303,0.3158736905267895,1.18006490498895,0,0
504,0.000126,80000,10,31.41592653589793,31.413570341407738,0.00148830860039382,-0.004914886384128435,0.14811276085664965,0.014811276085664965,0.002366717081176985,0.048648916546794596,0.020625406346378588,0.03326802533218603,0.03498362601844067,0.04937092028554988,0.06750299427933049,0.09900169095019197,40000,64000,72000,2.361958943719875,31271.048267268878,471.61856016871457,720.6313535742343,720.6313535742343,0.3267370052753957,1.3217300322194139,0,0
508,0.000127,80000,10,31.41592653589793,31.413570341407738,0.001420483816243347,-0.00515352620619648,0.14898672563732895,0.014898672563732895,0.0023581951016188483,0.0485612510302077,0.021676608160302348,0.033169958453512505,0.035409991954336056,0.04966224187910965,0.06700413199351364,0.09847540069248582,40000,64000,72000,2.3767212684795056,32189.559867581745,479.88632358177523,717.2767563505429,717.2767563505429,0.3228492136910268,1.272099550823204,0,0
512,0.000128,80000,10,31.41592653589793,31.413570341407738,0.0017918429257879431,-0.004543165113575451,0.1472835204235447,0.01472835204235447,0.0023607263427813034,0.04858730639561431,0.0226666356971647,0.03340768573151698,0.03611540186935763,0.049094506807848236,0.06547877408358382,0.09727711038315401,40000,64000,72000,2.4521006671690224,33853.452644783036,473.30740838875494,724.3200623901156,724.3200623901156,0.3308748156111708,1.3060579310217049,0,0
516,0.000129,80000,10,31.41592653589793,31.41396304048944,0.0012583885034560978,-0.004477574579802121,0.14704948956235692,0.014704948956235692,0.0023100245483114257,0.04806271474138166,0.023019376520994454,0.03339468811568804,0.03499733034250041,0.049016496520785637,0.06408886278356433,0.09670003843394295,40000,64000,72000,2.379969522278393,32885.629169179636,471.8162048653716,721.7925898636449,721.7925898636449,0.3319082442652666,1.2846732321229648,0,0
520,0.00013,80000,10,31.41592653589793,31.41396304048944,0.0011610701083809352,-0.004619157546326645,0.14606979214292445,0.014606979214292446,0.002261820745124009,0.047558603271374664,0.023369949158260753,0.032828413893042856,0.0342092333546546,0.048689930714308154,0.06286482816642959,0.09672896333472938,40000,64000,72000,2.3419786427286757,33806.19363848974,477.00182412092636,730.3778561082217,730.3778561082217,0.33653353334583413,1.3225114102579527,0,0
524,0.00013099999999999999,80000,10,31.41592653589793,31.41396304048944,0.0016550107637766946,-0.004906133432518391,0.14372807801341403,0.014372807801341403,0.002295444388035663,0.04791079615322274,0.025877587822804186,0.03332595008747477,0.034850138564293864,0.04790935933780467,0.0627948465439388,0.09692870983162265,40000,64000,72000,2.4247272381281917,34876.37799304438,473.9686283746547,739.4894595570596,739.4894595570596,0.34868429276829804,1.2933395140070074,0,0
528,0.00013199999999999998,80000,10,31.41592653589793,31.413570341407738,0.0021777230147839092,-0.004699695052855894,0.1433313711031775,0.01433313711031775,0.0023178671354855554,0.048144232629522256,0.025935686739647856,0.03355390327954488,0.03564170481948332,0.04777712370105917,0.0628713209946475,0.09654265339552584,40000,64000,72000,2.4866646111845627,34910.06096482026,467.0319598285243,735.1469233106835,735.1469233106835,0.3509263194739605,1.323182402241121,0,0
532,0.000133,80000,10,31.41592653589793,31.413570341407738,0.002960536388602553,-0.0048684761166238235,0.14320942612860998,0.014320942612860998,0.002313199110973496,0.04809572861464411,0.025695869286181262,0.03252940457074496,0.036031063415304425,0.04773647537620333,0.06309450050850772,0.09687316209228887,40000,64000,72000,2.5159700998275447,36214.44568320926,477.59057943233563,742.8291209855537,742.8291209855537,0.35157636822761706,1.3588405617547126,0,0
