seed,method,m,group,is_late,amplitude,cx,cy,M_ref,M_method,E_m,local_L2,local_eff
0,minvar_branch,0,0,0,1.0,-2.356194490192345,-2.356194490192345,1.4861616682098324,1.7903462383576096,0.20467798130884718,0.35826241309168516,907.0
0,minvar_branch,1,1,0,1.0,-0.7853981633974483,-2.356194490192345,1.8535266577160097,2.3785746606625353,0.28326973381300646,0.365234370911492,1205.0
0,minvar_branch,2,0,0,1.0,0.7853981633974483,-2.356194490192345,1.4861616682098326,1.2988399391833596,0.12604397827869754,0.26744223359175173,658.0
0,minvar_branch,3,1,0,1.0,2.356194490192345,-2.356194490192345,1.8535266577160097,1.7173111657895483,0.07348990172836874,0.2343515054414238,870.0
0,minvar_branch,4,2,0,1.0,-2.356194490192345,-0.7853981633974483,3.5622238102196824,4.538044103620887,0.2739357057245165,0.3393280191472434,2299.0
0,minvar_branch,5,3,1,1.0,-0.7853981633974483,-0.7853981633974483,3.9032420187383265,4.068250934129034,0.04227483578997853,0.22008914579256195,2061.0
0,minvar_branch,6,2,0,1.0,0.7853981633974483,-0.7853981633974483,3.562223810219683,3.3773786260527787,0.051890390389453006,0.14392337275258274,1711.0
0,minvar_branch,7,3,1,1.0,2.356194490192345,-0.7853981633974483,3.903242018738327,4.528174499219798,0.1601060035430425,0.25500219880084085,2294.0
0,minvar_branch,8,0,0,1.0,-2.356194490192345,0.7853981633974483,1.4861616682098329,1.3442401194283706,0.09549536353767951,0.26929773794021217,681.0
0,minvar_branch,9,1,0,1.0,-0.7853981633974483,0.7853981633974483,1.853526657716009,1.6896762734664983,0.08839925963158998,0.24064147328979552,856.0
0,minvar_branch,10,0,0,1.0,0.7853981633974483,0.7853981633974483,1.4861616682098324,1.5416322074501578,0.03732470055370415,0.2533004371991192,781.0
0,minvar_branch,11,1,0,1.0,2.356194490192345,0.7853981633974483,1.853526657716009,1.9462859878948215,0.050044778041182514,0.2249640210125819,986.0
0,minvar_branch,12,2,0,1.0,-2.356194490192345,2.356194490192345,3.562223810219683,3.294473949083628,0.07516368296902225,0.15836125995127934,1669.0
0,minvar_branch,13,3,1,1.0,-0.7853981633974483,2.356194490192345,3.9032420187383354,5.603961378938538,0.4357196791886184,0.5172182074883505,2839.0
0,minvar_branch,14,2,0,1.0,0.7853981633974483,2.356194490192345,3.5622238102196824,3.8234847449820175,0.07334208872918155,0.23917190649562375,1937.0
0,minvar_branch,15,3,1,1.0,2.356194490192345,2.356194490192345,3.903242018738335,4.001137624201626,0.025080588135022855,0.21349083900286603,2027.0
0,weighted,0,0,0,1.0,-2.356194490192345,-2.356194490192345,1.4861616682098324,1.5189294455512952,0.02204859541353494,1.1000244561305341,30.117196613954032
0,weighted,1,1,0,1.0,-0.7853981633974483,-2.356194490192345,1.8535266577160097,1.8179332649538302,0.019203064932467196,1.0349125990564456,27.14605678845946
0,weighted,2,0,0,1.0,0.7853981633974483,-2.356194490192345,1.4861616682098326,1.5763516935893336,0.06068655066856893,1.328118180774535,24.382747728781187
0,weighted,3,1,0,1.0,2.356194490192345,-2.356194490192345,1.8535266577160097,1.856044384441367,0.0013583439519881371,1.2030567922155426,27.38999768216044
0,weighted,4,2,0,1.0,-2.356194490192345,-0.7853981633974483,3.5622238102196824,4.042092794675516,0.1347105095078908,1.1737051062841766,31.645636253985277
0,weighted,5,3,1,1.0,-0.7853981633974483,-0.7853981633974483,3.9032420187383265,2.5020460162629545,0.3589826087515554,0.8401370062869957,27.197258999299706
0,weighted,6,2,0,1.0,0.7853981633974483,-0.7853981633974483,3.562223810219683,4.3258690485425975,0.21437317782562926,1.2820729757314437,30.50444105078243
0,weighted,7,3,1,1.0,2.356194490192345,-0.7853981633974483,3.903242018738327,4.845613879626463,0.2414331103129357,1.2164159450993366,36.912049806798024
0,weighted,8,0,0,1.0,-2.356194490192345,0.7853981633974483,1.4861616682098329,1.8222558906391424,0.22614916641885557,1.2391343775096468,32.8076590726149
0,weighted,9,1,0,1.0,-0.7853981633974483,0.7853981633974483,1.853526657716009,1.3854275678619847,0.2525451079461868,1.0323004499831594,22.228482723777773
0,weighted,10,0,0,1.0,0.7853981633974483,0.7853981633974483,1.4861616682098324,1.5877334661443996,0.06834505296918085,1.3798312702521236,23.857121681958144
0,weighted,11,1,0,1.0,2.356194490192345,0.7853981633974483,1.853526657716009,2.174142830189232,0.17297629421111166,1.5032962170194293,31.289115175367026
0,weighted,12,2,0,1.0,-2.356194490192345,2.356194490192345,3.562223810219683,4.030433102653347,0.1314373597443304,1.0660712285254137,29.92751758401086
0,weighted,13,3,1,1.0,-0.7853981633974483,2.356194490192345,3.9032420187383354,3.6037649294146132,0.07672521659841212,0.7746078731368834,31.911289686292502
0,weighted,14,2,0,1.0,0.7853981633974483,2.356194490192345,3.5622238102196824,3.8202144166899883,0.07242403066594394,1.3620461051758754,24.74681097362761
0,weighted,15,3,1,1.0,2.356194490192345,2.356194490192345,3.903242018738335,2.7580288349702347,0.2934005061101165,0.8552848444676758,25.2289705913578
0,weighted_ess_resample,0,0,0,1.0,-2.356194490192345,-2.356194490192345,1.4861616682098324,1.3768804631446903,0.07353251493612918,0.28031969016131936,308.99999999999994
0,weighted_ess_resample,1,1,0,1.0,-0.7853981633974483,-2.356194490192345,1.8535266577160097,2.0408131136578276,0.10104330313360578,0.360465082231775,458.00000000000017
0,weighted_ess_resample,2,0,0,1.0,0.7853981633974483,-2.356194490192345,1.4861616682098326,1.6843392073420482,0.1333485739616282,0.4084740333408222,377.9999999999999
0,weighted_ess_resample,3,1,0,1.0,2.356194490192345,-2.356194490192345,1.8535266577160097,1.63532404522363,0.11772294268551702,0.31180026771229313,366.99999999999994
0,weighted_ess_resample,4,2,0,1.0,-2.356194490192345,-0.7853981633974483,3.5622238102196824,3.324121513861615,0.06684091428364904,0.26453297994940844,745.9999999999841
0,weighted_ess_resample,5,3,1,1.0,-0.7853981633974483,-0.7853981633974483,3.9032420187383265,3.330538300073349,0.1467251366724364,0.4236645013164425,258.83314460079936
0,weighted_ess_resample,6,2,0,1.0,0.7853981633974483,-0.7853981633974483,3.562223810219683,2.6601883973851255,0.25322255447473657,0.3489851940472768,596.9999999999873
0,weighted_ess_resample,7,3,1,1.0,2.356194490192345,-0.7853981633974483,3.903242018738327,4.3043569142913825,0.10276454640204727,0.6013906093762118,297.9442946827317
0,weighted_ess_resample,8,0,0,1.0,-2.356194490192345,0.7853981633974483,1.4861616682098329,1.577397035447315,0.06138993434501672,0.40196290677632535,353.99999999999983
0,weighted_ess_resample,9,1,0,1.0,-0.7853981633974483,0.7853981633974483,1.853526657716009,1.3412330725131132,0.2763885715213639,0.3984294909827323,300.9999999999999
0,weighted_ess_resample,10,0,0,1.0,0.7853981633974483,0.7853981633974483,1.4861616682098324,1.6130444260788928,0.08537614755055414,0.3819314262471993,361.9999999999999
0,weighted_ess_resample,11,1,0,1.0,2.356194490192345,0.7853981633974483,1.853526657716009,2.1655789808683497,0.1683559941548746,0.38989531906414837,486.00000000000017
0,weighted_ess_resample,12,2,0,1.0,-2.356194490192345,2.356194490192345,3.562223810219683,4.255410288173797,0.19459374673916557,0.284933269766101,954.9999999999818
0,weighted_ess_resample,13,3,1,1.0,-0.7853981633974483,2.356194490192345,3.9032420187383354,3.989074328047244,0.02199000443653059,0.4904520608174939,306.3203574309727
0,weighted_ess_resample,14,2,0,1.0,0.7853981633974483,2.356194490192345,3.5622238102196824,3.43551967083369,0.035568831756862124,0.29432463574296186,770.9999999999839
0,weighted_ess_resample,15,3,1,1.0,2.356194490192345,2.356194490192345,3.903242018738335,3.0740254257464876,0.21244303812344162,0.4267968895205463,220.1600959333489
0,weighted_ess_resample_costmatched,0,0,0,1.0,-2.356194490192345,-2.356194490192345,1.4861616682098324,1.5450766815275974,0.03964239865554565,0.27729982949976567,562.9999999999995
0,weighted_ess_resample_costmatched,1,1,0,1.0,-0.7853981633974483,-2.356194490192345,1.8535266577160097,1.7893250379324959,0.034637548651512584,0.21958468511114662,652.0
0,weighted_ess_resample_costmatched,2,0,0,1.0,0.7853981633974483,-2.356194490192345,1.4861616682098326,1.5560541357480422,0.047028845537645345,0.28889757247349523,566.9999999999995
0,weighted_ess_resample_costmatched,3,1,0,1.0,2.356194490192345,-2.356194490192345,1.8535266577160097,1.3666930504453725,0.26265260617860936,0.33008919492514327,497.99999999999983
0,weighted_ess_resample_costmatched,4,2,0,1.0,-2.356194490192345,-0.7853981633974483,3.5622238102196824,3.411246638946566,0.04238284266136706,0.20568174430252953,1242.9999999999661
0,weighted_ess_resample_costmatched,5,3,1,1.0,-0.7853981633974483,-0.7853981633974483,3.9032420187383265,4.566982907098144,0.17004861219811393,0.38148739622610345,524.5739286894899
0,weighted_ess_resample_costmatched,6,2,0,1.0,0.7853981633974483,-0.7853981633974483,3.562223810219683,3.855833970114082,0.08242327701366194,0.19840680441533362,1404.9999999999645
0,weighted_ess_resample_costmatched,7,3,1,1.0,2.356194490192345,-0.7853981633974483,3.903242018738327,3.165527729383075,0.18900039654566664,0.3879000995694647,378.7659804134554
0,weighted_ess_resample_costmatched,8,0,0,1.0,-2.356194490192345,0.7853981633974483,1.4861616682098329,1.6987610406138238,0.14305265500494244,0.3455227580139912,618.9999999999995
0,weighted_ess_resample_costmatched,9,1,0,1.0,-0.7853981633974483,0.7853981633974483,1.853526657716009,1.803046855708052,0.027234462368164892,0.2676993050374676,657.0
0,weighted_ess_resample_costmatched,10,0,0,1.0,0.7853981633974483,0.7853981633974483,1.4861616682098324,1.5752646806338204,0.059955127581320086,0.3082740344158269,573.9999999999994
0,weighted_ess_resample_costmatched,11,1,0,1.0,2.356194490192345,0.7853981633974483,1.853526657716009,1.907332670802277,0.02902899338527456,0.23574044347778916,694.9999999999999
0,weighted_ess_resample_costmatched,12,2,0,1.0,-2.356194490192345,2.356194490192345,3.562223810219683,4.5117373298506465,0.26655077564382657,0.3419647487715421,1643.999999999956
0,weighted_ess_resample_costmatched,13,3,1,1.0,-0.7853981633974483,2.356194490192345,3.9032420187383354,2.617470003131865,0.32941129692544074,0.5976722599046839,334.6492941303855
0,weighted_ess_resample_costmatched,14,2,0,1.0,0.7853981633974483,2.356194490192345,3.5622238102196824,3.652750819267919,0.025413060456370883,0.16982212758426926,1330.9999999999657
0,weighted_ess_resample_costmatched,15,3,1,1.0,2.356194490192345,2.356194490192345,3.903242018738335,3.741676274011058,0.041392704821183714,0.3758445630825194,439.96242858193915
1,minvar_branch,0,0,0,1.0,-2.356194490192345,-2.356194490192345,1.4861616682098324,1.6047976756171298,0.0798271210629469,0.23333034431995037,813.0
1,minvar_branch,1,1,0,1.0,-0.7853981633974483,-2.356194490192345,1.8535266577160097,1.9502338296552573,0.052174686313070935,0.20566677684310833,988.0
1,minvar_branch,2,0,0,1.0,0.7853981633974483,-2.356194490192345,1.4861616682098326,1.1744829237296337,0.20972061865626904,0.2923640207717106,595.0
1,minvar_branch,3,1,0,1.0,2.356194490192345,-2.356194490192345,1.8535266577160097,1.926546779092643,0.03939523668173816,0.21839581580269074,976.0
1,minvar_branch,4,2,0,1.0,-2.356194490192345,-0.7853981633974483,3.5622238102196824,3.3813264678132144,0.050782138361854356,0.1777745910956412,1713.0
1,minvar_branch,5,3,1,1.0,-0.7853981633974483,-0.7853981633974483,3.9032420187383265,3.866911004346811,0.009307907174882071,0.21905408850510147,1959.0
1,minvar_branch,6,2,0,1.0,0.7853981633974483,-0.7853981633974483,3.562223810219683,3.9636331274774865,0.11268503570892946,0.2248337837561071,2008.0
1,minvar_branch,7,3,1,1.0,2.356194490192345,-0.7853981633974483,3.903242018738327,2.647027900372166,0.32183864396197903,0.44099316873986905,1341.0
1,minvar_branch,8,0,0,1.0,-2.356194490192345,0.7853981633974483,1.4861616682098329,1.2277787874955162,0.17385920135159572,0.29086560483062335,622.0
1,minvar_branch,9,1,0,1.0,-0.7853981633974483,0.7853981633974483,1.853526657716009,1.881146598847632,0.014901291555017251,0.22036793634778942,953.0
1,minvar_branch,10,0,0,1.0,0.7853981633974483,0.7853981633974483,1.4861616682098324,1.3126573853448846,0.11674657379230062,0.2514891629940599,665.0
1,minvar_branch,11,1,0,1.0,2.356194490192345,0.7853981633974483,1.853526657716009,1.7133633240291126,0.0756198100002572,0.2544429808169715,868.0
1,minvar_branch,12,2,0,1.0,-2.356194490192345,2.356194490192345,3.562223810219683,4.030746437404894,0.1315253201781046,0.22301051681247966,2042.0
1,minvar_branch,13,3,1,1.0,-0.7853981633974483,2.356194490192345,3.9032420187383354,3.645831865762409,0.06594778180296651,0.24881668092909542,1847.0
1,minvar_branch,14,2,0,1.0,0.7853981633974483,2.356194490192345,3.5622238102196824,3.712945175689817,0.04231103195642261,0.20220877000125173,1881.0
1,minvar_branch,15,3,1,1.0,2.356194490192345,2.356194490192345,3.903242018738335,3.282630423802321,0.1589990044062442,0.24424437394320989,1663.0
1,weighted,0,0,0,1.0,-2.356194490192345,-2.356194490192345,1.4861616682098324,1.7566708149355483,0.18201865416940796,1.313876974837532,30.387843257255035
1,weighted,1,1,0,1.0,-0.7853981633974483,-2.356194490192345,1.8535266577160097,2.203271451275047,0.18869153680800418,1.3951105367358942,28.730110854285307
1,weighted,2,0,0,1.0,0.7853981633974483,-2.356194490192345,1.4861616682098326,1.9525397674123908,0.3138138394891704,1.8345567278153434,26.10561666448403
1,weighted,3,1,0,1.0,2.356194490192345,-2.356194490192345,1.8535266577160097,2.6904516260818148,0.45153112035469606,1.6211400458325098,34.49474878412808
1,weighted,4,2,0,1.0,-2.356194490192345,-0.7853981633974483,3.5622238102196824,3.4726037680948623,0.0251584535108964,1.3516238167157089,25.211670264440595
1,weighted,5,3,1,1.0,-0.7853981633974483,-0.7853981633974483,3.9032420187383265,2.7189600398056792,0.3034098252804348,0.9104424085451228,25.43920430322371
1,weighted,6,2,0,1.0,0.7853981633974483,-0.7853981633974483,3.562223810219683,3.1797156120583776,0.1073790470615365,1.0279115167851776,29.061339326276094
1,weighted,7,3,1,1.0,2.356194490192345,-0.7853981633974483,3.903242018738327,4.845341968595239,0.24136344744552474,1.1692996228499348,34.76258576139748
1,weighted,8,0,0,1.0,-2.356194490192345,0.7853981633974483,1.4861616682098329,1.1809165765514766,0.20539157898349072,1.04285455089705,25.54527043680041
1,weighted,9,1,0,1.0,-0.7853981633974483,0.7853981633974483,1.853526657716009,1.7005695358845523,0.08252221309831967,1.1079231092515496,25.881934338265125
1,weighted,10,0,0,1.0,0.7853981633974483,0.7853981633974483,1.4861616682098324,0.9900175454421387,0.33384263191589914,1.2573383307625166,25.040604101794266
1,weighted,11,1,0,1.0,2.356194490192345,0.7853981633974483,1.853526657716009,2.067510173120036,0.11544668889073667,1.2434833139135992,27.004435328635648
1,weighted,12,2,0,1.0,-2.356194490192345,2.356194490192345,3.562223810219683,4.1173397693471605,0.15583410495851005,1.34901193800749,26.966333876827154
1,weighted,13,3,1,1.0,-0.7853981633974483,2.356194490192345,3.9032420187383354,3.626781126543266,0.07082852942960256,1.0171275210569743,36.463402428627326
1,weighted,14,2,0,1.0,0.7853981633974483,2.356194490192345,3.5622238102196824,4.939049828757785,0.38650744363341777,1.6734090176072876,35.050377037754295
1,weighted,15,3,1,1.0,2.356194490192345,2.356194490192345,3.903242018738335,4.716668075481072,0.20839754563967963,1.1361844646314967,34.23531323260783
1,weighted_ess_resample,0,0,0,1.0,-2.356194490192345,-2.356194490192345,1.4861616682098324,1.5791254439024607,0.06255293598347783,0.40043872739617226,342.99999999999994
1,weighted_ess_resample,1,1,0,1.0,-0.7853981633974483,-2.356194490192345,1.8535266577160097,2.0303041421603103,0.0953735861895469,0.32412596541432265,441.00000000000006
1,weighted_ess_resample,2,0,0,1.0,0.7853981633974483,-2.356194490192345,1.4861616682098326,1.5699177153665864,0.056357292041883146,0.3164599502351767,341.00000000000006
1,weighted_ess_resample,3,1,0,1.0,2.356194490192345,-2.356194490192345,1.8535266577160097,1.7816954716917008,0.038753791711213965,0.36023885265190553,386.99999999999994
1,weighted_ess_resample,4,2,0,1.0,-2.356194490192345,-0.7853981633974483,3.5622238102196824,3.2641439542978845,0.08367802580697906,0.25942544446449606,708.9999999999447
1,weighted_ess_resample,5,3,1,1.0,-0.7853981633974483,-0.7853981633974483,3.9032420187383265,4.880335324841374,0.25032865023800915,0.5922586235538745,302.0352838916671
1,weighted_ess_resample,6,2,0,1.0,0.7853981633974483,-0.7853981633974483,3.562223810219683,3.9501206168827747,0.10889175619742159,0.3014048263643104,857.9999999999403
1,weighted_ess_resample,7,3,1,1.0,2.356194490192345,-0.7853981633974483,3.903242018738327,4.792124646562702,0.22772931413350977,0.5101714759596656,306.4792227862119
1,weighted_ess_resample,8,0,0,1.0,-2.356194490192345,0.7853981633974483,1.4861616682098329,1.31670518063004,0.11402291635196922,0.35665042599806285,286.0
1,weighted_ess_resample,9,1,0,1.0,-0.7853981633974483,0.7853981633974483,1.853526657716009,1.9428307210695035,0.04818061989113154,0.31999781188021525,422.00000000000006
1,weighted_ess_resample,10,0,0,1.0,0.7853981633974483,0.7853981633974483,1.4861616682098324,1.4179901945246587,0.045870832994428,0.38345971381947,308.0
1,weighted_ess_resample,11,1,0,1.0,2.356194490192345,0.7853981633974483,1.853526657716009,1.91520753546188,0.03327757790215801,0.35631955289991046,416.0
1,weighted_ess_resample,12,2,0,1.0,-2.356194490192345,2.356194490192345,3.562223810219683,4.309222478937925,0.2097000942431449,0.4193699428719723,935.9999999999342
1,weighted_ess_resample,13,3,1,1.0,-0.7853981633974483,2.356194490192345,3.9032420187383354,2.8829436719013177,0.2613976642849356,0.5445496455953465,204.68027152222038
1,weighted_ess_resample,14,2,0,1.0,0.7853981633974483,2.356194490192345,3.5622238102196824,4.138879348421756,0.16188077137312462,0.29344629622983803,898.9999999999474
1,weighted_ess_resample,15,3,1,1.0,2.356194490192345,2.356194490192345,3.903242018738335,4.661176019452522,0.1941806316583919,0.6207363017242541,290.71357329813026
1,weighted_ess_resample_costmatched,0,0,0,1.0,-2.356194490192345,-2.356194490192345,1.4861616682098324,1.7297734659085116,0.16392011912951812,0.3366404480058344,615.9999999999999
1,weighted_ess_resample_costmatched,1,1,0,1.0,-0.7853981633974483,-2.356194490192345,1.8535266577160097,1.881409451556339,0.015043103763442894,0.25605878563454865,670.0000000000001
1,weighted_ess_resample_costmatched,2,0,0,1.0,0.7853981633974483,-2.356194490192345,1.4861616682098326,1.482662970778724,0.002354183603270448,0.29202461409722513,527.9999999999999
1,weighted_ess_resample_costmatched,3,1,0,1.0,2.356194490192345,-2.356194490192345,1.8535266577160097,2.215570234743211,0.19532687890948716,0.31487117380208013,789.0000000000001
1,weighted_ess_resample_costmatched,4,2,0,1.0,-2.356194490192345,-0.7853981633974483,3.5622238102196824,3.5409847258408553,0.005962310486470312,0.18556015849422178,1260.9999999999352
1,weighted_ess_resample_costmatched,5,3,1,1.0,-0.7853981633974483,-0.7853981633974483,3.9032420187383265,3.7295925169142556,0.04448853055752892,0.3687023266213939,405.848777324836
1,weighted_ess_resample_costmatched,6,2,0,1.0,0.7853981633974483,-0.7853981633974483,3.562223810219683,3.5971463545183044,0.009803579493919544,0.15863689698481234,1280.9999999999372
1,weighted_ess_resample_costmatched,7,3,1,1.0,2.356194490192345,-0.7853981633974483,3.903242018738327,4.1945394826775075,0.07462961879912809,0.3848329063115899,449.2472567097155
1,weighted_ess_resample_costmatched,8,0,0,1.0,-2.356194490192345,0.7853981633974483,1.4861616682098329,1.5023194874367753,0.010872181386837614,0.26609233822437195,534.9999999999999
1,weighted_ess_resample_costmatched,9,1,0,1.0,-0.7853981633974483,0.7853981633974483,1.853526657716009,1.763470351608031,0.04858646393516079,0.2281580391015666,628.0
1,weighted_ess_resample_costmatched,10,0,0,1.0,0.7853981633974483,0.7853981633974483,1.4861616682098324,1.5219760040948267,0.024098546376946132,0.28081742080821265,542.0
1,weighted_ess_resample_costmatched,11,1,0,1.0,2.356194490192345,0.7853981633974483,1.853526657716009,1.6427231778514302,0.11373102134087429,0.2619531959907769,585.0
1,weighted_ess_resample_costmatched,12,2,0,1.0,-2.356194490192345,2.356194490192345,3.562223810219683,3.998701374257396,0.12252951731598115,0.2337916559389557,1423.9999999999338
1,weighted_ess_resample_costmatched,13,3,1,1.0,-0.7853981633974483,2.356194490192345,3.9032420187383354,4.322525576741569,0.10741930835709762,0.31011565420461185,463.097307843305
1,weighted_ess_resample_costmatched,14,2,0,1.0,0.7853981633974483,2.356194490192345,3.5622238102196824,4.186842540081314,0.17534516727153976,0.32004641645941717,1490.99999999993
1,weighted_ess_resample_costmatched,15,3,1,1.0,2.356194490192345,2.356194490192345,3.903242018738335,2.832715092067792,0.274266089966047,0.38583282082831,322.1727792314295
2,minvar_branch,0,0,0,1.0,-2.356194490192345,-2.356194490192345,1.4861616682098324,1.492284185444711,0.004119684530858337,0.23435003283895073,756.0
2,minvar_branch,1,1,0,1.0,-0.7853981633974483,-2.356194490192345,1.8535266577160097,2.323304876016435,0.25345101800656333,0.3666548404020026,1177.0
2,minvar_branch,2,0,0,1.0,0.7853981633974483,-2.356194490192345,1.4861616682098326,1.091578246760483,0.26550504557465004,0.3580317043793684,553.0
2,minvar_branch,3,1,0,1.0,2.356194490192345,-2.356194490192345,1.8535266577160097,1.8002158427586992,0.02876182801870367,0.22664341327224774,912.0
2,minvar_branch,4,2,0,1.0,-2.356194490192345,-0.7853981633974483,3.5622238102196824,3.5214748503086835,0.011439191382106317,0.15365611172557053,1784.0
2,minvar_branch,5,3,1,1.0,-0.7853981633974483,-0.7853981633974483,3.9032420187383265,3.004307579691601,0.23030456085766748,0.35623276910756807,1522.0
2,minvar_branch,6,2,0,1.0,0.7853981633974483,-0.7853981633974483,3.562223810219683,3.217491034755131,0.0967745975071937,0.16659596720150452,1630.0
2,minvar_branch,7,3,1,1.0,2.356194490192345,-0.7853981633974483,3.903242018738327,4.135364244056442,0.0594690834449321,0.2754678296465152,2095.0
2,minvar_branch,8,0,0,1.0,-2.356194490192345,0.7853981633974483,1.4861616682098329,1.417275191996432,0.046351939823867656,0.18918012315841964,718.0
2,minvar_branch,9,1,0,1.0,-0.7853981633974483,0.7853981633974483,1.853526657716009,2.3173831133757816,0.2502561555987306,0.29853717260215845,1174.0
2,minvar_branch,10,0,0,1.0,0.7853981633974483,0.7853981633974483,1.4861616682098324,1.279100730381181,0.13932598468783566,0.2580441534930375,648.0
2,minvar_branch,11,1,0,1.0,2.356194490192345,0.7853981633974483,1.853526657716009,1.6363804097006156,0.11715302130208899,0.22474427673421074,829.0
2,minvar_branch,12,2,0,1.0,-2.356194490192345,2.356194490192345,3.562223810219683,2.6746627926952162,0.24915925130199232,0.31674557985115565,1355.0
2,minvar_branch,13,3,1,1.0,-0.7853981633974483,2.356194490192345,3.9032420187383354,4.620948780590038,0.1838745223601817,0.3740342394294404,2341.0
2,minvar_branch,14,2,0,1.0,0.7853981633974483,2.356194490192345,3.5622238102196824,2.729932577341317,0.2336437229156127,0.29870331199801214,1383.0
2,minvar_branch,15,3,1,1.0,2.356194490192345,2.356194490192345,3.903242018738335,2.4910881508349543,0.36178998410143126,0.4612156059443761,1262.0
2,weighted,0,0,0,1.0,-2.356194490192345,-2.356194490192345,1.4861616682098324,1.8525046676609738,0.24650279124237046,1.385069598444567,29.015862744989654
2,weighted,1,1,0,1.0,-0.7853981633974483,-2.356194490192345,1.8535266577160097,1.607903606944598,0.13251660004398227,1.240235349090434,22.91401879051875
2,weighted,2,0,0,1.0,0.7853981633974483,-2.356194490192345,1.4861616682098326,1.200796604435817,0.19201481903227552,1.1545561733940632,21.47141021469943
2,weighted,3,1,0,1.0,2.356194490192345,-2.356194490192345,1.8535266577160097,2.102466167250679,0.13430586956943066,1.0059974973794963,39.42658529310917
2,weighted,4,2,0,1.0,-2.356194490192345,-0.7853981633974483,3.5622238102196824,2.9960861215442467,0.15892816365194132,1.0954903024494915,21.210462991505125
2,weighted,5,3,1,1.0,-0.7853981633974483,-0.7853981633974483,3.9032420187383265,3.7771881384254935,0.03229466164477763,1.0161351770669103,31.973296338938056
2,weighted,6,2,0,1.0,0.7853981633974483,-0.7853981633974483,3.562223810219683,4.042268419467659,0.13475981151739355,1.2328037222242259,27.937408083993923
2,weighted,7,3,1,1.0,2.356194490192345,-0.7853981633974483,3.903242018738327,3.643757978836106,0.06647910599868363,1.0526716820699045,33.09841483792454
2,weighted,8,0,0,1.0,-2.356194490192345,0.7853981633974483,1.4861616682098329,0.982889876098942,0.33863865747332234,0.9389152557000391,24.79807516756499
2,weighted,9,1,0,1.0,-0.7853981633974483,0.7853981633974483,1.853526657716009,2.0751333197425907,0.11955946848892612,1.1407167985010085,25.88743241976678
2,weighted,10,0,0,1.0,0.7853981633974483,0.7853981633974483,1.4861616682098324,1.7761679718463317,0.1951377900802869,1.3931208105139548,27.49035028023394
2,weighted,11,1,0,1.0,2.356194490192345,0.7853981633974483,1.853526657716009,1.5826442485034975,0.14614432875020197,0.9950357835801992,25.347696766652767
2,weighted,12,2,0,1.0,-2.356194490192345,2.356194490192345,3.562223810219683,3.927694439214983,0.10259620070664831,1.5680255121169038,29.06454343809825
2,weighted,13,3,1,1.0,-0.7853981633974483,2.356194490192345,3.9032420187383354,4.606894738715028,0.18027391501696788,1.0132081073393984,45.82154074461247
2,weighted,14,2,0,1.0,0.7853981633974483,2.356194490192345,3.5622238102196824,3.8373362545337755,0.07723053322051848,1.2277142173227622,29.03887946520484
2,weighted,15,3,1,1.0,2.356194490192345,2.356194490192345,3.903242018738335,4.037985066724969,0.03452080279413145,0.7703957637156966,36.654213203652894
2,weighted_ess_resample,0,0,0,1.0,-2.356194490192345,-2.356194490192345,1.4861616682098324,1.658865801496112,0.11620817370045053,0.3926346863104759,359.9999999999999
2,weighted_ess_resample,1,1,0,1.0,-0.7853981633974483,-2.356194490192345,1.8535266577160097,1.7141613282126518,0.07518927711300871,0.3255998855577373,372.00000000000006
2,weighted_ess_resample,2,0,0,1.0,0.7853981633974483,-2.356194490192345,1.4861616682098326,1.3455244834357354,0.0946311479985235,0.352069712336809,291.9999999999999
2,weighted_ess_resample,3,1,0,1.0,2.356194490192345,-2.356194490192345,1.8535266577160097,1.340916522876026,0.27655935387066,0.3929267785155672,291.00000000000006
2,weighted_ess_resample,4,2,0,1.0,-2.356194490192345,-0.7853981633974483,3.5622238102196824,3.2163596248219677,0.0970922108839605,0.2613313305992372,697.9999999999701
2,weighted_ess_resample,5,3,1,1.0,-0.7853981633974483,-0.7853981633974483,3.9032420187383265,3.061151861390156,0.2157412103337537,0.497009768632647,214.470653613337
2,weighted_ess_resample,6,2,0,1.0,0.7853981633974483,-0.7853981633974483,3.562223810219683,4.866011178822668,0.3660037768717796,0.4644809975785315,1055.9999999999602
2,weighted_ess_resample,7,3,1,1.0,2.356194490192345,-0.7853981633974483,3.903242018738327,3.941024800816426,0.009679846111697669,0.4947708469959704,265.5028492121677
2,weighted_ess_resample,8,0,0,1.0,-2.356194490192345,0.7853981633974483,1.4861616682098329,1.3363085623163125,0.10083230451908176,0.3662489103327345,289.99999999999994
2,weighted_ess_resample,9,1,0,1.0,-0.7853981633974483,0.7853981633974483,1.853526657716009,2.059758370191009,0.11126449766259475,0.33744478356427193,446.9999999999999
2,weighted_ess_resample,10,0,0,1.0,0.7853981633974483,0.7853981633974483,1.4861616682098324,1.4376836946299638,0.032619582792942796,0.3788360834321849,312.0
2,weighted_ess_resample,11,1,0,1.0,2.356194490192345,0.7853981633974483,1.853526657716009,1.7878886971680348,0.035412471827546296,0.37743520653309703,388.0
2,weighted_ess_resample,12,2,0,1.0,-2.356194490192345,2.356194490192345,3.562223810219683,4.114912893986311,0.1551528239694024,0.34306590085853683,892.9999999999656
2,weighted_ess_resample,13,3,1,1.0,-0.7853981633974483,2.356194490192345,3.9032420187383354,3.9809426623294426,0.019906693773557693,0.4921714983110383,269.65158521909547
2,weighted_ess_resample,14,2,0,1.0,0.7853981633974483,2.356194490192345,3.5622238102196824,4.69551650049621,0.31814191096730604,0.4344479215710801,1018.9999999999594
2,weighted_ess_resample,15,3,1,1.0,2.356194490192345,2.356194490192345,3.903242018738335,3.1810083167239585,0.1850343121300554,0.38691171842077465,210.7117739941536
2,weighted_ess_resample_costmatched,0,0,0,1.0,-2.356194490192345,-2.356194490192345,1.4861616682098324,1.5606032148344284,0.05008980396746819,0.31220324645531605,538.9999999999999
2,weighted_ess_resample_costmatched,1,1,0,1.0,-0.7853981633974483,-2.356194490192345,1.8535266577160097,2.0962462477553374,0.13095014794036824,0.2959931856834151,723.9999999999998
2,weighted_ess_resample_costmatched,2,0,0,1.0,0.7853981633974483,-2.356194490192345,1.4861616682098326,1.7169530730924232,0.15529360622023852,0.30666670813947794,593.0
2,weighted_ess_resample_costmatched,3,1,0,1.0,2.356194490192345,-2.356194490192345,1.8535266577160097,1.7111623376013874,0.076807268739285,0.2559592407775904,591.0
2,weighted_ess_resample_costmatched,4,2,0,1.0,-2.356194490192345,-0.7853981633974483,3.5622238102196824,3.6684329101056643,0.029815392166342297,0.22682574779800405,1266.999999999985
2,weighted_ess_resample_costmatched,5,3,1,1.0,-0.7853981633974483,-0.7853981633974483,3.9032420187383265,3.533014628231228,0.09485125153135389,0.3088556068326534,433.32963086647175
2,weighted_ess_resample_costmatched,6,2,0,1.0,0.7853981633974483,-0.7853981633974483,3.562223810219683,3.2312321324518334,0.09291714822023975,0.18224820967303582,1115.9999999999854
2,weighted_ess_resample_costmatched,7,3,1,1.0,2.356194490192345,-0.7853981633974483,3.903242018738327,3.255876404300766,0.16585331151123794,0.4642226488912299,406.7494441044392
2,weighted_ess_resample_costmatched,8,0,0,1.0,-2.356194490192345,0.7853981633974483,1.4861616682098329,1.641673511708944,0.10463992365408949,0.3196921725257787,566.9999999999998
2,weighted_ess_resample_costmatched,9,1,0,1.0,-0.7853981633974483,0.7853981633974483,1.853526657716009,1.7864418989848665,0.036193036907171905,0.2465248525133141,617.0
2,weighted_ess_resample_costmatched,10,0,0,1.0,0.7853981633974483,0.7853981633974483,1.4861616682098324,1.302915485483289,0.12330164789357949,0.2728215167639204,449.99999999999994
2,weighted_ess_resample_costmatched,11,1,0,1.0,2.356194490192345,0.7853981633974483,1.853526657716009,1.9080473442966404,0.02941456836008713,0.2568029834665416,659.0000000000001
2,weighted_ess_resample_costmatched,12,2,0,1.0,-2.356194490192345,2.356194490192345,3.562223810219683,4.325681723457728,0.21432059126879016,0.27106680518229354,1493.9999999999804
2,weighted_ess_resample_costmatched,13,3,1,1.0,-0.7853981633974483,2.356194490192345,3.9032420187383354,3.397238633592971,0.12963669245109283,0.4175158055066726,409.8114788464119
2,weighted_ess_resample_costmatched,14,2,0,1.0,0.7853981633974483,2.356194490192345,3.5622238102196824,4.334367887830315,0.2167590018896131,0.30321406694882475,1496.9999999999823
2,weighted_ess_resample_costmatched,15,3,1,1.0,2.356194490192345,2.356194490192345,3.903242018738335,3.5966430369426323,0.07854982609938346,0.3941158519539387,426.40419399833314
3,minvar_branch,0,0,0,1.0,-2.356194490192345,-2.356194490192345,1.4861616682098324,0.8329946114519419,0.43949932953436216,0.48393642793534764,422.0
3,minvar_branch,1,1,0,1.0,-0.7853981633974483,-2.356194490192345,1.8535266577160097,1.5120233942468897,0.18424513186658673,0.2741522635445515,766.0
3,minvar_branch,2,0,0,1.0,0.7853981633974483,-2.356194490192345,1.4861616682098326,1.2455440754174771,0.161905395583371,0.2908232616746027,631.0
3,minvar_branch,3,1,0,1.0,2.356194490192345,-2.356194490192345,1.8535266577160097,2.2976439045736026,0.23960661423928595,0.3283020195140151,1164.0
3,minvar_branch,4,2,0,1.0,-2.356194490192345,-0.7853981633974483,3.5622238102196824,3.2431520061979633,0.08957095932780314,0.18084439525295484,1643.0
3,minvar_branch,5,3,1,1.0,-0.7853981633974483,-0.7853981633974483,3.9032420187383265,4.4215827716880325,0.13279749256164572,0.2797987435654874,2240.0
3,minvar_branch,6,2,0,1.0,0.7853981633974483,-0.7853981633974483,3.562223810219683,4.064303092368598,0.14094546241269207,0.23175153293104178,2059.0
3,minvar_branch,7,3,1,1.0,2.356194490192345,-0.7853981633974483,3.903242018738327,3.6399101031217556,0.06746492130193098,0.17622776428975287,1844.0
3,minvar_branch,8,0,0,1.0,-2.356194490192345,0.7853981633974483,1.4861616682098329,1.508075552486454,0.014745289658168645,0.2254731541167118,764.0
3,minvar_branch,9,1,0,1.0,-0.7853981633974483,0.7853981633974483,1.853526657716009,2.169339047359441,0.17038459540290024,0.2886944636451651,1099.0
3,minvar_branch,10,0,0,1.0,0.7853981633974483,0.7853981633974483,1.4861616682098324,1.784424475716956,0.2006933793861057,0.2887390898566943,904.0
3,minvar_branch,11,1,0,1.0,2.356194490192345,0.7853981633974483,1.853526657716009,1.7034937196280233,0.0809445806799792,0.2390323334357381,863.0
3,minvar_branch,12,2,0,1.0,-2.356194490192345,2.356194490192345,3.562223810219683,4.986124143430344,0.39972231085695015,0.4852923585107403,2526.0
3,minvar_branch,13,3,1,1.0,-0.7853981633974483,2.356194490192345,3.9032420187383354,5.540795910771566,0.4195368578663091,0.5399035157341162,2807.0
3,minvar_branch,14,2,0,1.0,0.7853981633974483,2.356194490192345,3.5622238102196824,2.818759016951121,0.20870805229464567,0.2546794021134143,1428.0
3,minvar_branch,15,3,1,1.0,2.356194490192345,2.356194490192345,3.903242018738335,3.0260207093739973,0.22474171602812537,0.31194031654854393,1533.0
3,weighted,0,0,0,1.0,-2.356194490192345,-2.356194490192345,1.4861616682098324,1.4347851259272923,0.03456995519499981,1.1262074890054312,24.516623574828905
3,weighted,1,1,0,1.0,-0.7853981633974483,-2.356194490192345,1.8535266577160097,1.4092154246719923,0.23971127212786653,1.1348839316230057,25.983765261181485
3,weighted,2,0,0,1.0,0.7853981633974483,-2.356194490192345,1.4861616682098326,1.4402898534300606,0.0308659655009319,1.218649324941271,24.058028903427438
3,weighted,3,1,0,1.0,2.356194490192345,-2.356194490192345,1.8535266577160097,2.4580462652975474,0.3261456235684526,1.534968724873624,35.249530979161
3,weighted,4,2,0,1.0,-2.356194490192345,-0.7853981633974483,3.5622238102196824,3.7165309707409007,0.04331764895808222,1.3302332707303748,31.944436818683485
3,weighted,5,3,1,1.0,-0.7853981633974483,-0.7853981633974483,3.9032420187383265,3.169130574545957,0.18807735740395154,0.7777161996199248,31.96864248608267
3,weighted,6,2,0,1.0,0.7853981633974483,-0.7853981633974483,3.562223810219683,3.4015281315258523,0.045111056254469414,1.0676018409198453,29.834824333880036
3,weighted,7,3,1,1.0,2.356194490192345,-0.7853981633974483,3.903242018738327,3.9582201053424746,0.014085236411222732,0.992383539521341,36.521442836097364
3,weighted,8,0,0,1.0,-2.356194490192345,0.7853981633974483,1.4861616682098329,1.4529078083720701,0.0223756678355316,1.0800677134829264,20.89984436050494
3,weighted,9,1,0,1.0,-0.7853981633974483,0.7853981633974483,1.853526657716009,2.3314377551289667,0.2578388044344931,1.615587774356649,30.74239509841008
3,weighted,10,0,0,1.0,0.7853981633974483,0.7853981633974483,1.4861616682098324,1.5022221971358851,0.010806717243217915,1.3161960552167953,24.89149192079611
3,weighted,11,1,0,1.0,2.356194490192345,0.7853981633974483,1.853526657716009,2.2946090652501563,0.23796928180016952,1.5542827871767513,29.04110959326437
3,weighted,12,2,0,1.0,-2.356194490192345,2.356194490192345,3.562223810219683,4.05725706915889,0.13896747798917172,1.4494486947888436,27.71763029520204
3,weighted,13,3,1,1.0,-0.7853981633974483,2.356194490192345,3.9032420187383354,4.796572014573597,0.22886871773429437,1.052658194569584,44.842392299980155
3,weighted,14,2,0,1.0,0.7853981633974483,2.356194490192345,3.5622238102196824,3.383591011690103,0.05014642763801047,1.1225437729800847,26.911682125478087
3,weighted,15,3,1,1.0,2.356194490192345,2.356194490192345,3.903242018738335,3.2002062395131943,0.18011585647266284,0.8219801802212393,34.61988395275525
3,weighted_ess_resample,0,0,0,1.0,-2.356194490192345,-2.356194490192345,1.4861616682098324,1.2815894385864424,0.13765139688322678,0.32785717280128723,280.00000000000006
3,weighted_ess_resample,1,1,0,1.0,-0.7853981633974483,-2.356194490192345,1.8535266577160097,1.8171107397100656,0.01964682722762519,0.24057840512622436,397.0000000000001
3,weighted_ess_resample,2,0,0,1.0,0.7853981633974483,-2.356194490192345,1.4861616682098326,1.3456689105157642,0.09453396672738845,0.33006579337323927,294.0
3,weighted_ess_resample,3,1,0,1.0,2.356194490192345,-2.356194490192345,1.8535266577160097,2.7279546621340023,0.47176446088749435,0.5465474314078753,595.9999999999998
3,weighted_ess_resample,4,2,0,1.0,-2.356194490192345,-0.7853981633974483,3.5622238102196824,3.602184859995436,0.011218006477052114,0.2985580226945809,786.9999999999719
3,weighted_ess_resample,5,3,1,1.0,-0.7853981633974483,-0.7853981633974483,3.9032420187383265,4.31103107863706,0.10447444917354788,0.3640380950975073,295.59455410516125
3,weighted_ess_resample,6,2,0,1.0,0.7853981633974483,-0.7853981633974483,3.562223810219683,3.309249856620759,0.07101573822317547,0.22173461293034222,722.9999999999773
3,weighted_ess_resample,7,3,1,1.0,2.356194490192345,-0.7853981633974483,3.903242018738327,3.820572968217195,0.021179586129751068,0.49175936864844244,269.48787153969397
3,weighted_ess_resample,8,0,0,1.0,-2.356194490192345,0.7853981633974483,1.4861616682098329,1.464673644098791,0.014458739295116756,0.3303149293641009,319.99999999999994
3,weighted_ess_resample,9,1,0,1.0,-0.7853981633974483,0.7853981633974483,1.853526657716009,2.1191996788054417,0.14333380099146015,0.36882078546947566,463.00000000000006
3,weighted_ess_resample,10,0,0,1.0,0.7853981633974483,0.7853981633974483,1.4861616682098324,1.743877057505123,0.17341006352675187,0.4630557002279178,380.9999999999999
3,weighted_ess_resample,11,1,0,1.0,2.356194490192345,0.7853981633974483,1.853526657716009,2.2656670432153208,0.22235471164313758,0.387263510668034,494.9999999999999
3,weighted_ess_resample,12,2,0,1.0,-2.356194490192345,2.356194490192345,3.562223810219683,4.783079039441659,0.3427227749473399,0.41714028442032897,1044.9999999999688
3,weighted_ess_resample,13,3,1,1.0,-0.7853981633974483,2.356194490192345,3.9032420187383354,3.213937821209485,0.1765978625511051,0.5136771892158837,231.41911096428316
3,weighted_ess_resample,14,2,0,1.0,0.7853981633974483,2.356194490192345,3.5622238102196824,2.7462654229361476,0.22905870904086023,0.338278267684179,599.9999999999801
3,weighted_ess_resample,15,3,1,1.0,2.356194490192345,2.356194490192345,3.903242018738335,3.429422436059402,0.1213912897033446,0.3281814909451563,239.08929223251187
3,weighted_ess_resample_costmatched,0,0,0,1.0,-2.356194490192345,-2.356194490192345,1.4861616682098324,1.3078556625057116,0.11997752971175787,0.31652870737911887,480.0000000000003
3,weighted_ess_resample_costmatched,1,1,0,1.0,-0.7853981633974483,-2.356194490192345,1.8535266577160097,1.7901274380546954,0.03420464410230674,0.24252209688173942,657.0
3,weighted_ess_resample_costmatched,2,0,0,1.0,0.7853981633974483,-2.356194490192345,1.4861616682098326,1.460438823131378,0.01730824151146303,0.2903755326400278,536.0000000000003
3,weighted_ess_resample_costmatched,3,1,0,1.0,2.356194490192345,-2.356194490192345,1.8535266577160097,1.9318118014928143,0.04223577980435994,0.2783997348723686,709.0
3,weighted_ess_resample_costmatched,4,2,0,1.0,-2.356194490192345,-0.7853981633974483,3.5622238102196824,2.692005542508216,0.24429073356224631,0.3034837797897874,987.9999999999561
3,weighted_ess_resample_costmatched,5,3,1,1.0,-0.7853981633974483,-0.7853981633974483,3.9032420187383265,3.6576851382667677,0.06291100559296911,0.37213249323055236,417.41681137150164
3,weighted_ess_resample_costmatched,6,2,0,1.0,0.7853981633974483,-0.7853981633974483,3.562223810219683,3.6020560272067477,0.011181840083374322,0.1804828165503439,1321.9999999999432
3,weighted_ess_resample_costmatched,7,3,1,1.0,2.356194490192345,-0.7853981633974483,3.903242018738327,4.085800389118047,0.04677095847587992,0.3646737827568041,469.7958530435328
3,weighted_ess_resample_costmatched,8,0,0,1.0,-2.356194490192345,0.7853981633974483,1.4861616682098329,1.3786978442247706,0.07230964590447862,0.23485007640362157,506.0000000000001
3,weighted_ess_resample_costmatched,9,1,0,1.0,-0.7853981633974483,0.7853981633974483,1.853526657716009,2.239702822041034,0.20834670098615535,0.33823988978730873,822.0
3,weighted_ess_resample_costmatched,10,0,0,1.0,0.7853981633974483,0.7853981633974483,1.4861616682098324,1.4440906273500567,0.028308522390065916,0.3082394997675201,530.0000000000003
3,weighted_ess_resample_costmatched,11,1,0,1.0,2.356194490192345,0.7853981633974483,1.853526657716009,1.7002123612574276,0.08271491311999879,0.2414010163971616,624.0000000000001
3,weighted_ess_resample_costmatched,12,2,0,1.0,-2.356194490192345,2.356194490192345,3.562223810219683,4.245085746575674,0.19169540509973704,0.3796942639250583,1557.999999999936
3,weighted_ess_resample_costmatched,13,3,1,1.0,-0.7853981633974483,2.356194490192345,3.9032420187383354,3.5333013396257282,0.09477779685108662,0.2762118064996646,403.30251057912244
3,weighted_ess_resample_costmatched,14,2,0,1.0,0.7853981633974483,2.356194490192345,3.5622238102196824,3.659274770558948,0.02724448701421728,0.17444398416532386,1342.9999999999482
3,weighted_ess_resample_costmatched,15,3,1,1.0,2.356194490192345,2.356194490192345,3.903242018738335,4.629008787002759,0.18593947410389303,0.4108402425215407,511.15543124843555
4,minvar_branch,0,0,0,1.0,-2.356194490192345,-2.356194490192345,1.4861616682098324,1.5732149415336438,0.05857591080832552,0.27541805290601806,797.0
4,minvar_branch,1,1,0,1.0,-0.7853981633974483,-2.356194490192345,1.8535266577160097,1.9048336494102462,0.027680741186349663,0.23425040570743605,965.0
4,minvar_branch,2,0,0,1.0,0.7853981633974483,-2.356194490192345,1.4861616682098326,1.2534397589383486,0.15659259301971568,0.29471454082355214,635.0
4,minvar_branch,3,1,0,1.0,2.356194490192345,-2.356194490192345,1.8535266577160097,1.9837904846189611,0.07027890662412582,0.20731391530711887,1005.0
4,minvar_branch,4,2,0,1.0,-2.356194490192345,-0.7853981633974483,3.5622238102196824,2.9450899532850645,0.1732439874114926,0.268210638605711,1492.0
4,minvar_branch,5,3,1,1.0,-0.7853981633974483,-0.7853981633974483,3.9032420187383265,2.70821944765892,0.306161535805992,0.3463498191710263,1372.0
4,minvar_branch,6,2,0,1.0,0.7853981633974483,-0.7853981633974483,3.562223810219683,2.7950719663885066,0.21535756446023693,0.28347639570805483,1416.0
4,minvar_branch,7,3,1,1.0,2.356194490192345,-0.7853981633974483,3.903242018738327,4.786758134528339,0.22635442833124597,0.341346322831809,2425.0
4,minvar_branch,8,0,0,1.0,-2.356194490192345,0.7853981633974483,1.4861616682098329,1.6916501943467162,0.13826794926315522,0.33905042572360183,857.0
4,minvar_branch,9,1,0,1.0,-0.7853981633974483,0.7853981633974483,1.853526657716009,1.7923201592378275,0.03302164456248104,0.22598468119987852,908.0
4,minvar_branch,10,0,0,1.0,0.7853981633974483,0.7853981633974483,1.4861616682098324,1.5732149415336438,0.05857591080832552,0.2461246448451242,797.0
4,minvar_branch,11,1,0,1.0,2.356194490192345,0.7853981633974483,1.853526657716009,1.3422661985481528,0.27583118755780517,0.3464015732542604,680.0
4,minvar_branch,12,2,0,1.0,-2.356194490192345,2.356194490192345,3.562223810219683,3.0970818610618407,0.13057628434894908,0.22376033209123716,1569.0
4,minvar_branch,13,3,1,1.0,-0.7853981633974483,2.356194490192345,3.9032420187383354,3.1010297028222764,0.2055246157078833,0.32664987924777544,1571.0
4,minvar_branch,14,2,0,1.0,0.7853981633974483,2.356194490192345,3.5622238102196824,3.3497437337297282,0.05964815458264272,0.17469855740997564,1697.0
4,minvar_branch,15,3,1,1.0,2.356194490192345,2.356194490192345,3.903242018738335,3.138534199546416,0.19591606554776206,0.27345224424760833,1590.0
4,weighted,0,0,0,1.0,-2.356194490192345,-2.356194490192345,1.4861616682098324,1.5882940010890911,0.06872222253066385,1.3746102451733702,30.150046369280087
4,weighted,1,1,0,1.0,-0.7853981633974483,-2.356194490192345,1.8535266577160097,1.9979961318483637,0.07794302473662565,1.3391162772048353,24.752092580170558
4,weighted,2,0,0,1.0,0.7853981633974483,-2.356194490192345,1.4861616682098326,1.171259857100577,0.21188933737510066,1.2012137354927557,17.10202461514266
4,weighted,3,1,0,1.0,2.356194490192345,-2.356194490192345,1.8535266577160097,1.9286823687882304,0.0405474130945765,1.3000935794708297,27.130373011827963
4,weighted,4,2,0,1.0,-2.356194490192345,-0.7853981633974483,3.5622238102196824,4.3464640637580905,0.22015468295071666,1.7524659216094596,31.24468296510903
4,weighted,5,3,1,1.0,-0.7853981633974483,-0.7853981633974483,3.9032420187383265,3.8112272345647202,0.023573937698935954,0.8043916717647587,30.873526917592244
4,weighted,6,2,0,1.0,0.7853981633974483,-0.7853981633974483,3.562223810219683,2.5299200221944407,0.2897919510457654,0.9828777434251508,18.15940296110345
4,weighted,7,3,1,1.0,2.356194490192345,-0.7853981633974483,3.903242018738327,4.007763272125598,0.026778061131104654,1.119816781846589,36.28388096966333
4,weighted,8,0,0,1.0,-2.356194490192345,0.7853981633974483,1.4861616682098329,1.4016208863532662,0.05688531985783275,1.2417861666374659,22.835880951502382
4,weighted,9,1,0,1.0,-0.7853981633974483,0.7853981633974483,1.853526657716009,1.6448639610010867,0.11257604299689167,0.9494438628565038,26.542922440760915
4,weighted,10,0,0,1.0,0.7853981633974483,0.7853981633974483,1.4861616682098324,1.2840557596614637,0.13599187280332495,1.145432493119844,20.80801008479753
4,weighted,11,1,0,1.0,2.356194490192345,0.7853981633974483,1.853526657716009,2.0155365533218257,0.08740629379749622,1.1933405921609221,30.056536056768206
4,weighted,12,2,0,1.0,-2.356194490192345,2.356194490192345,3.562223810219683,3.504205541426054,0.016287092525511703,0.9916013782185139,29.280299451567842
4,weighted,13,3,1,1.0,-0.7853981633974483,2.356194490192345,3.9032420187383354,4.570979807453612,0.17107260720950956,0.9782073301340408,41.71430381215966
4,weighted,14,2,0,1.0,0.7853981633974483,2.356194490192345,3.5622238102196824,3.8613195178865904,0.08396319928265901,1.209082400581671,30.235422228921134
4,weighted,15,3,1,1.0,2.356194490192345,2.356194490192345,3.903242018738335,4.078634060117772,0.04493496445709254,0.8932155562097714,33.06449520311412
4,weighted_ess_resample,0,0,0,1.0,-2.356194490192345,-2.356194490192345,1.4861616682098324,1.4367387214660485,0.03325543095410117,0.2604336688889323,318.0
4,weighted_ess_resample,1,1,0,1.0,-0.7853981633974483,-2.356194490192345,1.8535266577160097,1.6355327583984596,0.11761033940896808,0.3035001519277487,362.0
4,weighted_ess_resample,2,0,0,1.0,0.7853981633974483,-2.356194490192345,1.4861616682098326,1.242462730827558,0.163978753183578,0.37006895291254444,275.0000000000001
4,weighted_ess_resample,3,1,0,1.0,2.356194490192345,-2.356194490192345,1.8535266577160097,2.3042036098983822,0.2431456544238295,0.37109644720919527,509.99999999999994
4,weighted_ess_resample,4,2,0,1.0,-2.356194490192345,-0.7853981633974483,3.5622238102196824,4.197267952291337,0.17827182566400618,0.2926288807990981,928.9999999999818
4,weighted_ess_resample,5,3,1,1.0,-0.7853981633974483,-0.7853981633974483,3.9032420187383265,2.9670118504183796,0.2398596253640894,0.4564973872387332,221.13962542014352
4,weighted_ess_resample,6,2,0,1.0,0.7853981633974483,-0.7853981633974483,3.562223810219683,3.777089353720793,0.06031781127414877,0.25939207412301973,835.9999999999816
4,weighted_ess_resample,7,3,1,1.0,2.356194490192345,-0.7853981633974483,3.903242018738327,3.5089447143315105,0.10101789807393703,0.5163041261037123,261.7756719248018
4,weighted_ess_resample,8,0,0,1.0,-2.356194490192345,0.7853981633974483,1.4861616682098329,1.4051123974086197,0.054535971782155884,0.30667695308773124,310.99999999999994
4,weighted_ess_resample,9,1,0,1.0,-0.7853981633974483,0.7853981633974483,1.853526657716009,1.7213756379829093,0.07129706993043283,0.3373449622996264,381.0000000000001
4,weighted_ess_resample,10,0,0,1.0,0.7853981633974483,0.7853981633974483,1.4861616682098324,1.6581229898680498,0.11570835484227955,0.41579868818441973,367.0000000000001
4,weighted_ess_resample,11,1,0,1.0,2.356194490192345,0.7853981633974483,1.853526657716009,1.6761951750437247,0.09567247491913569,0.29905545075668394,371.0
4,weighted_ess_resample,12,2,0,1.0,-2.356194490192345,2.356194490192345,3.562223810219683,3.8945586872087836,0.09329421583103889,0.2406810709820636,861.9999999999836
4,weighted_ess_resample,13,3,1,1.0,-0.7853981633974483,2.356194490192345,3.9032420187383354,4.098762717159561,0.05009187170116205,0.4424362610400546,300.251760820104
4,weighted_ess_resample,14,2,0,1.0,0.7853981633974483,2.356194490192345,3.5622238102196824,2.9051058179472804,0.1844684745487335,0.27412645828133786,642.9999999999865
4,weighted_ess_resample,15,3,1,1.0,2.356194490192345,2.356194490192345,3.903242018738335,4.227180960578351,0.08299227674965548,0.4905832776818478,292.90363337358275
4,weighted_ess_resample_costmatched,0,0,0,1.0,-2.356194490192345,-2.356194490192345,1.4861616682098324,1.4735506706001429,0.008485616255249141,0.2682160419280044,527.0
4,weighted_ess_resample_costmatched,1,1,0,1.0,-0.7853981633974483,-2.356194490192345,1.8535266577160097,1.5770067897883902,0.1491858057592538,0.28493483939448205,564.0
4,weighted_ess_resample_costmatched,2,0,0,1.0,0.7853981633974483,-2.356194490192345,1.4861616682098326,1.4959195612354395,0.006565835490401765,0.28917215251272627,535.0000000000002
4,weighted_ess_resample_costmatched,3,1,0,1.0,2.356194490192345,-2.356194490192345,1.8535266577160097,2.183762948270803,0.17816646401067887,0.30118979392240486,781.0
4,weighted_ess_resample_costmatched,4,2,0,1.0,-2.356194490192345,-0.7853981633974483,3.5622238102196824,3.7831413005605716,0.062016735081916505,0.20012009959310062,1352.9999999999698
4,weighted_ess_resample_costmatched,5,3,1,1.0,-0.7853981633974483,-0.7853981633974483,3.9032420187383265,4.224266748794596,0.08224566360864213,0.45299702134588343,492.5064248376855
4,weighted_ess_resample_costmatched,6,2,0,1.0,0.7853981633974483,-0.7853981633974483,3.562223810219683,3.998442025693959,0.12245671207485818,0.21227029681080145,1429.99999999997
4,weighted_ess_resample_costmatched,7,3,1,1.0,2.356194490192345,-0.7853981633974483,3.903242018738327,2.8785548999143753,0.2625220557435915,0.4614060168736558,358.1462760932953
4,weighted_ess_resample_costmatched,8,0,0,1.0,-2.356194490192345,0.7853981633974483,1.4861616682098329,1.462366225282495,0.01601134212807474,0.35079939161678303,523.0000000000001
4,weighted_ess_resample_costmatched,9,1,0,1.0,-0.7853981633974483,0.7853981633974483,1.853526657716009,1.8957634813413629,0.02278727605536561,0.293742675797744,678.0
4,weighted_ess_resample_costmatched,10,0,0,1.0,0.7853981633974483,0.7853981633974483,1.4861616682098324,1.5350651198472078,0.032905876045290855,0.3202820886705402,549.0000000000002
4,weighted_ess_resample_costmatched,11,1,0,1.0,2.356194490192345,0.7853981633974483,1.853526657716009,2.0886951630707933,0.12687624662737168,0.31445294004734214,747.0000000000001
4,weighted_ess_resample_costmatched,12,2,0,1.0,-2.356194490192345,2.356194490192345,3.562223810219683,3.2686564541950918,0.08241126096074428,0.2058317517646911,1168.999999999976
4,weighted_ess_resample_costmatched,13,3,1,1.0,-0.7853981633974483,2.356194490192345,3.9032420187383354,3.495424997361397,0.10448161282829171,0.33845332128895333,416.52271892634104
4,weighted_ess_resample_costmatched,14,2,0,1.0,0.7853981633974483,2.356194490192345,3.5622238102196824,3.3832971002687704,0.05022893548619495,0.17087393168501497,1209.9999999999757
4,weighted_ess_resample_costmatched,15,3,1,1.0,2.356194490192345,2.356194490192345,3.903242018738335,4.222207843903304,0.08171817776958389,0.3022603816739569,501.25393028144225
5,minvar_branch,0,0,0,1.0,-2.356194490192345,-2.356194490192345,1.4861616682098324,1.306735622704231,0.1207311757150421,0.2554601496101946,662.0
5,minvar_branch,1,1,0,1.0,-0.7853981633974483,-2.356194490192345,1.8535266577160097,1.9660251966970004,0.06069431940062624,0.22113465191924203,996.0
5,minvar_branch,2,0,0,1.0,0.7853981633974483,-2.356194490192345,1.4861616682098326,1.1961960534120304,0.1951104116062168,0.2951787453985459,606.0
5,minvar_branch,3,1,0,1.0,2.356194490192345,-2.356194490192345,1.8535266577160097,2.4141052365064573,0.3024389082600059,0.3741333385887535,1223.0
5,minvar_branch,4,2,0,1.0,-2.356194490192345,-0.7853981633974483,3.5622238102196824,3.403039597495611,0.04468675221006245,0.18845651833351004,1724.0
5,minvar_branch,5,3,1,1.0,-0.7853981633974483,-0.7853981633974483,3.9032420187383265,3.018125025853126,0.22676456869341236,0.3087117528404391,1529.0
5,minvar_branch,6,2,0,1.0,0.7853981633974483,-0.7853981633974483,3.562223810219683,3.016151104972908,0.15329545091471905,0.21494616036481143,1528.0
5,minvar_branch,7,3,1,1.0,2.356194490192345,-0.7853981633974483,3.903242018738327,6.681722179537496,0.7118390680005225,0.9437754661877403,3385.0
5,minvar_branch,8,0,0,1.0,-2.356194490192345,0.7853981633974483,1.4861616682098329,1.1665872402087623,0.21503342121992447,0.30971153611794416,591.0
5,minvar_branch,9,1,0,1.0,-0.7853981633974483,0.7853981633974483,1.853526657716009,1.7350764537115093,0.06390531450486871,0.19328624638650618,879.0
5,minvar_branch,10,0,0,1.0,0.7853981633974483,0.7853981633974483,1.4861616682098324,1.6087455173775655,0.08248352234477455,0.22627018743296765,815.0
5,minvar_branch,11,1,0,1.0,2.356194490192345,0.7853981633974483,1.853526657716009,1.6580935393830123,0.10543852580670048,0.2490839784417725,840.0
5,minvar_branch,12,2,0,1.0,-2.356194490192345,2.356194490192345,3.562223810219683,3.695179887767856,0.03732389783222909,0.23927465604817433,1872.0
5,minvar_branch,13,3,1,1.0,-0.7853981633974483,2.356194490192345,3.9032420187383354,2.8760027224774394,0.2631759166686097,0.3695501252193033,1457.0
5,minvar_branch,14,2,0,1.0,0.7853981633974483,2.356194490192345,3.5622238102196824,4.255773417749731,0.19469568575122115,0.24764605040801788,2156.0
5,minvar_branch,15,3,1,1.0,2.356194490192345,2.356194490192345,3.903242018738335,3.0832644149003157,0.21007603420478266,0.28158441670237705,1562.0
5,weighted,0,0,0,1.0,-2.356194490192345,-2.356194490192345,1.4861616682098324,1.6408162947186269,0.10406312436727351,1.225024010041183,26.910788172194856
5,weighted,1,1,0,1.0,-0.7853981633974483,-2.356194490192345,1.8535266577160097,2.144409652462522,0.15693488601073044,1.1473534606739528,30.326802074087418
5,weighted,2,0,0,1.0,0.7853981633974483,-2.356194490192345,1.4861616682098326,1.2080437640710784,0.18713839152759423,1.484859227186643,19.18813158914772
5,weighted,3,1,0,1.0,2.356194490192345,-2.356194490192345,1.8535266577160097,1.801928746164783,0.02783769595998562,1.304555848149336,23.314006261312265
5,weighted,4,2,0,1.0,-2.356194490192345,-0.7853981633974483,3.5622238102196824,3.2086424004634155,0.09925861725528735,1.0563417140715294,23.777278518790435
5,weighted,5,3,1,1.0,-0.7853981633974483,-0.7853981633974483,3.9032420187383265,3.051486287421241,0.21821750412299687,0.7828198417592869,25.53687771110647
5,weighted,6,2,0,1.0,0.7853981633974483,-0.7853981633974483,3.562223810219683,3.7519530621414,0.053261463071860284,1.000518676142198,29.220552151407823
5,weighted,7,3,1,1.0,2.356194490192345,-0.7853981633974483,3.903242018738327,4.052497710417318,0.0382389026769177,0.8893885507985605,37.698819394579125
5,weighted,8,0,0,1.0,-2.356194490192345,0.7853981633974483,1.4861616682098329,1.4637015463604302,0.015112838885460706,1.5527570124608527,23.28026905744359
5,weighted,9,1,0,1.0,-0.7853981633974483,0.7853981633974483,1.853526657716009,2.479223757968959,0.33757113643240466,1.3975421208076437,34.64797657781655
5,weighted,10,0,0,1.0,0.7853981633974483,0.7853981633974483,1.4861616682098324,1.4088903464482636,0.05199388694679939,1.08965510286927,27.227738227766764
5,weighted,11,1,0,1.0,2.356194490192345,0.7853981633974483,1.853526657716009,1.7399943496710062,0.0612520502860757,1.2590078276891716,26.208425069755222
5,weighted,12,2,0,1.0,-2.356194490192345,2.356194490192345,3.562223810219683,3.19146459815568,0.10408083035106604,1.1492867611986772,23.04977990286188
5,weighted,13,3,1,1.0,-0.7853981633974483,2.356194490192345,3.9032420187383354,3.9226794246019656,0.0049798105703712,0.9687978157587221,31.98217803285832
5,weighted,14,2,0,1.0,0.7853981633974483,2.356194490192345,3.5622238102196824,2.4794554707829106,0.3039585374536019,0.8204712534333577,20.96978628119662
5,weighted,15,3,1,1.0,2.356194490192345,2.356194490192345,3.903242018738335,4.946008309233887,0.2671538904043186,1.080700795071036,42.059386029901866
5,weighted_ess_resample,0,0,0,1.0,-2.356194490192345,-2.356194490192345,1.4861616682098324,1.5749517097908516,0.059744537542790986,0.4265137034842723,350.0
5,weighted_ess_resample,1,1,0,1.0,-0.7853981633974483,-2.356194490192345,1.8535266577160097,2.2364314279030117,0.20658174436985588,0.36278168097187474,497.00000000000006
5,weighted_ess_resample,2,0,0,1.0,0.7853981633974483,-2.356194490192345,1.4861616682098326,1.475954745175427,0.00686797624561301,0.3040972612668125,328.00000000000017
5,weighted_ess_resample,3,1,0,1.0,2.356194490192345,-2.356194490192345,1.8535266577160097,1.7774455010496777,0.04104670216077833,0.2681764279250339,395.00000000000006
5,weighted_ess_resample,4,2,0,1.0,-2.356194490192345,-0.7853981633974483,3.5622238102196824,3.685390433135276,0.03457576768821776,0.25614767496529667,818.9999999999684
5,weighted_ess_resample,5,3,1,1.0,-0.7853981633974483,-0.7853981633974483,3.9032420187383265,3.3108916724043995,0.15175854930086982,0.6211142930294802,242.81604963333788
5,weighted_ess_resample,6,2,0,1.0,0.7853981633974483,-0.7853981633974483,3.562223810219683,4.094878250284992,0.1495286283071755,0.2936122660792079,909.9999999999698
5,weighted_ess_resample,7,3,1,1.0,2.356194490192345,-0.7853981633974483,3.903242018738327,4.679436948691024,0.19885903211392267,0.6185540495550245,314.2641756564831
5,weighted_ess_resample,8,0,0,1.0,-2.356194490192345,0.7853981633974483,1.4861616682098329,1.3274592982522895,0.10678674692821913,0.3334474357722194,295.0000000000001
5,weighted_ess_resample,9,1,0,1.0,-0.7853981633974483,0.7853981633974483,1.853526657716009,1.9034416378329462,0.026929734141749248,0.3297940821538982,423.00000000000006
5,weighted_ess_resample,10,0,0,1.0,0.7853981633974483,0.7853981633974483,1.4861616682098324,1.7549461909098065,0.1808581989762531,0.42807107165372216,390.0000000000002
5,weighted_ess_resample,11,1,0,1.0,2.356194490192345,0.7853981633974483,1.853526657716009,1.6739486744062786,0.0968844891235682,0.3142512847938468,372.00000000000006
5,weighted_ess_resample,12,2,0,1.0,-2.356194490192345,2.356194490192345,3.562223810219683,3.7123896074087543,0.042155070874059085,0.2127317684932324,824.9999999999726
5,weighted_ess_resample,13,3,1,1.0,-0.7853981633974483,2.356194490192345,3.9032420187383354,3.6346416607682848,0.06881468191840989,0.5627098433885699,244.5057225337542
5,weighted_ess_resample,14,2,0,1.0,0.7853981633974483,2.356194490192345,3.5622238102196824,2.9564120937550977,0.17006559630716303,0.33351299449520116,656.9999999999743
5,weighted_ess_resample,15,3,1,1.0,2.356194490192345,2.356194490192345,3.903242018738335,3.1893790114920813,0.1828897628738377,0.43928895178611915,233.09047359880452
5,weighted_ess_resample_costmatched,0,0,0,1.0,-2.356194490192345,-2.356194490192345,1.4861616682098324,1.444351552949008,0.028132952258947064,0.2570416555018105,512.0000000000001
5,weighted_ess_resample_costmatched,1,1,0,1.0,-0.7853981633974483,-2.356194490192345,1.8535266577160097,1.8759644193576024,0.01210544318215603,0.2781453722164407,665.0000000000002
5,weighted_ess_resample_costmatched,2,0,0,1.0,0.7853981633974483,-2.356194490192345,1.4861616682098326,1.6531054883361698,0.11233220698487707,0.3223060262001691,586.0000000000005
5,weighted_ess_resample_costmatched,3,1,0,1.0,2.356194490192345,-2.356194490192345,1.8535266577160097,1.9605943931632084,0.05776433535578706,0.2981769807081381,695.0
5,weighted_ess_resample_costmatched,4,2,0,1.0,-2.356194490192345,-0.7853981633974483,3.5622238102196824,3.780143128186948,0.061175077585545225,0.22716443913349735,1339.9999999999343
5,weighted_ess_resample_costmatched,5,3,1,1.0,-0.7853981633974483,-0.7853981633974483,3.9032420187383265,4.027813307522589,0.031914825723394,0.2692157896564282,451.72669406126096
5,weighted_ess_resample_costmatched,6,2,0,1.0,0.7853981633974483,-0.7853981633974483,3.562223810219683,3.4924008487286584,0.0196009473887376,0.20541236891164397,1237.999999999934
5,weighted_ess_resample_costmatched,7,3,1,1.0,2.356194490192345,-0.7853981633974483,3.903242018738327,4.208033029330867,0.07808662878943382,0.2841328986817496,454.49583922221
5,weighted_ess_resample_costmatched,8,0,0,1.0,-2.356194490192345,0.7853981633974483,1.4861616682098329,1.4923085381055183,0.004136070810579933,0.30509237982764803,529.0000000000002
5,weighted_ess_resample_costmatched,9,1,0,1.0,-0.7853981633974483,0.7853981633974483,1.853526657716009,1.8562174254696273,0.001451701674975633,0.2078970653303286,657.9999999999999
5,weighted_ess_resample_costmatched,10,0,0,1.0,0.7853981633974483,0.7853981633974483,1.4861616682098324,1.351258581762842,0.09077282057038183,0.28340549853232044,479.00000000000034
5,weighted_ess_resample_costmatched,11,1,0,1.0,2.356194490192345,0.7853981633974483,1.853526657716009,2.1608853311698097,0.16582371350004785,0.30284049495182225,766.0000000000002
5,weighted_ess_resample_costmatched,12,2,0,1.0,-2.356194490192345,2.356194490192345,3.562223810219683,3.929656257135062,0.10314692913489895,0.2374469938000543,1392.9999999999259
5,weighted_ess_resample_costmatched,13,3,1,1.0,-0.7853981633974483,2.356194490192345,3.9032420187383354,3.2729636613234283,0.1614756026885146,0.3125216692342468,360.89036223385125
5,weighted_ess_resample_costmatched,14,2,0,1.0,0.7853981633974483,2.356194490192345,3.5622238102196824,4.273818566408367,0.19976138336597113,0.28555756448954,1514.999999999919
5,weighted_ess_resample_costmatched,15,3,1,1.0,2.356194490192345,2.356194490192345,3.903242018738335,4.634978947431907,0.187469012984774,0.3836027797353679,501.61901970927767
6,minvar_branch,0,0,0,1.0,-2.356194490192345,-2.356194490192345,1.4861616682098324,1.448857926079918,0.025100729569245996,0.2571841636135284,734.0
6,minvar_branch,1,1,0,1.0,-0.7853981633974483,-2.356194490192345,1.8535266577160097,1.6265108052995263,0.12247779198181129,0.22037540888792767,824.0
6,minvar_branch,2,0,0,1.0,0.7853981633974483,-2.356194490192345,1.4861616682098326,1.875224836206978,0.2617906088681418,0.3420858571238525,950.0
6,minvar_branch,3,1,0,1.0,2.356194490192345,-2.356194490192345,1.8535266577160097,2.3726528980218817,0.2800748714051733,0.34220541926397885,1202.0
6,minvar_branch,4,2,0,1.0,-2.356194490192345,-0.7853981633974483,3.5622238102196824,2.844419988393953,0.20150441411525521,0.26617243507839145,1441.0
6,minvar_branch,5,3,1,1.0,-0.7853981633974483,-0.7853981633974483,3.9032420187383265,3.235256322677092,0.17113612039797435,0.23378522384991557,1639.0
6,minvar_branch,6,2,0,1.0,0.7853981633974483,-0.7853981633974483,3.562223810219683,4.00705938684228,0.1248758080125134,0.23057309790353356,2030.0
6,minvar_branch,7,3,1,1.0,2.356194490192345,-0.7853981633974483,3.903242018738327,5.534874148130912,0.4180197183673457,0.5422555242137762,2804.0
6,minvar_branch,8,0,0,1.0,-2.356194490192345,0.7853981633974483,1.4861616682098329,1.3797706952722923,0.07158775200123049,0.2429709663231307,699.0
6,minvar_branch,9,1,0,1.0,-0.7853981633974483,0.7853981633974483,1.853526657716009,1.9166771746915534,0.03407046600201642,0.22303134783591874,971.0
6,minvar_branch,10,0,0,1.0,0.7853981633974483,0.7853981633974483,1.4861616682098324,1.3935881414338174,0.062290347514833436,0.2501419908454944,706.0
6,minvar_branch,11,1,0,1.0,2.356194490192345,0.7853981633974483,1.853526657716009,1.8515377856443638,0.0010730204841488437,0.22177792032339297,938.0
6,minvar_branch,12,2,0,1.0,-2.356194490192345,2.356194490192345,3.562223810219683,3.140508120426634,0.11838551204536514,0.18911910125186268,1591.0
6,minvar_branch,13,3,1,1.0,-0.7853981633974483,2.356194490192345,3.9032420187383354,3.430674489818661,0.12107051693208223,0.22511337844866852,1738.0
6,minvar_branch,14,2,0,1.0,0.7853981633974483,2.356194490192345,3.5622238102196824,2.7338804191017525,0.23253547088801418,0.2864080421525515,1385.0
6,minvar_branch,15,3,1,1.0,2.356194490192345,2.356194490192345,3.903242018738335,2.4002877903449322,0.3850527897522507,0.4676953839452037,1216.0
6,weighted,0,0,0,1.0,-2.356194490192345,-2.356194490192345,1.4861616682098324,1.5966471206242747,0.0743428220346501,1.291759336514702,27.509532356262653
6,weighted,1,1,0,1.0,-0.7853981633974483,-2.356194490192345,1.8535266577160097,2.3385635138041714,0.261683237232662,1.2584480396626658,29.822503187376515
6,weighted,2,0,0,1.0,0.7853981633974483,-2.356194490192345,1.4861616682098326,1.5151170925091733,0.01948336100891304,1.3050636282988546,25.7444353882378
6,weighted,3,1,0,1.0,2.356194490192345,-2.356194490192345,1.8535266577160097,2.22167540514431,0.19862069201742585,1.6336324650200387,27.936034766931378
6,weighted,4,2,0,1.0,-2.356194490192345,-0.7853981633974483,3.5622238102196824,3.349597532750685,0.05968919663581852,0.9990680687307535,26.059288136350116
6,weighted,5,3,1,1.0,-0.7853981633974483,-0.7853981633974483,3.9032420187383265,4.412038271537579,0.13035221755573187,1.1582063248836576,37.33082959787126
6,weighted,6,2,0,1.0,0.7853981633974483,-0.7853981633974483,3.562223810219683,2.388096332822108,0.32960519606575933,1.0015184089923725,27.28264644264134
6,weighted,7,3,1,1.0,2.356194490192345,-0.7853981633974483,3.903242018738327,5.0531120755461805,0.2945935843300678,1.066889624454108,37.99030286115112
6,weighted,8,0,0,1.0,-2.356194490192345,0.7853981633974483,1.4861616682098329,1.9642850543487318,0.3217169412765342,1.6114734064486511,24.75599623284205
6,weighted,9,1,0,1.0,-0.7853981633974483,0.7853981633974483,1.853526657716009,1.9856877849202603,0.071302523033095,1.3881569401402827,25.594055542566824
6,weighted,10,0,0,1.0,0.7853981633974483,0.7853981633974483,1.4861616682098324,1.1912876141490107,0.1984131742652295,1.1507725413376588,18.300822833661417
6,weighted,11,1,0,1.0,2.356194490192345,0.7853981633974483,1.853526657716009,2.7090697743165837,0.46157583600918356,1.7567027528477863,37.181030074083274
6,weighted,12,2,0,1.0,-2.356194490192345,2.356194490192345,3.562223810219683,3.930419332606867,0.10336114236586318,1.0506267309732455,28.46530316372798
6,weighted,13,3,1,1.0,-0.7853981633974483,2.356194490192345,3.9032420187383354,4.487900474396222,0.14978790780871648,0.772211474187173,43.074553429132905
6,weighted,14,2,0,1.0,0.7853981633974483,2.356194490192345,3.5622238102196824,3.785285176297706,0.06261857142105487,1.140103524481979,31.37008817374286
6,weighted,15,3,1,1.0,2.356194490192345,2.356194490192345,3.903242018738335,3.482623648771748,0.10776128355539313,0.8355020642657215,29.430814942768944
6,weighted_ess_resample,0,0,0,1.0,-2.356194490192345,-2.356194490192345,1.4861616682098324,1.436328046689375,0.03353176345914292,0.34310769755873755,313.0000000000001
6,weighted_ess_resample,1,1,0,1.0,-0.7853981633974483,-2.356194490192345,1.8535266577160097,1.9686413163889578,0.062105747545490954,0.3243773906246669,429.00000000000006
6,weighted_ess_resample,2,0,0,1.0,0.7853981633974483,-2.356194490192345,1.4861616682098326,1.6841290515495226,0.13320716552873627,0.42622732101433325,367.00000000000006
6,weighted_ess_resample,3,1,0,1.0,2.356194490192345,-2.356194490192345,1.8535266577160097,2.078775096326801,0.12152425090467896,0.34881221679709207,453.0
6,weighted_ess_resample,4,2,0,1.0,-2.356194490192345,-0.7853981633974483,3.5622238102196824,3.5196979457181854,0.011938010289947057,0.28832180632369636,766.9999999999121
6,weighted_ess_resample,5,3,1,1.0,-0.7853981633974483,-0.7853981633974483,3.9032420187383265,5.237752074225301,0.341897850320421,0.5973960094030598,322.20164947506413
6,weighted_ess_resample,6,2,0,1.0,0.7853981633974483,-0.7853981633974483,3.562223810219683,4.327347113159603,0.21478810532478446,0.32251017108500096,942.9999999998878
6,weighted_ess_resample,7,3,1,1.0,2.356194490192345,-0.7853981633974483,3.903242018738327,5.1851921084131165,0.3284321298860078,0.5630877945725992,324.8035822521745
6,weighted_ess_resample,8,0,0,1.0,-2.356194490192345,0.7853981633974483,1.4861616682098329,1.7759072014977257,0.19496232441313605,0.4075614469436868,387.0000000000001
6,weighted_ess_resample,9,1,0,1.0,-0.7853981633974483,0.7853981633974483,1.853526657716009,1.5877619941039145,0.14338324323836837,0.3478617103694108,345.99999999999994
6,weighted_ess_resample,10,0,0,1.0,0.7853981633974483,0.7853981633974483,1.4861616682098324,1.4776282141660664,0.005741941961163001,0.3710622438595102,322.00000000000006
6,weighted_ess_resample,11,1,0,1.0,2.356194490192345,0.7853981633974483,1.853526657716009,1.9961747613734184,0.07696037338528826,0.25900083662799794,435.00000000000006
6,weighted_ess_resample,12,2,0,1.0,-2.356194490192345,2.356194490192345,3.562223810219683,3.785855144408283,0.06277857487421844,0.2472743217205857,824.9999999999116
6,weighted_ess_resample,13,3,1,1.0,-0.7853981633974483,2.356194490192345,3.9032420187383354,4.7978785916051985,0.22920345921979005,0.5401798304967215,293.7712894511476
6,weighted_ess_resample,14,2,0,1.0,0.7853981633974483,2.356194490192345,3.5622238102196824,3.593120581634748,0.008673450367274934,0.2368235352221656,782.9999999999062
6,weighted_ess_resample,15,3,1,1.0,2.356194490192345,2.356194490192345,3.903242018738335,2.6376449400708593,0.32424253289745053,0.6337981192093899,179.0281638902076
6,weighted_ess_resample_costmatched,0,0,0,1.0,-2.356194490192345,-2.356194490192345,1.4861616682098324,1.5549846754980432,0.04630923321492477,0.3015647165816902,554.0
6,weighted_ess_resample_costmatched,1,1,0,1.0,-0.7853981633974483,-2.356194490192345,1.8535266577160097,1.7991790198452091,0.0293212064928,0.21773774651171388,640.9999999999999
6,weighted_ess_resample_costmatched,2,0,0,1.0,0.7853981633974483,-2.356194490192345,1.4861616682098326,1.5184958654231793,0.021756850486054476,0.25574469652280124,540.9999999999999
6,weighted_ess_resample_costmatched,3,1,0,1.0,2.356194490192345,-2.356194490192345,1.8535266577160097,1.9816230702195285,0.06910956039950591,0.25265005091142256,706.0000000000001
6,weighted_ess_resample_costmatched,4,2,0,1.0,-2.356194490192345,-0.7853981633974483,3.5622238102196824,4.465671105110588,0.2536189029726322,0.34897145034788013,1590.999999999985
6,weighted_ess_resample_costmatched,5,3,1,1.0,-0.7853981633974483,-0.7853981633974483,3.9032420187383265,3.3697316430240076,0.1366839086977162,0.47858771281591683,438.91735155592477
6,weighted_ess_resample_costmatched,6,2,0,1.0,0.7853981633974483,-0.7853981633974483,3.562223810219683,3.7695765331145106,0.0582087858432568,0.2215502567244312,1342.9999999999864
6,weighted_ess_resample_costmatched,7,3,1,1.0,2.356194490192345,-0.7853981633974483,3.903242018738327,3.0019846662745215,0.23089968496371263,0.3966382809710931,386.6567830834774
6,weighted_ess_resample_costmatched,8,0,0,1.0,-2.356194490192345,0.7853981633974483,1.4861616682098329,1.6981330842532776,0.1426301193051066,0.3229733805026279,604.9999999999997
6,weighted_ess_resample_costmatched,9,1,0,1.0,-0.7853981633974483,0.7853981633974483,1.853526657716009,1.7739175359472268,0.042950081908657206,0.23488787965911903,632.0
6,weighted_ess_resample_costmatched,10,0,0,1.0,0.7853981633974483,0.7853981633974483,1.4861616682098324,1.563405170130704,0.051975167690817746,0.3252089192940007,556.9999999999999
6,weighted_ess_resample_costmatched,11,1,0,1.0,2.356194490192345,0.7853981633974483,1.853526657716009,1.6588374426341945,0.1050371810253425,0.2663555519869071,590.9999999999999
6,weighted_ess_resample_costmatched,12,2,0,1.0,-2.356194490192345,2.356194490192345,3.562223810219683,4.184987813151186,0.17482450180273687,0.2659432708187704,1490.9999999999866
6,weighted_ess_resample_costmatched,13,3,1,1.0,-0.7853981633974483,2.356194490192345,3.9032420187383354,3.230891994884334,0.17225424932049904,0.3425491987392021,413.98409362230797
6,weighted_ess_resample_costmatched,14,2,0,1.0,0.7853981633974483,2.356194490192345,3.5622238102196824,3.314869596129697,0.06943814517783795,0.20353001234993653,1180.9999999999886
6,weighted_ess_resample_costmatched,15,3,1,1.0,2.356194490192345,2.356194490192345,3.903242018738335,3.0927764557366597,0.20763907518695093,0.44967366442273865,404.6073904346609
7,minvar_branch,0,0,0,1.0,-2.356194490192345,-2.356194490192345,1.4861616682098324,1.5653192580127724,0.05326310824467021,0.23232654396759522,793.0
7,minvar_branch,1,1,0,1.0,-0.7853981633974483,-2.356194490192345,1.8535266577160097,1.6205890426588727,0.12567265438964448,0.2553587684081513,821.0
7,minvar_branch,2,0,0,1.0,0.7853981633974483,-2.356194490192345,1.4861616682098326,1.4449100843194822,0.027757130851073793,0.2322134733625535,732.0
7,minvar_branch,3,1,0,1.0,2.356194490192345,-2.356194490192345,1.8535266577160097,1.9048336494102462,0.027680741186349663,0.22062704241664904,965.0
7,minvar_branch,4,2,0,1.0,-2.356194490192345,-0.7853981633974483,3.5622238102196824,2.9825944500092043,0.16271559314930645,0.21175562104555107,1511.0
7,minvar_branch,5,3,1,1.0,-0.7853981633974483,-0.7853981633974483,3.9032420187383265,4.180764424301453,0.0711004862703419,0.29473158287322193,2118.0
7,minvar_branch,6,2,0,1.0,0.7853981633974483,-0.7853981633974483,3.562223810219683,3.2648651358803598,0.08347557317601134,0.1811138243183909,1654.0
7,minvar_branch,7,3,1,1.0,2.356194490192345,-0.7853981633974483,3.903242018738327,3.908363342831386,0.0013120693178831863,0.21236982410149072,1980.0
7,minvar_branch,8,0,0,1.0,-2.356194490192345,0.7853981633974483,1.4861616682098329,1.6067715964973477,0.0811553217038604,0.23435182095896237,814.0
7,minvar_branch,9,1,0,1.0,-0.7853981633974483,0.7853981633974483,1.853526657716009,1.9818165637387433,0.06921395248818181,0.25432988653319305,1004.0
7,minvar_branch,10,0,0,1.0,0.7853981633974483,0.7853981633974483,1.4861616682098324,1.3442401194283706,0.09549536353767925,0.2446257798929192,681.0
7,minvar_branch,11,1,0,1.0,2.356194490192345,0.7853981633974483,1.853526657716009,1.8100854471597885,0.02343705733898133,0.21280151013151205,917.0
7,minvar_branch,12,2,0,1.0,-2.356194490192345,2.356194490192345,3.562223810219683,4.4215827716880325,0.24124227091035946,0.2823271179995143,2240.0
7,minvar_branch,13,3,1,1.0,-0.7853981633974483,2.356194490192345,3.9032420187383354,3.8096672988204925,0.02397358899822706,0.2785540182533469,1930.0
7,minvar_branch,14,2,0,1.0,0.7853981633974483,2.356194490192345,3.5622238102196824,3.7287365427315597,0.046744040066816726,0.18589815031619863,1889.0
7,minvar_branch,15,3,1,1.0,2.356194490192345,2.356194490192345,3.903242018738335,4.03469427916533,0.033677711962499565,0.1867284802920979,2044.0
7,weighted,0,0,0,1.0,-2.356194490192345,-2.356194490192345,1.4861616682098324,1.8826704157159124,0.2668005480074706,1.3843176065086835,24.708262155944258
7,weighted,1,1,0,1.0,-0.7853981633974483,-2.356194490192345,1.8535266577160097,1.3352166328112285,0.27963451334628425,0.8235520415786282,24.121797286269135
7,weighted,2,0,0,1.0,0.7853981633974483,-2.356194490192345,1.4861616682098326,1.453873837467166,0.021725651679308323,1.3403380163837784,27.13899946010199
7,weighted,3,1,0,1.0,2.356194490192345,-2.356194490192345,1.8535266577160097,2.104249796076639,0.13526815884567886,1.433187065713401,25.603567299589503
7,weighted,4,2,0,1.0,-2.356194490192345,-0.7853981633974483,3.5622238102196824,3.516541090475032,0.012824213799703133,1.0336102649740204,26.982779827845523
7,weighted,5,3,1,1.0,-0.7853981633974483,-0.7853981633974483,3.9032420187383265,3.409036723316236,0.12661405391967878,1.0106731145338546,29.338317320854724
7,weighted,6,2,0,1.0,0.7853981633974483,-0.7853981633974483,3.562223810219683,4.232639465337612,0.18820144124425028,1.4467719281162699,29.304313634428315
7,weighted,7,3,1,1.0,2.356194490192345,-0.7853981633974483,3.903242018738327,2.9010971387162856,0.25674679541033735,0.7124041951478935,25.754612863973108
7,weighted,8,0,0,1.0,-2.356194490192345,0.7853981633974483,1.4861616682098329,1.840366843138586,0.23833556099950662,1.6669508893264307,25.94323351619304
7,weighted,9,1,0,1.0,-0.7853981633974483,0.7853981633974483,1.853526657716009,1.6256357625658586,0.12294988809654715,1.4011252909563654,21.911591647320552
7,weighted,10,0,0,1.0,0.7853981633974483,0.7853981633974483,1.4861616682098324,1.823797556189691,0.22718651355512393,1.4679537268948015,28.7356526564954
7,weighted,11,1,0,1.0,2.356194490192345,0.7853981633974483,1.853526657716009,1.7731006932270088,0.04339077841378572,1.040588549150587,27.541505452505312
7,weighted,12,2,0,1.0,-2.356194490192345,2.356194490192345,3.562223810219683,3.5880192474426797,0.007241385886252364,1.056959362102287,24.683099186146315
7,weighted,13,3,1,1.0,-0.7853981633974483,2.356194490192345,3.9032420187383354,4.602917903399822,0.17925506061436758,1.1592119520061537,35.10319784304267
7,weighted,14,2,0,1.0,0.7853981633974483,2.356194490192345,3.5622238102196824,3.353676664480052,0.05854408842626014,0.9519880186599997,25.270950748455007
7,weighted,15,3,1,1.0,2.356194490192345,2.356194490192345,3.903242018738335,3.433456729254367,0.12035771474806446,0.7940951082550244,31.98894572735843
7,weighted_ess_resample,0,0,0,1.0,-2.356194490192345,-2.356194490192345,1.4861616682098324,1.5079860533871678,0.014685068013915442,0.33550178802869624,325.9999999999999
7,weighted_ess_resample,1,1,0,1.0,-0.7853981633974483,-2.356194490192345,1.8535266577160097,1.6051262592802091,0.13401501262565574,0.36553212363598847,347.0
7,weighted_ess_resample,2,0,0,1.0,0.7853981633974483,-2.356194490192345,1.4861616682098326,1.609751983370351,0.08316074745043726,0.443637430979717,347.99999999999994
7,weighted_ess_resample,3,1,0,1.0,2.356194490192345,-2.356194490192345,1.8535266577160097,1.5866233629196305,0.14399754850316973,0.3178600862833358,342.99999999999994
7,weighted_ess_resample,4,2,0,1.0,-2.356194490192345,-0.7853981633974483,3.5622238102196824,3.2518879672529963,0.08711856960709823,0.2696008535073397,702.9999999999577
7,weighted_ess_resample,5,3,1,1.0,-0.7853981633974483,-0.7853981633974483,3.9032420187383265,3.1354723454933815,0.19670050423701804,0.45872525285887317,205.42772164556732
7,weighted_ess_resample,6,2,0,1.0,0.7853981633974483,-0.7853981633974483,3.562223810219683,4.75062449763986,0.33361202179682486,0.44799798912968075,1026.9999999999368
7,weighted_ess_resample,7,3,1,1.0,2.356194490192345,-0.7853981633974483,3.903242018738327,3.3423959336534073,0.1436872431666961,0.41225231518058714,228.31073864383902
7,weighted_ess_resample,8,0,0,1.0,-2.356194490192345,0.7853981633974483,1.4861616682098329,1.7809037747057042,0.19832439013913278,0.4187121914500577,384.9999999999998
7,weighted_ess_resample,9,1,0,1.0,-0.7853981633974483,0.7853981633974483,1.853526657716009,1.6883892929028141,0.0890936011768419,0.33884853249061925,365.0000000000001
7,weighted_ess_resample,10,0,0,1.0,0.7853981633974483,0.7853981633974483,1.4861616682098324,1.4987346052068786,0.008460006246959008,0.3455254906710762,323.99999999999994
7,weighted_ess_resample,11,1,0,1.0,2.356194490192345,0.7853981633974483,1.853526657716009,1.5866233629196307,0.14399754850316931,0.3570249403578284,343.0
7,weighted_ess_resample,12,2,0,1.0,-2.356194490192345,2.356194490192345,3.562223810219683,4.542466561507453,0.2751771936607539,0.3808743461496176,981.9999999999441
7,weighted_ess_resample,13,3,1,1.0,-0.7853981633974483,2.356194490192345,3.9032420187383354,5.6152174395406185,0.4386034513318888,0.7095168190820555,363.0561052920822
7,weighted_ess_resample,14,2,0,1.0,0.7853981633974483,2.356194490192345,3.5622238102196824,4.301928616751762,0.20765253559025026,0.33678597439720476,929.9999999999411
7,weighted_ess_resample,15,3,1,1.0,2.356194490192345,2.356194490192345,3.903242018738335,4.135879101752465,0.05960098858777061,0.4476792704230223,260.7068680130782
7,weighted_ess_resample_costmatched,0,0,0,1.0,-2.356194490192345,-2.356194490192345,1.4861616682098324,1.5272933524203645,0.027676453437315153,0.29481217142811195,553.0000000000001
7,weighted_ess_resample_costmatched,1,1,0,1.0,-0.7853981633974483,-2.356194490192345,1.8535266577160097,1.9691865466107066,0.06239990582990465,0.26961776960569556,713.0
7,weighted_ess_resample_costmatched,2,0,0,1.0,0.7853981633974483,-2.356194490192345,1.4861616682098326,1.5162460225656056,0.02024298903632152,0.27433536500796096,548.9999999999999
7,weighted_ess_resample_costmatched,3,1,0,1.0,2.356194490192345,-2.356194490192345,1.8535266577160097,1.7786201066161218,0.040412988282666915,0.24672953267093345,643.9999999999999
7,weighted_ess_resample_costmatched,4,2,0,1.0,-2.356194490192345,-0.7853981633974483,3.5622238102196824,4.609501249552168,0.29399540711842587,0.35961166271648143,1668.9999999999748
7,weighted_ess_resample_costmatched,5,3,1,1.0,-0.7853981633974483,-0.7853981633974483,3.9032420187383265,3.314166479640457,0.15091955258472056,0.42176557333745085,418.80013257855364
7,weighted_ess_resample_costmatched,6,2,0,1.0,0.7853981633974483,-0.7853981633974483,3.562223810219683,4.653690587669156,0.30640039357385646,0.34905670214845713,1684.999999999974
7,weighted_ess_resample_costmatched,7,3,1,1.0,2.356194490192345,-0.7853981633974483,3.903242018738327,3.8113386959514686,0.02354538159449436,0.5381569015656669,464.67422310530685
7,weighted_ess_resample_costmatched,8,0,0,1.0,-2.356194490192345,0.7853981633974483,1.4861616682098329,1.441676546045986,0.029932895670382757,0.26419474690213646,522.0
7,weighted_ess_resample_costmatched,9,1,0,1.0,-0.7853981633974483,0.7853981633974483,1.853526657716009,1.6957651327054328,0.08511424659248028,0.30548218713137254,613.9999999999999
7,weighted_ess_resample_costmatched,10,0,0,1.0,0.7853981633974483,0.7853981633974483,1.4861616682098324,1.5935773315489152,0.07227723984327437,0.29043598262464987,577.0
7,weighted_ess_resample_costmatched,11,1,0,1.0,2.356194490192345,0.7853981633974483,1.853526657716009,1.687479635314364,0.08958437242346164,0.2635773998312563,610.9999999999999
7,weighted_ess_resample_costmatched,12,2,0,1.0,-2.356194490192345,2.356194490192345,3.562223810219683,3.479911028654552,0.023107133619449514,0.19396249576533725,1259.999999999979
7,weighted_ess_resample_costmatched,13,3,1,1.0,-0.7853981633974483,2.356194490192345,3.9032420187383354,4.406518924454682,0.12893817582928746,0.4571118914943687,522.4466115896773
7,weighted_ess_resample_costmatched,14,2,0,1.0,0.7853981633974483,2.356194490192345,3.5622238102196824,2.482888868821423,0.302994701877448,0.3688469085465232,898.9999999999841
7,weighted_ess_resample_costmatched,15,3,1,1.0,2.356194490192345,2.356194490192345,3.903242018738335,2.9684911012525883,0.2394806453195262,0.4126120787066844,370.80194606346726
