N,t,S_L2,peak,umin,mass_u,mass_v
320,0.0,114.86813748577772,840.2294489451789,4.662094662272683e-16,31.415926530163063,31.41563796030767
320,6.688963210702341e-07,127.29595054264769,1792.809705334117,-2.842170943040401e-14,31.415926530163052,31.415637960500685
320,1.3377926421404683e-06,131.51167652797642,2033.5084630243407,-5.684341886080802e-14,31.41592653016305,31.4156379606937
320,2.0066889632107025e-06,135.90652471867438,2241.7322961531772,-1.1368683772161603e-13,31.415926530163038,31.415637960886723
320,2.6755852842809365e-06,140.74351141406152,2459.676220663907,-2.2737367544323206e-13,31.415926530163038,31.41563796107974
320,3.3444816053511705e-06,146.07453279645193,2733.794433277479,-2.2737367544323206e-13,31.41592653016303,31.41563796127275
320,4.013377926421405e-06,151.94047887824888,3032.6982889212954,-2.2737367544323206e-13,31.415926530163027,31.41563796146577
320,4.682274247491639e-06,158.38457259856125,3349.2590316222527,-2.2737367544323206e-13,31.41592653016302,31.41563796165879
320,5.351170568561873e-06,165.44711017756333,3748.2793582781624,-2.2737367544323206e-13,31.415926530163013,31.415637961851804
320,6.0200668896321075e-06,173.1702716288133,4172.811030650552,-2.2737367544323206e-13,31.415926530163013,31.415637962044823
320,6.688963210702341e-06,181.59440509496844,4645.5772992701895,-2.2737367544323206e-13,31.415926530163006,31.415637962237838
320,7.3578595317725755e-06,190.75741988521278,5160.066867955519,-2.2737367544323206e-13,31.415926530163,31.415637962430853
320,8.02675585284281e-06,200.69631279687655,5780.140203532847,-2.2737367544323206e-13,31.415926530162995,31.41563796262387
320,8.695652173913044e-06,211.4445402553322,6468.963843821261,-2.2737367544323206e-13,31.415926530162984,31.415637962816888
320,9.364548494983277e-06,223.02948249213313,7201.549636870202,-2.2737367544323206e-13,31.41592653016298,31.415637963009907
320,1.0033444816053512e-05,235.47917625499403,8011.45792564236,-2.2737367544323206e-13,31.415926530162974,31.415637963202922
320,1.0702341137123746e-05,248.81057818888095,8900.330646472325,-3.410605131648481e-13,31.415926530162974,31.415637963395934
320,1.137123745819398e-05,263.03799202801656,9924.661310887732,-3.410605131648481e-13,31.415926530162967,31.41563796358895
320,1.2040133779264215e-05,278.17377305314693,11073.732606156096,-2.2737367544323206e-13,31.415926530162956,31.41563796378196
320,1.2709030100334448e-05,294.20324351845227,12312.27777766996,-2.2737367544323206e-13,31.415926530162956,31.41563796397498
320,1.3377926421404682e-05,311.1346970660992,13643.749811068295,-2.8421709430404007e-13,31.41592653016295,31.415637964167995
320,1.4046822742474917e-05,328.93504291379134,15087.07996253315,-2.2737367544323206e-13,31.41592653016294,31.415637964361014
320,1.4715719063545151e-05,347.56985942070867,16689.921495397593,-4.547473508864641e-13,31.41592653016294,31.415637964554033
320,1.5384615384615384e-05,367.0244278646465,18406.95639355527,-4.547473508864641e-13,31.41592653016293,31.415637964747045
320,1.605351170568562e-05,387.2338690549971,20241.336978252646,-4.547473508864641e-13,31.41592653016293,31.415637964940057
320,1.6722408026755853e-05,408.157798867994,22195.987665660396,-4.547473508864641e-13,31.41592653016292,31.41563796513307
320,1.739130434782609e-05,429.7738979312193,24272.844003392616,-9.094947017729282e-13,31.415926530162913,31.415637965326084
320,1.806020066889632e-05,452.0053853532824,26473.88339375594,-9.094947017729282e-13,31.415926530162913,31.415637965519096
320,1.8729096989966554e-05,474.8085821609788,28801.55031731195,-9.094947017729282e-13,31.415926530162903,31.415637965712115
320,1.939799331103679e-05,498.17085450531533,31256.7746632907,-9.094947017729282e-13,31.415926530162892,31.41563796590513
320,2.0066889632107023e-05,522.0630493995549,33841.29585997697,-9.094947017729282e-13,31.415926530162892,31.415637966098135
320,2.073578595317726e-05,546.4261826364831,36557.61789582989,-1.8189894035458565e-12,31.415926530162885,31.415637966291158
320,2.1404682274247492e-05,571.2029840068836,39408.61895268126,-9.094947017729282e-13,31.415926530162885,31.41563796648417
320,2.2073578595317725e-05,596.3883038440562,42395.82895382828,-9.094947017729282e-13,31.415926530162874,31.415637966677185
320,2.274247491638796e-05,621.957465442806,45522.12668921886,-9.094947017729282e-13,31.415926530162867,31.415637966870197
320,2.3411371237458194e-05,647.9047411539037,48791.224507701256,-1.8189894035458565e-12,31.415926530162867,31.41563796706321
320,2.408026755852843e-05,674.2266856097241,52207.34913399686,-1.8189894035458565e-12,31.415926530162853,31.415637967256224
320,2.4749163879598663e-05,700.9224149032431,55775.74060579238,-9.094947017729282e-13,31.415926530162853,31.415637967449236
320,2.5418060200668895e-05,727.9818980688273,59502.36828211331,-1.8189894035458565e-12,31.41592653016285,31.415637967642247
320,2.608695652173913e-05,755.4026894884207,63393.37779336426,-9.094947017729282e-13,31.41592653016284,31.415637967835263
320,2.6755852842809364e-05,783.1009970335086,67454.31047864865,-1.8189894035458565e-12,31.415926530162835,31.415637968028275
320,2.74247491638796e-05,811.0359099023933,71688.0557965725,-3.637978807091713e-12,31.41592653016283,31.415637968221287
320,2.8093645484949833e-05,839.2630107185983,76101.26391812984,-1.8189894035458565e-12,31.41592653016282,31.4156379684143
320,2.8762541806020066e-05,867.8054310853757,80700.01671824127,-1.8189894035458565e-12,31.41592653016281,31.415637968607314
320,2.9431438127090302e-05,896.6676829956939,85489.98749858342,-3.637978807091713e-12,31.41592653016281,31.415637968800326
320,3.0100334448160535e-05,925.8499192020204,90478.91560021027,-3.637978807091713e-12,31.415926530162807,31.415637968993334
320,3.076923076923077e-05,955.374291709742,95677.29131919371,-3.637978807091713e-12,31.4159265301628,31.415637969186353
320,3.1438127090301004e-05,985.2514868277162,101091.32481518868,-3.637978807091713e-12,31.415926530162793,31.415637969379357
320,3.210702341137124e-05,1015.4504196670157,106726.54777330952,-1.8189894035458565e-12,31.415926530162793,31.41563796957237
320,3.277591973244147e-05,1046.0025767570623,112587.05581052502,-3.637978807091713e-12,31.415926530162785,31.41563796976538
320,3.3444816053511705e-05,1076.9417512507794,118679.48250341983,-3.637978807091713e-12,31.415926530162775,31.415637969958393
320,3.411371237458194e-05,1108.2974977893903,125014.3646781191,-3.637978807091713e-12,31.41592653016277,31.41563797015141
320,3.478260869565218e-05,1140.0538894675233,131607.64869293003,-3.637978807091713e-12,31.415926530162768,31.415637970344417
320,3.545150501672241e-05,1172.2175850934627,138445.24986163058,-3.637978807091713e-12,31.415926530162757,31.415637970537425
320,3.612040133779264e-05,1204.504615210386,145490.58913790027,-9.094947017729282e-13,31.415926530162753,31.415637970730437
320,3.678929765886288e-05,1236.8665044225681,152757.09916635806,-1.8189894035458565e-12,31.415926530162753,31.415637970923452
320,3.745819397993311e-05,1269.426542084599,160264.68843935552,-1.8189894035458565e-12,31.415926530162746,31.415637971116464
320,3.8127090301003345e-05,1302.2620627342958,168011.25393907903,-3.637978807091713e-12,31.41592653016274,31.415637971309472
320,3.879598662207358e-05,1335.3983505813662,176001.68523865892,-7.275957614183426e-12,31.41592653016273,31.41563797150248
320,3.946488294314381e-05,1368.8878706270061,184247.15484702142,-3.637978807091713e-12,31.415926530162725,31.415637971695492
320,4.0133779264214046e-05,1402.65920134411,192691.13430457909,-7.275957614183426e-12,31.41592653016273,31.415637971888497
320,4.080267558528428e-05,1436.5648090192035,201258.0387829264,-3.637978807091713e-12,31.41592653016272,31.41563797208151
320,4.147157190635452e-05,1470.7331709908153,210047.83528627106,-3.637978807091713e-12,31.415926530162718,31.415637972274517
320,4.214046822742475e-05,1504.8254410004383,219137.57283524907,-7.275957614183426e-12,31.41592653016271,31.415637972467525
320,4.2809364548494984e-05,1538.7369745308424,228368.91902766144,-7.275957614183426e-12,31.41592653016271,31.41563797266054
320,4.347826086956522e-05,1572.6829597660405,237642.39060291654,-7.275957614183426e-12,31.415926530162693,31.41563797285355
320,4.414715719063545e-05,1606.750547860678,247030.81893131149,-7.275957614183426e-12,31.415926530162686,31.415637973046557
320,4.4816053511705686e-05,1640.996893202578,256587.2122527196,-7.275957614183426e-12,31.415926530162686,31.41563797323957
320,4.548494983277592e-05,1675.4654692124468,266344.96759980905,-3.637978807091713e-12,31.415926530162686,31.415637973432574
320,4.615384615384616e-05,1710.1898746573206,276326.33487951267,-7.275957614183426e-12,31.415926530162675,31.415637973625586
320,4.682274247491639e-05,1745.0742092435105,286553.64761252527,-3.637978807091713e-12,31.415926530162665,31.41563797381859
320,4.7491638795986624e-05,1780.06855618547,297058.1797055809,-7.275957614183426e-12,31.415926530162665,31.415637974011602
320,4.816053511705686e-05,1814.5371012797718,307860.81925942254,-7.275957614183426e-12,31.415926530162658,31.41563797420461
320,4.882943143812709e-05,1848.8429157786588,318997.39383426134,-3.637978807091713e-12,31.415926530162654,31.41563797439762
320,4.9498327759197325e-05,1883.1554874444832,330445.47345078236,-3.637978807091713e-12,31.415926530162658,31.415637974590624
320,5.016722408026756e-05,1917.5325051295797,342171.04971438914,-1.8189894035458565e-12,31.41592653016263,31.415637974783635
320,5.083612040133779e-05,1951.9486550649658,354163.77798159595,-3.637978807091713e-12,31.41592653016263,31.41563797497664
320,5.150501672240803e-05,1986.451138604828,366432.123592466,-3.637978807091713e-12,31.41592653016263,31.415637975169656
320,5.217391304347826e-05,2021.109139337018,378969.9083116949,-7.275957614183426e-12,31.41592653016263,31.415637975362664
320,5.28428093645485e-05,2055.9871544465245,391769.3616837044,-1.4551915228366852e-11,31.415926530162615,31.415637975555672
320,5.351170568561873e-05,2091.1236238518295,405399.2788394897,-7.275957614183426e-12,31.415926530162608,31.415637975748673
320,5.4180602006688965e-05,2126.5476956696393,419367.8637606902,-7.275957614183426e-12,31.415926530162604,31.41563797594168
320,5.48494983277592e-05,2162.2821756225485,433563.8205143645,-3.637978807091713e-12,31.415926530162597,31.41563797613469
320,5.551839464882943e-05,2197.921672491175,447816.4614014866,-7.275957614183426e-12,31.41592653016259,31.415637976327695
320,5.6187290969899666e-05,2232.4629295780956,460815.11964830186,-1.4551915228366852e-11,31.41592653016259,31.415637976520703
320,5.68561872909699e-05,2266.614101773539,473181.3455114707,-7.275957614183426e-12,31.415926530162583,31.41563797671371
320,5.752508361204013e-05,2300.607455224018,485278.7563498622,-5.820766091346741e-11,31.415926530162583,31.41563797690672
320,5.819397993311037e-05,2334.560783964577,497206.61333826697,-2.9103830456733704e-11,31.415926530162576,31.41563797709972
320,5.8862876254180604e-05,2368.0793074446433,508730.6734375525,-1.4551915228366852e-11,31.415926530162572,31.415637977292732
320,5.953177257525084e-05,2401.204998649048,519754.0281479157,-5.4569682106375694e-12,31.415926530162565,31.415637977485737
320,6e-05,2424.343073347711,527309.027058189,-1.4551915228366852e-11,31.415926530162558,31.415637977620843
320,6.020066889632107e-05,2434.237010263231,530507.8992095449,-5.4569682106375694e-12,31.415926530162558,31.415637977678742
320,6.0869565217391306e-05,2466.9069057898496,540923.8718324273,-1.4551915228366852e-11,31.415926530162547,31.415637977871743
320,6.153846153846154e-05,2498.483156499456,548531.3117772604,-2.9103830456733704e-11,31.415926530162547,31.41563797806475
320,6.220735785953177e-05,2528.8104440616708,554149.2253456106,-5.820766091346741e-11,31.41592653016254,31.41563797825776
320,6.287625418060201e-05,2558.737634576784,559650.1929405918,-2.9103830456733704e-11,31.415926530162533,31.415637978450764
320,6.354515050167224e-05,2588.419329484647,570166.2555081843,-1.4551915228366852e-11,31.41592653016253,31.415637978643772
320,6.421404682274248e-05,2617.9299770834373,580587.3905855047,-1.4551915228366852e-11,31.41592653016253,31.41563797883678
320,6.488294314381272e-05,2643.778726664835,590622.4103325863,-2.9103830456733704e-11,31.415926530162512,31.41563797902978
320,6.555183946488294e-05,2666.784033656559,599781.3195688012,-2.9103830456733704e-11,31.415926530162512,31.41563797922279
320,6.622073578595317e-05,2688.2344463771396,608341.8858658918,-2.9103830456733704e-11,31.4159265301625,31.415637979415795
320,6.688963210702341e-05,2708.486620661402,616492.8145629615,-1.4551915228366852e-11,31.415926530162498,31.415637979608796
320,6.755852842809365e-05,2727.743646614528,624335.3514418816,-2.9103830456733704e-11,31.415926530162494,31.4156379798018
320,6.822742474916388e-05,2745.525604742732,631890.1490907574,-5.820766091346741e-11,31.415926530162494,31.415637979994806
320,6.889632107023412e-05,2761.871322247597,639064.1828089807,-2.9103830456733704e-11,31.415926530162483,31.41563798018781
320,6.956521739130436e-05,2776.9868361603985,645951.7405306182,-3.228706191293895e-11,31.41592653016248,31.41563798038082
320,7.023411371237458e-05,2790.773274150636,652556.2764177043,-2.9103830456733704e-11,31.415926530162476,31.415637980573816
320,7.090301003344481e-05,2803.680149855098,658887.9152649867,-5.820766091346741e-11,31.415926530162466,31.415637980766824
320,7.157190635451505e-05,2815.923759021208,664999.720762384,-1.0913936421275139e-11,31.415926530162462,31.41563798095983
320,7.224080267558529e-05,2827.602739084491,670934.2285130429,-2.9103830456733704e-11,31.415926530162448,31.415637981152834
320,7.290969899665552e-05,2838.777164842254,676719.3524831855,-1.4551915228366852e-11,31.415926530162448,31.415637981345835
320,7.357859531772576e-05,2849.4962395844955,682374.5393443599,-2.9103830456733704e-11,31.415926530162444,31.415637981538836
320,7.4247491638796e-05,2859.7723552055504,687913.5770722751,-7.275957614183426e-12,31.41592653016243,31.41563798173184
320,7.491638795986622e-05,2868.6634353740715,693209.7192610719,-2.9103830456733704e-11,31.41592653016243,31.415637981924842
320,7.558528428093645e-05,2876.6626016873342,698092.3092850551,-7.275957614183426e-12,31.415926530162427,31.415637982117847
320,7.625418060200669e-05,2884.168270496408,702682.2095710954,-1.4551915228366852e-11,31.41592653016242,31.41563798231085
320,7.692307692307693e-05,2891.3052247683067,707053.0661376873,-2.9103830456733704e-11,31.415926530162412,31.415637982503856
320,7.759197324414716e-05,2898.1345018310894,711243.798240497,-2.9103830456733704e-11,31.415926530162405,31.41563798269686
320,7.82608695652174e-05,2904.6907319363477,715277.7975366466,-5.820766091346741e-11,31.4159265301624,31.415637982889862
320,7.892976588628762e-05,2910.9991753244317,719171.8747409171,-2.9103830456733704e-11,31.415926530162398,31.415637983082867
320,7.959866220735786e-05,2917.081563199684,722939.637666387,-7.275957614183426e-12,31.415926530162395,31.415637983275868
320,8.026755852842809e-05,2922.9544440982986,726591.2693361286,-5.820766091346741e-11,31.415926530162384,31.415637983468866
320,8.093645484949833e-05,2928.629807019196,730134.6817876867,-5.820766091346741e-11,31.415926530162384,31.41563798366187
320,8.160535117056857e-05,2934.113476724406,733576.1245189814,-2.9103830456733704e-11,31.415926530162377,31.415637983854875
320,8.22742474916388e-05,2939.4083740688043,736920.0339730107,-5.820766091346741e-11,31.415926530162366,31.415637984047873
320,8.294314381270904e-05,2944.5188761925056,740170.0041187527,-2.000888343900442e-11,31.415926530162366,31.41563798424088
320,8.361204013377926e-05,2949.450691112369,743329.5292964487,-5.820766091346741e-11,31.415926530162356,31.415637984433882
320,8.42809364548495e-05,2954.210886070821,746402.210346061,-2.9103830456733704e-11,31.415926530162356,31.41563798462688
320,8.494983277591973e-05,2958.8077033236077,749391.814856245,-1.4551915228366852e-11,31.415926530162352,31.415637984819885
320,8.561872909698997e-05,2963.2502351559774,752302.2493856698,-5.820766091346741e-11,31.415926530162345,31.41563798501288
320,8.62876254180602e-05,2967.5480457038343,755137.4913314115,-2.9103830456733704e-11,31.415926530162338,31.415637985205887
320,8.695652173913044e-05,2971.7107443523428,757901.495253587,-2.9103830456733704e-11,31.41592653016233,31.415637985398885
320,8.762541806020068e-05,2975.7474422214855,760598.1004684793,-2.9103830456733704e-11,31.41592653016232,31.41563798559189
320,8.82943143812709e-05,2979.6664780051633,763230.9271218043,-5.820766091346741e-11,31.41592653016232,31.415637985784883
320,8.896321070234114e-05,2983.474578751014,765803.3232625515,-1.4551915228366852e-11,31.415926530162317,31.415637985977888
320,8.963210702341137e-05,2987.1691373159306,768318.0773823673,-2.9103830456733704e-11,31.415926530162306,31.415637986170893
320,9.030100334448161e-05,2990.7475017665042,770776.0186361726,-2.9103830456733704e-11,31.415926530162302,31.415637986363887
320,9.096989966555184e-05,2994.2189772215834,773177.8822625587,-1.4551915228366852e-11,31.41592653016229,31.41563798655689
320,9.163879598662208e-05,2997.597666600921,775526.1991650709,-2.9103830456733704e-11,31.415926530162288,31.415637986749886
320,9.230769230769232e-05,3000.8965918485997,777824.5203532523,-2.9103830456733704e-11,31.415926530162288,31.41563798694289
320,9.297658862876254e-05,3004.1259718555134,780076.4860970983,-5.820766091346741e-11,31.415926530162274,31.415637987135888
320,9.364548494983278e-05,3007.292697125898,782911.1022617022,-7.275957614183426e-12,31.415926530162267,31.41563798732889
320,9.431438127090301e-05,3010.400417905093,785726.1390878283,-5.820766091346741e-11,31.415926530162267,31.415637987521887
320,9.498327759197325e-05,3013.4499657932497,788510.9586002526,-1.8189894035458565e-11,31.415926530162267,31.415637987714888
320,9.565217391304348e-05,3016.439870923107,791264.2049784973,-2.9103830456733704e-11,31.41592653016225,31.415637987907886
320,9.632107023411372e-05,3019.366927759575,793983.7350595575,-1.4551915228366852e-11,31.41592653016225,31.415637988100887
320,9.698996655518394e-05,3022.2273122572183,796666.9835637475,-2.1827872842550278e-11,31.41592653016224,31.41563798829389
320,9.765886287625418e-05,3025.018820873817,799312.0468832557,-2.9103830456733704e-11,31.41592653016224,31.415637988486885
320,9.832775919732441e-05,3027.7427480426945,801918.9578463616,-2.9103830456733704e-11,31.415926530162235,31.415637988679883
320,9.899665551839465e-05,3030.4037022887583,804489.8055091739,-1.4551915228366852e-11,31.41592653016222,31.415637988872884
320,9.966555183946489e-05,3033.007906344072,807027.768745515,-7.275957614183426e-12,31.41592653016222,31.415637989065882
320,0.00010033444816053512,3035.5611417749024,809535.8749460198,-5.820766091346741e-11,31.41592653016221,31.415637989258883
320,0.00010100334448160536,3038.067882666042,812016.1469817236,-2.9103830456733704e-11,31.41592653016221,31.41563798945188
320,0.00010167224080267558,3040.531699012477,814470.076252599,-7.275957614183426e-12,31.415926530162203,31.415637989644875
320,0.00010234113712374582,3042.9550607352376,816898.8118705874,-5.820766091346741e-11,31.415926530162192,31.415637989837876
320,0.00010301003344481605,3045.3389394927526,819302.7565584865,-1.4551915228366852e-11,31.41592653016219,31.41563799003087
320,0.00010367892976588629,3047.6832870339945,821681.645190306,-7.275957614183426e-12,31.415926530162185,31.415637990223875
320,0.00010434782608695653,3049.988014714399,824035.0624964049,-7.275957614183426e-12,31.415926530162185,31.41563799041687
320,0.00010501672240802676,3052.254236063714,826363.0782931559,-2.1827872842550278e-11,31.41592653016217,31.415637990609866
320,0.000105685618729097,3054.485285513084,828666.8556413113,-2.9103830456733704e-11,31.415926530162174,31.415637990802864
320,0.00010635451505016722,3056.686626917107,830948.7785758907,-3.2741809263825417e-11,31.415926530162167,31.41563799099586
320,0.00010702341137123746,3058.864619902217,833211.9145323632,-2.9103830456733704e-11,31.415926530162167,31.415637991188856
320,0.0001076923076923077,3061.0252271793875,835459.2822652557,-2.9103830456733704e-11,31.415926530162157,31.415637991381857
320,0.00010836120401337793,3063.1731832569467,837693.3775420658,-1.4551915228366852e-11,31.41592653016215,31.41563799157485
320,0.00010903010033444817,3065.3114708793432,839915.9060144116,-7.275957614183426e-12,31.415926530162157,31.415637991767845
320,0.0001096989966555184,3067.44075240655,842127.5203833207,-2.9103830456733704e-11,31.415926530162142,31.41563799196084
320,0.00011036789297658864,3069.558768917406,844327.450001997,-2.9103830456733704e-11,31.415926530162135,31.415637992153847
320,0.00011103678929765886,3071.6606279848493,846513.4743863854,-1.4551915228366852e-11,31.415926530162128,31.415637992346834
320,0.0001117056856187291,3073.7402717583295,848682.5326726183,-1.4551915228366852e-11,31.415926530162128,31.415637992539835
320,0.00011237458193979933,3075.792327815746,850831.8056378621,-1.4551915228366852e-11,31.41592653016212,31.415637992732833
320,0.00011304347826086957,3077.8132509724364,852959.4258606045,-2.9103830456733704e-11,31.41592653016212,31.415637992925827
320,0.0001137123745819398,3079.801773786787,855064.7246838206,-2.9103830456733704e-11,31.41592653016211,31.41563799311882
320,0.00011438127090301004,3081.7588531513684,857148.1930667687,-2.9103830456733704e-11,31.415926530162103,31.41563799331182
320,0.00011505016722408026,3083.6872251009913,859211.2466396207,-7.275957614183426e-12,31.415926530162103,31.415637993504813
320,0.0001157190635451505,3085.5906626487968,861255.8606542273,-1.4551915228366852e-11,31.415926530162103,31.415637993697807
320,0.00011638795986622074,3087.473051051045,863284.1015247564,-2.9103830456733704e-11,31.415926530162093,31.4156379938908
320,0.00011705685618729097,3089.3375151843607,865297.6632046638,-1.4551915228366852e-11,31.415926530162086,31.415637994083802
320,0.00011772575250836121,3091.1858680075675,867297.5558568458,-2.9103830456733704e-11,31.415926530162086,31.415637994276796
320,0.00011839464882943144,3093.018487768709,869284.0334307867,-2.1827872842550278e-11,31.415926530162075,31.41563799446979
320,0.00011906354515050168,3094.8345735445437,871256.695305584,-1.4551915228366852e-11,31.415926530162064,31.41563799466278
320,0.0001197324414715719,3096.632801644455,873214.7942145424,-2.9103830456733704e-11,31.415926530162057,31.415637994855786
320,0.00012,3097.3463366396886,873992.362508279,-2.9103830456733704e-11,31.415926530162057,31.415637994932975
320,0.00012040133779264214,3098.412160671656,875157.7129229215,-5.820766091346741e-11,31.415926530162054,31.415637995048776
320,0.00012107023411371238,3100.17232225197,877085.198221759,-4.547473508864641e-12,31.415926530162047,31.415637995241767
320,0.00012173913043478261,3101.914113873355,878997.5885575984,-2.9103830456733704e-11,31.41592653016204,31.415637995434764
320,0.00012240802675585283,3103.639220997527,880895.6870618977,-1.4551915228366852e-11,31.415926530162036,31.41563799562776
320,0.00012307692307692307,3105.3500502128913,882780.6581340567,-1.4551915228366852e-11,31.41592653016204,31.41563799582075
320,0.0001237458193979933,3107.049551974867,884653.9246323486,-2.9103830456733704e-11,31.41592653016203,31.415637996013743
320,0.00012441471571906354,3108.740958359417,886517.0636012836,-2.9103830456733704e-11,31.415926530162025,31.41563799620674
320,0.00012508361204013378,3110.4273495177417,888371.6322981052,-2.9103830456733704e-11,31.41592653016201,31.415637996399735
320,0.00012575250836120401,3112.111080266318,890218.9136037244,-3.637978807091713e-11,31.415926530162007,31.41563799659273
320,0.00012642140468227425,3113.793285159624,892059.6481793415,-1.4551915228366852e-11,31.415926530162004,31.41563799678572
320,0.0001270903010033445,3115.4737075459157,893893.8854014671,-7.275957614183426e-12,31.415926530161993,31.41563799697871
320,0.00012775919732441472,3117.1508870190323,895721.0499562006,-2.9103830456733704e-11,31.415926530161983,31.415637997171704
320,0.00012842809364548496,3118.82261590729,897540.1817540587,-3.637978807091713e-11,31.41592653016198,31.415637997364698
320,0.0001290969899665552,3120.4864705628715,899350.1320987216,-4.001776687800884e-11,31.415926530161975,31.415637997557692
320,0.00012976588628762543,3122.1404658620268,901149.9212493085,-3.637978807091713e-12,31.415926530161975,31.41563799775069
320,0.00013043478260869567,3123.783558661602,902939.0290391932,-3.637978807091713e-11,31.415926530161965,31.415637997943673
320,0.00013110367892976588,3125.415819004798,904717.5188488532,-5.820766091346741e-11,31.415926530161958,31.41563799813667
320,0.0001317725752508361,3127.038235945459,906485.9536752352,-2.9103830456733704e-11,31.415926530161947,31.415637998329665
320,0.00013244147157190635,3128.6522849361368,908245.1766237668,-1.8189894035458565e-11,31.41592653016195,31.41563799852266
320,0.00013311036789297659,3130.259408196655,909996.044782893,-2.546585164964199e-11,31.41592653016194,31.415637998715653
320,0.00013377926421404682,3131.8605226609184,911739.1751261633,-5.820766091346741e-11,31.415926530161933,31.41563799890864
320,0.00013444816053511706,3133.455670130373,913474.7530848535,-4.001776687800884e-11,31.41592653016193,31.41563799910163
320,0.0001351170568561873,3135.0439470697456,915202.4488178081,-3.2741809263825417e-11,31.415926530161926,31.415637999294624
320,0.00013578595317725753,3136.623892366902,916921.5601279975,-2.9103830456733704e-11,31.415926530161915,31.415637999487615
320,0.00013645484949832777,3138.1941436791503,918631.3677155481,-1.4551915228366852e-11,31.41592653016191,31.41563799968061
320,0.000137123745819398,3139.7539739992962,920331.4507770939,-5.820766091346741e-11,31.41592653016191,31.4156379998736
320,0.00013779264214046824,3141.303544896825,922021.8419023284,-5.820766091346741e-11,31.4159265301619,31.41563800006659
320,0.00013846153846153847,3142.8438412121,923703.0086458945,-5.820766091346741e-11,31.415926530161894,31.415638000259584
320,0.0001391304347826087,3144.3764413278973,925375.732447821,-1.4551915228366852e-11,31.415926530161894,31.41563800045257
320,0.00013979933110367892,3145.9032326603588,927040.9714538908,-2.1827872842550278e-11,31.415926530161883,31.415638000645565
320,0.00014046822742474916,3147.426071267797,928699.7021459641,-4.547473508864641e-12,31.415926530161876,31.415638000838555
320,0.0001411371237458194,3148.9464111831358,930352.7453474414,-1.4551915228366852e-11,31.415926530161876,31.415638001031546
320,0.00014180602006688963,3150.46492124804,932000.584615679,-2.9103830456733704e-11,31.415926530161865,31.415638001224536
320,0.00014247491638795986,3151.9812105082783,933643.199516491,-2.9103830456733704e-11,31.41592653016186,31.415638001417527
320,0.0001431438127090301,3153.4938850000913,935279.9870762806,-7.275957614183426e-12,31.415926530161858,31.415638001610514
320,0.00014381270903010034,3155.0012009724355,936910.1371052219,-3.637978807091713e-11,31.415926530161848,31.415638001803504
320,0.00014448160535117057,3156.501646857477,938532.8901009016,-1.4551915228366852e-11,31.415926530161848,31.41563800199649
320,0.0001451505016722408,3157.9943072123233,940147.7798237633,-5.820766091346741e-11,31.415926530161833,31.415638002189485
320,0.00014581939799331104,3159.4789523448076,941754.6884054546,-1.4551915228366852e-11,31.415926530161837,31.415638002382472
320,0.00014648829431438128,3160.956021591633,943353.8226820801,-1.4551915228366852e-11,31.41592653016183,31.41563800257546
320,0.00014715719063545152,3162.426564979415,944945.6718096489,-1.4551915228366852e-11,31.41592653016182,31.415638002768453
320,0.00014782608695652175,3163.8920763422666,946530.9400254434,-2.9103830456733704e-11,31.41592653016182,31.415638002961437
320,0.000148494983277592,3165.354260288811,948110.4616767971,-4.3655745685100555e-11,31.415926530161812,31.415638003154434
320,0.0001491638795986622,3166.814790345138,949685.0960822266,-5.820766091346741e-11,31.41592653016181,31.415638003347418
320,0.00014983277591973243,3168.2750577962465,951255.6012475276,-2.9103830456733704e-11,31.4159265301618,31.415638003540405
320,0.00015050167224080267,3169.735909151915,952822.5100972585,-3.637978807091713e-11,31.415926530161794,31.4156380037334
320,0.0001511705685618729,3171.197390235834,954386.0062810134,-1.4551915228366852e-11,31.415926530161784,31.415638003926386
320,0.00015183946488294314,3172.6586354569163,955945.8319325652,-7.275957614183426e-12,31.415926530161784,31.41563800411937
320,0.00015250836120401338,3174.118088581416,957501.3245361084,-4.3655745685100555e-11,31.415926530161776,31.41563800431236
320,0.00015317725752508362,3175.5740227782335,959051.662704885,-1.4551915228366852e-11,31.415926530161776,31.41563800450535
320,0.00015384615384615385,3177.025017887469,960596.146372373,-1.4551915228366852e-11,31.415926530161776,31.41563800469834
320,0.0001545150501672241,3178.4701867880894,962134.3379711115,-5.820766091346741e-11,31.415926530161766,31.415638004891328
320,0.00015518394648829432,3179.9091818020934,963666.0722233418,-2.9103830456733704e-11,31.415926530161755,31.41563800508432
320,0.00015585284280936456,3181.3421015857593,965191.4126639732,-4.3655745685100555e-11,31.41592653016175,31.4156380052773
320,0.0001565217391304348,3182.769382337121,966710.592112944,-5.820766091346741e-11,31.415926530161745,31.41563800547029
320,0.00015719063545150503,3184.191696030308,968223.9519146866,-1.4551915228366852e-11,31.415926530161737,31.41563800566328
320,0.00015785953177257524,3185.6098955312787,969731.8990108524,-4.3655745685100555e-11,31.415926530161737,31.41563800585627
320,0.00015852842809364548,3187.0250504035566,971234.9137613875,-1.4551915228366852e-11,31.41592653016173,31.41563800604925
320,0.0001591973244147157,3188.4384693857673,972733.580588144,-2.9103830456733704e-11,31.41592653016173,31.41563800624224
320,0.00015986622073578595,3189.8515915325274,974228.5730233614,-7.275957614183426e-12,31.41592653016172,31.415638006435227
320,0.00016053511705685619,3191.2657757107595,975720.5725811196,-2.9103830456733704e-11,31.415926530161723,31.41563800662821
320,0.00016120401337792642,3192.682092360471,977210.1678941549,-1.4551915228366852e-11,31.41592653016172,31.415638006821197
320,0.00016187290969899666,3194.101143509365,978697.7655622079,-1.4551915228366852e-11,31.415926530161713,31.415638007014188
320,0.0001625418060200669,3195.5228625722316,980183.4958385841,-1.4551915228366852e-11,31.415926530161702,31.41563800720718
320,0.00016321070234113713,3196.9463944341833,981667.1155768097,-1.4551915228366852e-11,31.415926530161695,31.41563800740016
320,0.00016387959866220737,3198.370262809825,983148.0162804743,-1.4551915228366852e-11,31.415926530161695,31.41563800759315
320,0.0001645484949832776,3199.7928201628715,984625.4289748245,-2.9103830456733704e-11,31.415926530161688,31.415638007786136
320,0.00016521739130434784,3201.212685119029,986098.6786817292,-1.4551915228366852e-11,31.415926530161684,31.41563800797912
320,0.00016588628762541807,3202.6289632510934,987567.3220021324,-1.4551915228366852e-11,31.415926530161684,31.415638008172106
320,0.0001665551839464883,3204.041271329595,989031.1682245194,-2.9103830456733704e-11,31.41592653016168,31.415638008365093
320,0.00016722408026755852,3205.44966179143,990490.2434758694,-2.9103830456733704e-11,31.415926530161673,31.415638008558076
320,0.00016789297658862876,3206.854513764426,991944.7357146931,-1.4551915228366852e-11,31.415926530161666,31.41563800875106
320,0.000168561872909699,3208.2564365528747,993394.9420754064,-1.4551915228366852e-11,31.41592653016165,31.41563800894405
320,0.00016923076923076923,3209.6562018302266,994841.2316320495,-1.4551915228366852e-11,31.41592653016165,31.415638009137034
320,0.00016989966555183946,3211.054677705857,996284.0204003203,-1.4551915228366852e-11,31.41592653016165,31.41563800933002
320,0.0001705685618729097,3212.4527224083504,997723.7378868654,-1.4551915228366852e-11,31.41592653016165,31.415638009523004
320,0.00017123745819397994,3213.851030033306,999160.7612210708,-7.275957614183426e-12,31.41592653016165,31.415638009715988
320,0.00017190635451505017,3215.2499919756838,1000595.3378586906,-4.3655745685100555e-11,31.415926530161638,31.415638009908967
320,0.0001725752508361204,3216.6496477199103,1002027.5474045717,-2.9103830456733704e-11,31.415926530161624,31.415638010101954
320,0.00017324414715719065,3218.04974193358,1003457.3170054422,-5.820766091346741e-11,31.415926530161617,31.415638010294938
320,0.00017391304347826088,3219.4498071291687,1004884.4816046045,-2.9103830456733704e-11,31.41592653016161,31.415638010487925
320,0.00017458193979933112,3220.8492704967125,1006308.8608992238,-2.9103830456733704e-11,31.41592653016161,31.41563801068091
320,0.00017525083612040135,3222.247840302644,1007730.3253562598,-5.820766091346741e-11,31.415926530161602,31.41563801087389
320,0.00017591973244147156,3223.645504770143,1009148.8501653882,-5.820766091346741e-11,31.4159265301616,31.415638011066882
320,0.0001765886287625418,3225.042507828261,1010564.5300160089,-5.820766091346741e-11,31.41592653016159,31.41563801125986
320,0.00017725752508361204,3226.439266300889,1011977.5590875125,-5.820766091346741e-11,31.41592653016159,31.415638011452845
320,0.00017792642140468227,3227.8362289839306,1013388.172861634,-2.9103830456733704e-11,31.41592653016158,31.41563801164583
320,0.0001785953177257525,3229.233719633122,1014796.5702716069,-2.1827872842550278e-11,31.415926530161574,31.415638011838805
320,0.00017926421404682274,3230.631826205816,1016202.8477319117,-7.275957614183426e-12,31.415926530161567,31.415638012031792
320,0.00017993311036789298,3232.0303827102653,1017606.9707757522,-1.4551915228366852e-11,31.415926530161567,31.41563801222478
320,0.00018060200668896322,3233.4290655304285,1019008.8091138895,-1.4551915228366852e-11,31.41592653016156,31.415638012417762
320,0.00018127090301003345,3234.8275337407813,1020408.2036838679,-1.4551915228366852e-11,31.41592653016155,31.41563801261074
320,0.0001819397993311037,3236.2255431467365,1021805.030749353,-1.4551915228366852e-11,31.41592653016155,31.415638012803726
320,0.00018260869565217392,3237.6230241749486,1023199.2545406744,-2.9103830456733704e-11,31.415926530161542,31.415638012996702
320,0.00018327759197324416,3239.020102962572,1024590.9392938324,-3.637978807091713e-11,31.41592653016154,31.41563801318969
320,0.0001839464882943144,3240.417077761947,1025980.2280518843,-2.9103830456733704e-11,31.415926530161535,31.415638013382672
320,0.00018461538461538463,3241.814401277793,1027367.3321997321,-1.4551915228366852e-11,31.415926530161528,31.415638013575656
320,0.00018528428093645484,3243.212661949574,1028752.527937811,-1.4551915228366852e-11,31.41592653016152,31.415638013768636
320,0.00018595317725752508,3244.61252732113,1030136.1408109507,-7.275957614183426e-12,31.41592653016152,31.41563801396162
320,0.00018662207357859531,3246.01461977056,1031518.5031277516,-5.820766091346741e-11,31.415926530161503,31.4156380141546
320,0.00018729096989966555,3247.4193647678694,1032899.8870977099,-2.1827872842550278e-11,31.415926530161503,31.415638014347586
320,0.00018795986622073579,3248.826918200782,1034280.4443602782,-2.9103830456733704e-11,31.415926530161503,31.415638014540566
320,0.00018862876254180602,3250.237168174686,1035660.1866782485,-3.637978807091713e-12,31.415926530161492,31.415638014733545
320,0.00018929765886287626,3251.649792653688,1037039.0061830336,-3.637978807091713e-12,31.415926530161485,31.41563801492653
320,0.0001899665551839465,3253.064352951836,1038416.7191782424,-5.820766091346741e-11,31.415926530161485,31.41563801511951
320,0.00019063545150501673,3254.4804042466817,1039793.130061894,-5.820766091346741e-11,31.415926530161478,31.415638015312485
320,0.00019130434782608697,3255.8975821072095,1041168.0807499436,-3.637978807091713e-11,31.415926530161475,31.415638015505472
320,0.0001919732441471572,3257.3156389645487,1042541.467089948,-7.275957614183426e-12,31.415926530161467,31.415638015698452
320,0.00019264214046822744,3258.7344372829193,1043913.2399087609,-2.1827872842550278e-11,31.415926530161457,31.41563801589143
320,0.00019331103678929768,3260.1539070746144,1045283.3873526824,-1.4551915228366852e-11,31.415926530161453,31.415638016084415
320,0.00019397993311036788,3261.574005321014,1046651.9104933327,-5.820766091346741e-11,31.415926530161446,31.415638016277395
320,0.00019464882943143812,3262.994702341983,1048018.8079760374,-1.4551915228366852e-11,31.415926530161443,31.41563801647037
320,0.00019531772575250836,3264.415992463442,1049384.0792608152,-2.9103830456733704e-11,31.41592653016144,31.415638016663348
320,0.0001959866220735786,3265.83791958112,1050747.7457907193,-1.4551915228366852e-11,31.415926530161435,31.415638016856335
320,0.00019665551839464883,3267.2605958533704,1052109.8653499796,-2.9103830456733704e-11,31.41592653016143,31.41563801704931
320,0.00019732441471571907,3268.684208663522,1053470.5311231962,-1.4551915228366852e-11,31.415926530161414,31.415638017242287
320,0.0001979933110367893,3270.1090221906197,1054829.8694742739,-1.4551915228366852e-11,31.41592653016141,31.415638017435274
320,0.00019866220735785954,3271.5353696833845,1056188.0399743642,-1.4551915228366852e-11,31.41592653016141,31.415638017628254
320,0.00019933110367892977,3272.963634085232,1057545.2297316382,-2.9103830456733704e-11,31.415926530161407,31.415638017821227
320,0.0002,3274.394214657376,1058901.6399609754,-2.9103830456733704e-11,31.415926530161393,31.415638018014214
