seed,d,method,t,total_mass,moment_m,local_mass_B,N_active,N_local_B,global_nESS,local_nESS_B,max_w_over_mean_w,runtime_s
0,4,weighted,0.0,1.0,0.4126006643544651,0.36765,20000,7353,1.0,1.0,1.0,22.20247983932495
0,4,poisson,0.0,1.0,0.4126006643544651,0.36765,20000,7353,nan,nan,nan,22.20247983932495
0,4,minvar,0.0,1.0,0.4126006643544651,0.36765,20000,7353,nan,nan,nan,22.20247983932495
0,4,weighted,0.1,1.0970404454433274,0.47050632203489906,0.43733665523845777,20000,7304,0.9930862116807798,0.9982621518487228,1.214181247417109,22.20247983932495
0,4,poisson,0.1,1.0954,0.46956295483030447,0.43475,21908,8695,nan,nan,nan,22.20247983932495
0,4,minvar,0.1,1.1,0.4727206026407467,0.43595,22000,8719,nan,nan,nan,22.20247983932495
0,4,weighted,0.2,1.1915255481277245,0.5264777569621735,0.4997533811927395,20000,7122,0.9751979843537527,0.9936087061014371,1.4397720220508867,22.20247983932495
0,4,poisson,0.2,1.18925,0.5245819145270195,0.49755,23785,9951,nan,nan,nan,22.20247983932495
0,4,minvar,0.2,1.19805,0.5302923194953025,0.5054,23961,10108,nan,nan,nan,22.20247983932495
0,4,weighted,0.3,1.2798881315343378,0.577402236050922,0.5596218011667048,20000,6952,0.950346214776529,0.9867035746526015,1.670809164626657,22.20247983932495
0,4,poisson,0.3,1.27825,0.5751167759753555,0.55725,25565,11145,nan,nan,nan,22.20247983932495
0,4,minvar,0.3,1.28995,0.5843824825934916,0.56775,25799,11355,nan,nan,nan,22.20247983932495
0,4,weighted,0.4,1.3596365027179942,0.6215730438307172,0.6118203015456124,20000,6754,0.9217838024427014,0.9781013816335491,1.9056795564391196,22.20247983932495
0,4,poisson,0.4,1.36035,0.6214849538922992,0.61245,27207,12249,nan,nan,nan,22.20247983932495
0,4,minvar,0.4,1.3721,0.6294220049973799,0.6223,27442,12446,nan,nan,nan,22.20247983932495
0,4,weighted,0.5,1.4296993224813375,0.6581346722173163,0.6541757409800407,20000,6510,0.8915821130204801,0.968908863854353,2.1419216605685722,22.20247983932495
0,4,poisson,0.5,1.4293,0.6576688928001945,0.6548,28586,13096,nan,nan,nan,22.20247983932495
0,4,minvar,0.5,1.4381,0.6633219247900054,0.66275,28762,13255,nan,nan,nan,22.20247983932495
0,4,weighted,0.6,1.4901256671859406,0.687538023953356,0.6874240869507637,20000,6250,0.8609973761502667,0.9589214867598949,2.3758190013849387,22.20247983932495
0,4,poisson,0.6,1.49015,0.6876209069585325,0.6904,29803,13808,nan,nan,nan,22.20247983932495
0,4,minvar,0.6,1.49645,0.6911497129532292,0.69735,29929,13947,nan,nan,nan,22.20247983932495
0,4,weighted,0.7000000000000001,1.5417553397069736,0.7103452453278496,0.7169660927516536,20000,6026,0.830620712978301,0.9481977835923293,2.6131965659585497,22.20247983932495
0,4,poisson,0.7000000000000001,1.5418,0.7104745353870802,0.7188,30836,14376,nan,nan,nan,22.20247983932495
0,4,minvar,0.7000000000000001,1.54865,0.7121970166431427,0.7236,30973,14472,nan,nan,nan,22.20247983932495
0,4,weighted,0.8,1.5858211287944417,0.726665442114216,0.7396453056609548,20000,5791,0.8006958905185515,0.9373074499667297,2.856191013137955,22.20247983932495
0,4,poisson,0.8,1.58555,0.7267394322069581,0.74125,31711,14825,nan,nan,nan,22.20247983932495
0,4,minvar,0.8,1.5906,0.7263838775554887,0.739,31812,14780,nan,nan,nan,22.20247983932495
0,4,weighted,0.9,1.6240269287430795,0.7377751528845219,0.752007498387824,20000,5489,0.7711644525926593,0.9277837239164997,3.111872598013396,22.20247983932495
0,4,poisson,0.9,1.6237,0.738423950292658,0.7531,32474,15062,nan,nan,nan,22.20247983932495
0,4,minvar,0.9,1.62715,0.7374843663920387,0.7509,32543,15018,nan,nan,nan,22.20247983932495
0,4,weighted,1.0,1.6575123184321816,0.7458100392146919,0.7656975175889793,20000,5257,0.7419625880846067,0.9164427319402089,3.37242815621128,22.20247983932495
0,4,poisson,1.0,1.6563,0.7458597219244457,0.7623,33126,15246,nan,nan,nan,22.20247983932495
0,4,minvar,1.0,1.65835,0.7441653715724748,0.75725,33167,15145,nan,nan,nan,22.20247983932495
0,4,weighted,1.1,1.6874843809328453,0.7508122084367854,0.769744683470436,20000,4962,0.7129798114205027,0.906364989803607,3.6524442116669027,22.20247983932495
0,4,poisson,1.1,1.6848,0.750885050114134,0.76715,33696,15343,nan,nan,nan,22.20247983932495
0,4,minvar,1.1,1.6903,0.7504783876875993,0.7623,33806,15246,nan,nan,nan,22.20247983932495
0,4,weighted,1.2,1.7146794160668217,0.7544024107379197,0.7688746286178981,20000,4674,0.6841777489000888,0.8943019513179787,3.956903090366782,22.20247983932495
0,4,poisson,1.2,1.7114,0.7538612852772257,0.7687,34228,15374,nan,nan,nan,22.20247983932495
0,4,minvar,1.2,1.71975,0.7548868285213423,0.7668,34395,15336,nan,nan,nan,22.20247983932495
0,4,weighted,1.3,1.739730200611611,0.7560360439554454,0.7713963413417625,20000,4416,0.6555883849533066,0.883275714174088,4.288042447058755,22.20247983932495
0,4,poisson,1.3,1.7387,0.7571774263839488,0.7745,34774,15490,nan,nan,nan,22.20247983932495
0,4,minvar,1.3,1.7439,0.756429322822233,0.7664,34878,15328,nan,nan,nan,22.20247983932495
0,4,weighted,1.4000000000000001,1.7632700993953785,0.7561071830692666,0.7646193033144763,20000,4112,0.6271716967595115,0.8730666042127788,4.64023698699742,22.20247983932495
0,4,poisson,1.4000000000000001,1.76475,0.7585151658513807,0.77315,35295,15463,nan,nan,nan,22.20247983932495
0,4,minvar,1.4000000000000001,1.76845,0.7576697482177683,0.76905,35369,15381,nan,nan,nan,22.20247983932495
0,4,weighted,1.5,1.7856336680641147,0.7558986936817518,0.7671735115732202,20000,3888,0.5989506649279149,0.8616382422331695,5.001944021306454,22.20247983932495
0,4,poisson,1.5,1.7892,0.7587360241562877,0.77295,35784,15459,nan,nan,nan,22.20247983932495
0,4,minvar,1.5,1.79085,0.758298709651706,0.7692,35817,15384,nan,nan,nan,22.20247983932495
0,4,weighted,1.6,1.80698818391444,0.7554604030736088,0.7622554735328118,20000,3621,0.5710778130723744,0.8523358704054902,5.381436754843503,22.20247983932495
0,4,poisson,1.6,1.81015,0.7595037612610379,0.773,36203,15460,nan,nan,nan,22.20247983932495
0,4,minvar,1.6,1.8106,0.757509069682025,0.76845,36212,15369,nan,nan,nan,22.20247983932495
0,4,weighted,1.7,1.827468358451474,0.7555486764385181,0.7565117172065127,20000,3388,0.5436261598062015,0.83970011461209,5.760413645460116,22.20247983932495
0,4,poisson,1.7,1.8304,0.7604509195088911,0.77285,36608,15457,nan,nan,nan,22.20247983932495
0,4,minvar,1.7,1.8302,0.7563740809599633,0.7622,36604,15244,nan,nan,nan,22.20247983932495
0,4,weighted,1.8,1.8468515182629246,0.7551746039274378,0.7555023985497377,20000,3182,0.5167110111396152,0.8284747216428447,6.266230743200713,22.20247983932495
0,4,poisson,1.8,1.84885,0.7583754377817068,0.76885,36977,15377,nan,nan,nan,22.20247983932495
0,4,minvar,1.8,1.8496,0.75641171596555,0.7613,36992,15226,nan,nan,nan,22.20247983932495
0,4,weighted,1.9000000000000001,1.8655828432546169,0.7541650935112196,0.7495644937462471,20000,2978,0.4903142395462561,0.8154139780318527,6.820319506011663,22.20247983932495
0,4,poisson,1.9000000000000001,1.86765,0.7576499798230132,0.76845,37353,15369,nan,nan,nan,22.20247983932495
0,4,minvar,1.9000000000000001,1.86875,0.7574072907641901,0.76145,37375,15229,nan,nan,nan,22.20247983932495
0,4,weighted,2.0,1.8836772044494599,0.7533924607234845,0.7513810919205898,20000,2799,0.46454123537888764,0.8047685582723121,7.422778008251834,22.20247983932495
0,4,poisson,2.0,1.88535,0.7570424129918496,0.766,37707,15320,nan,nan,nan,22.20247983932495
0,4,minvar,2.0,1.8859,0.7583677361849235,0.76005,37718,15201,nan,nan,nan,22.20247983932495
1,4,weighted,0.0,1.0,0.41527094281027976,0.3741,20000,7482,1.0,1.0,1.0,18.61843991279602
1,4,poisson,0.0,1.0,0.4152709428102799,0.3741,20000,7482,nan,nan,nan,18.61843991279602
1,4,minvar,0.0,1.0,0.4152709428102799,0.3741,20000,7482,nan,nan,nan,18.61843991279602
1,4,weighted,0.1,1.097245277114546,0.4737300155485105,0.44138182479257865,20000,7377,0.9931253769852607,0.9982606553545142,1.212664480875422,18.61843991279602
1,4,poisson,0.1,1.09475,0.47155070487353296,0.43745,21895,8749,nan,nan,nan,18.61843991279602
1,4,minvar,0.1,1.0955,0.4718282635219023,0.43805,21910,8761,nan,nan,nan,18.61843991279602
1,4,weighted,0.2,1.1917363809628116,0.5295551307823467,0.5077617409967401,20000,7255,0.9753642277448155,0.9935413645031789,1.4316717578274138,18.61843991279602
1,4,poisson,0.2,1.19005,0.5277899662049432,0.5062,23801,10124,nan,nan,nan,18.61843991279602
1,4,minvar,0.2,1.18985,0.5278312769500503,0.5066,23797,10132,nan,nan,nan,18.61843991279602
1,4,weighted,0.3,1.2798903831489639,0.5806036867871057,0.566359603513725,20000,7063,0.9507889569350534,0.9866008562872768,1.656056967272129,18.61843991279602
1,4,poisson,0.3,1.2798,0.5790183989209139,0.5654,25596,11308,nan,nan,nan,18.61843991279602
1,4,minvar,0.3,1.27765,0.5795871842862927,0.57005,25553,11401,nan,nan,nan,18.61843991279602
1,4,weighted,0.4,1.3593063972638164,0.6243332714732336,0.6174359747505869,20000,6847,0.9225757284008503,0.9781469692694922,1.8814823299956303,18.61843991279602
1,4,poisson,0.4,1.3555,0.6201415590851684,0.6177,27110,12354,nan,nan,nan,18.61843991279602
1,4,minvar,0.4,1.35795,0.6244054014928034,0.6239,27159,12478,nan,nan,nan,18.61843991279602
1,4,weighted,0.5,1.4289146975761855,0.6605175340523635,0.6615843256764182,20000,6631,0.8928639568308918,0.9687509040242525,2.100803539765183,18.61843991279602
1,4,poisson,0.5,1.42565,0.6575844385286954,0.66155,28513,13231,nan,nan,nan,18.61843991279602
1,4,minvar,0.5,1.4272,0.6608478144296086,0.6706,28544,13412,nan,nan,nan,18.61843991279602
1,4,weighted,0.6,1.4890184024325217,0.6888247754974153,0.6927189731082426,20000,6345,0.8627971940150582,0.9589843785821216,2.3322095647602312,18.61843991279602
1,4,poisson,0.6,1.48735,0.6875160473433062,0.697,29747,13940,nan,nan,nan,18.61843991279602
1,4,minvar,0.6,1.4855,0.68889921623485,0.7036,29710,14072,nan,nan,nan,18.61843991279602
1,4,weighted,0.7000000000000001,1.5404785021240828,0.7108229981750122,0.7192258621090787,20000,6086,0.8328965760171592,0.9487689490759446,2.5661383185062823,18.61843991279602
1,4,poisson,0.7000000000000001,1.5373,0.7081883372129911,0.7183,30746,14366,nan,nan,nan,18.61843991279602
1,4,minvar,0.7000000000000001,1.53425,0.7093875261234188,0.72725,30685,14545,nan,nan,nan,18.61843991279602
1,4,weighted,0.8,1.5844913392413613,0.7267345244205109,0.7338638173514653,20000,5773,0.8033006190935598,0.9380008416764628,2.807041303096992,18.61843991279602
1,4,poisson,0.8,1.5824,0.725549316930241,0.7358,31648,14716,nan,nan,nan,18.61843991279602
1,4,minvar,0.8,1.5773,0.7252262105107269,0.7413,31546,14826,nan,nan,nan,18.61843991279602
1,4,weighted,0.9,1.6225833032533419,0.738437495318677,0.7465996601295659,20000,5495,0.7740181886745956,0.9271900437969814,3.059255986536747,18.61843991279602
1,4,poisson,0.9,1.62075,0.7375177189646466,0.7498,32415,14996,nan,nan,nan,18.61843991279602
1,4,minvar,0.9,1.61905,0.7391954292463678,0.75525,32381,15105,nan,nan,nan,18.61843991279602
1,4,weighted,1.0,1.6560363999931618,0.7462245868098674,0.7570010610299117,20000,5240,0.7449680322253348,0.9154756769815022,3.321939323065539,18.61843991279602
1,4,poisson,1.0,1.65255,0.7446125910943557,0.7569,33051,15138,nan,nan,nan,18.61843991279602
1,4,minvar,1.0,1.6521,0.7465067024897514,0.7618,33042,15236,nan,nan,nan,18.61843991279602
1,4,weighted,1.1,1.6860141823370236,0.7510169153091051,0.7652761895381218,20000,4972,0.7160760013738593,0.9055529408443472,3.5999918092329843,18.61843991279602
1,4,poisson,1.1,1.68155,0.7508495388383093,0.76205,33631,15241,nan,nan,nan,18.61843991279602
1,4,minvar,1.1,1.6839,0.7516498575735564,0.76565,33678,15313,nan,nan,nan,18.61843991279602
1,4,weighted,1.2,1.7132253827272224,0.7543443125961735,0.7658713874926453,20000,4678,0.6873170843252174,0.8947119873818217,3.900215477803742,18.61843991279602
1,4,poisson,1.2,1.7078,0.7540919619067589,0.76235,34156,15247,nan,nan,nan,18.61843991279602
1,4,minvar,1.2,1.71465,0.7567482469222626,0.7691,34293,15382,nan,nan,nan,18.61843991279602
1,4,weighted,1.3,1.7383364351291792,0.7566553483860322,0.7727892584290948,20000,4468,0.6586959373394294,0.8819120593576233,4.220973437514568,18.61843991279602
1,4,poisson,1.3,1.7327,0.7553793699172822,0.76715,34654,15343,nan,nan,nan,18.61843991279602
1,4,minvar,1.3,1.7393,0.7578082230959307,0.76995,34786,15399,nan,nan,nan,18.61843991279602
1,4,weighted,1.4000000000000001,1.7617838548540665,0.7568568244256606,0.7739013009937418,20000,4201,0.6302461278923394,0.8727159556771088,4.544280848440898,18.61843991279602
1,4,poisson,1.4000000000000001,1.7558,0.7553333043298567,0.76515,35116,15303,nan,nan,nan,18.61843991279602
1,4,minvar,1.4000000000000001,1.7615,0.7577577947992699,0.769,35230,15380,nan,nan,nan,18.61843991279602
1,4,weighted,1.5,1.7840007737860546,0.7571249098501428,0.770213574317183,20000,3929,0.6019506274221021,0.8626815598384444,4.889206723146821,18.61843991279602
1,4,poisson,1.5,1.7763,0.7553779589010589,0.7671,35526,15342,nan,nan,nan,18.61843991279602
1,4,minvar,1.5,1.78375,0.7572272662557086,0.76795,35675,15359,nan,nan,nan,18.61843991279602
1,4,weighted,1.6,1.8049708912958904,0.7580631433828596,0.7664716988841963,20000,3686,0.5739380430988963,0.8507029876471494,5.308299494638968,18.61843991279602
1,4,poisson,1.6,1.797,0.7545111989934294,0.765,35940,15300,nan,nan,nan,18.61843991279602
1,4,minvar,1.6,1.80475,0.756888327708821,0.76405,36095,15281,nan,nan,nan,18.61843991279602
1,4,weighted,1.7,1.8249261735637035,0.7570501385524036,0.7639851313940854,20000,3449,0.5463370454346922,0.8408952737076786,5.770985415132263,18.61843991279602
1,4,poisson,1.7,1.8213,0.7551563565155509,0.7653,36426,15306,nan,nan,nan,18.61843991279602
1,4,minvar,1.7,1.82905,0.7584836683034024,0.76445,36581,15289,nan,nan,nan,18.61843991279602
1,4,weighted,1.8,1.8438373750862298,0.758261157853482,0.7656480811170128,20000,3250,0.5192706893144544,0.8290154235613988,6.27860132021062,18.61843991279602
1,4,poisson,1.8,1.83715,0.7537214370142621,0.76295,36743,15259,nan,nan,nan,18.61843991279602
1,4,minvar,1.8,1.8498,0.7581522878760206,0.76205,36996,15241,nan,nan,nan,18.61843991279602
1,4,weighted,1.9000000000000001,1.8616771384176656,0.7585238482803814,0.7598247740033316,20000,3040,0.4928526562292026,0.8168241994286188,6.819050800208083,18.61843991279602
1,4,poisson,1.9000000000000001,1.85625,0.7538635780007324,0.75955,37125,15191,nan,nan,nan,18.61843991279602
1,4,minvar,1.9000000000000001,1.8682,0.7566045055226738,0.76015,37364,15203,nan,nan,nan,18.61843991279602
1,4,weighted,2.0,1.8784822667922039,0.7592116427331473,0.7634750089112504,20000,2869,0.46717977469203137,0.8083548610469736,7.366420415997117,18.61843991279602
1,4,poisson,2.0,1.877,0.7562158340157623,0.7607,37540,15214,nan,nan,nan,18.61843991279602
1,4,minvar,2.0,1.8883,0.7574597331144789,0.7579,37766,15158,nan,nan,nan,18.61843991279602
2,4,weighted,0.0,1.0,0.4184801339819919,0.38215,20000,7643,1.0,1.0,1.0,15.68328309059143
2,4,poisson,0.0,1.0,0.4184801339819921,0.38215,20000,7643,nan,nan,nan,15.68328309059143
2,4,minvar,0.0,1.0,0.4184801339819921,0.38215,20000,7643,nan,nan,nan,15.68328309059143
2,4,weighted,0.1,1.0974703951736775,0.4766028506080549,0.4479670886557734,20000,7491,0.9931463429169679,0.9983173651457107,1.210909749779564,15.68328309059143
2,4,poisson,0.1,1.09595,0.4760573927145865,0.4493,21919,8986,nan,nan,nan,15.68328309059143
2,4,minvar,0.1,1.10125,0.4798697145753011,0.4529,22025,9058,nan,nan,nan,15.68328309059143
2,4,weighted,0.2,1.1919507576915271,0.5329667548264139,0.515274976852357,20000,7371,0.9754650855277501,0.9937480225767464,1.4270399973348782,15.68328309059143
2,4,poisson,0.2,1.18915,0.5310387925746584,0.51435,23783,10287,nan,nan,nan,15.68328309059143
2,4,minvar,0.2,1.19385,0.5344888796602855,0.5168,23877,10336,nan,nan,nan,15.68328309059143
2,4,weighted,0.3,1.2798905188534337,0.5834981540605,0.5751290385464776,20000,7182,0.9510088920245616,0.9872385422301179,1.646643769645896,15.68328309059143
2,4,poisson,0.3,1.2758,0.5810980977032434,0.5708,25516,11416,nan,nan,nan,15.68328309059143
2,4,minvar,0.3,1.2814,0.585302681644524,0.5787,25628,11574,nan,nan,nan,15.68328309059143
2,4,weighted,0.4,1.3589470328688773,0.6275894225327744,0.6267626595104772,20000,6969,0.9229524696355492,0.9789408671730635,1.869493698730102,15.68328309059143
2,4,poisson,0.4,1.35825,0.6258750620011788,0.6245,27165,12490,nan,nan,nan,15.68328309059143
2,4,minvar,0.4,1.3597,0.6291127553537069,0.63135,27194,12627,nan,nan,nan,15.68328309059143
2,4,weighted,0.5,1.4280751656616135,0.6638445842824044,0.669909764325602,20000,6738,0.8934161721557161,0.969725221817523,2.0927384319884133,15.68328309059143
2,4,poisson,0.5,1.42675,0.6606260330851693,0.6638,28535,13276,nan,nan,nan,15.68328309059143
2,4,minvar,0.5,1.42905,0.6654710940112699,0.6742,28581,13484,nan,nan,nan,15.68328309059143
2,4,weighted,0.6,1.4875556591139325,0.6912370110660833,0.7026005849898914,20000,6465,0.8635493293450605,0.9602782163788258,2.311353111865875,15.68328309059143
2,4,poisson,0.6,1.48785,0.6893191824667448,0.6977,29757,13954,nan,nan,nan,15.68328309059143
2,4,minvar,0.6,1.48795,0.693406056144744,0.70625,29759,14125,nan,nan,nan,15.68328309059143
2,4,weighted,0.7000000000000001,1.538499311759091,0.7128922785829757,0.7221347788738399,20000,6127,0.8338426523346314,0.9506683532001781,2.538380116206956,15.68328309059143
2,4,poisson,0.7000000000000001,1.5393,0.7110995336707671,0.72405,30786,14481,nan,nan,nan,15.68328309059143
2,4,minvar,0.7000000000000001,1.53485,0.7119885659471107,0.72225,30697,14445,nan,nan,nan,15.68328309059143
2,4,weighted,0.8,1.582191680021282,0.728881543693834,0.7411737542360928,20000,5864,0.8044614698885334,0.9397973754502528,2.763030339748064,15.68328309059143
2,4,poisson,0.8,1.5846,0.7289523115138592,0.7437,31692,14874,nan,nan,nan,15.68328309059143
2,4,minvar,0.8,1.5774,0.7273777124285546,0.7402,31548,14804,nan,nan,nan,15.68328309059143
2,4,weighted,0.9,1.6199574475125287,0.7396629445706668,0.7540727855257221,20000,5577,0.7754099769206618,0.9298844939035548,3.0040100647769736,15.68328309059143
2,4,poisson,0.9,1.62345,0.7400135353171831,0.75505,32469,15101,nan,nan,nan,15.68328309059143
2,4,minvar,0.9,1.6187,0.7385789644964023,0.75225,32374,15045,nan,nan,nan,15.68328309059143
2,4,weighted,1.0,1.6532748878957104,0.7467399148696257,0.7602950211585932,20000,5269,0.746551236841988,0.9196747191762215,3.263986918292218,15.68328309059143
2,4,poisson,1.0,1.6555,0.747630415730627,0.7633,33110,15266,nan,nan,nan,15.68328309059143
2,4,minvar,1.0,1.65295,0.7474324532474524,0.761,33059,15220,nan,nan,nan,15.68328309059143
2,4,weighted,1.1,1.6832127475174643,0.7513166131903464,0.7646868776145905,20000,4989,0.7178101147976829,0.9081922904994447,3.537800490476222,15.68328309059143
2,4,poisson,1.1,1.6859,0.7526130896046579,0.76675,33718,15335,nan,nan,nan,15.68328309059143
2,4,minvar,1.1,1.68335,0.7515442997464483,0.76615,33667,15323,nan,nan,nan,15.68328309059143
2,4,weighted,1.2,1.710463694546324,0.7549292348027907,0.7637497555041696,20000,4674,0.6891249290358299,0.8980631112509662,3.835160243020887,15.68328309059143
2,4,poisson,1.2,1.71235,0.7544562764681964,0.76835,34247,15367,nan,nan,nan,15.68328309059143
2,4,minvar,1.2,1.7097,0.7530318321909201,0.7655,34194,15310,nan,nan,nan,15.68328309059143
2,4,weighted,1.3,1.735633377038058,0.7557764119818103,0.7689911982576573,20000,4437,0.6605439023048796,0.8873447727870668,4.147856655163862,15.68328309059143
2,4,poisson,1.3,1.74,0.7564261189051005,0.7684,34800,15368,nan,nan,nan,15.68328309059143
2,4,minvar,1.3,1.7353,0.7540519811410807,0.76535,34706,15307,nan,nan,nan,15.68328309059143
2,4,weighted,1.4000000000000001,1.7594798146714874,0.7556260743700717,0.7663162791909812,20000,4148,0.6319967930341657,0.8777472254320557,4.464849128842062,15.68328309059143
2,4,poisson,1.4000000000000001,1.7603,0.754337011947539,0.7648,35206,15296,nan,nan,nan,15.68328309059143
2,4,minvar,1.4000000000000001,1.7615,0.7551943014736798,0.7657,35230,15314,nan,nan,nan,15.68328309059143
2,4,weighted,1.5,1.7821659139051953,0.7557939213747823,0.762498188968994,20000,3868,0.6035878279158435,0.8685934085502707,4.774185605165525,15.68328309059143
2,4,poisson,1.5,1.7837,0.7546948350304259,0.76635,35674,15327,nan,nan,nan,15.68328309059143
2,4,minvar,1.5,1.7836,0.755242000394392,0.76615,35672,15323,nan,nan,nan,15.68328309059143
2,4,weighted,1.6,1.8037618803213085,0.7556954971003612,0.7582933078847176,20000,3611,0.5754744526201966,0.8574497541579625,5.1530915121612635,15.68328309059143
2,4,poisson,1.6,1.80795,0.7550768868878992,0.762,36159,15240,nan,nan,nan,15.68328309059143
2,4,minvar,1.6,1.80695,0.7554421155581956,0.7657,36139,15314,nan,nan,nan,15.68328309059143
2,4,weighted,1.7,1.8242869649591735,0.7558426133493868,0.7578512179050994,20000,3379,0.5477321183129844,0.8490854014377779,5.607764210059982,15.68328309059143
2,4,poisson,1.7,1.8285,0.7540496894686487,0.75925,36570,15185,nan,nan,nan,15.68328309059143
2,4,minvar,1.7,1.8272,0.7548738401586413,0.7623,36544,15246,nan,nan,nan,15.68328309059143
2,4,weighted,1.8,1.8438420032533165,0.7553863372056228,0.7566932836209265,20000,3171,0.5204157333612272,0.83829649745503,6.103098455914699,15.68328309059143
2,4,poisson,1.8,1.84765,0.7535862935636645,0.75625,36953,15125,nan,nan,nan,15.68328309059143
2,4,minvar,1.8,1.84905,0.7550719113359763,0.76305,36981,15261,nan,nan,nan,15.68328309059143
2,4,weighted,1.9000000000000001,1.862276892749578,0.7568027298607192,0.7595011946131388,20000,2987,0.4937024703190567,0.828113857234883,6.627313064276912,15.68328309059143
2,4,poisson,1.9000000000000001,1.8663,0.7539589620453324,0.7584,37326,15168,nan,nan,nan,15.68328309059143
2,4,minvar,1.9000000000000001,1.8657,0.7545368475177359,0.7592,37314,15184,nan,nan,nan,15.68328309059143
2,4,weighted,2.0,1.8796491821289627,0.7565203994161535,0.7622521337097836,20000,2818,0.46773158699813694,0.8177339967529615,7.206331877574234,15.68328309059143
2,4,poisson,2.0,1.88205,0.7521862008867353,0.757,37641,15140,nan,nan,nan,15.68328309059143
2,4,minvar,2.0,1.884,0.7545777467780824,0.75945,37680,15189,nan,nan,nan,15.68328309059143
0,6,weighted,0.0,1.0,0.26579869798797157,0.14405,20000,2881,1.0,1.0,1.0,21.425246953964233
0,6,poisson,0.0,1.0,0.2657986979879715,0.14405,20000,2881,nan,nan,nan,21.425246953964233
0,6,minvar,0.0,1.0,0.2657986979879715,0.14405,20000,2881,nan,nan,nan,21.425246953964233
0,6,weighted,0.1,1.070554997848116,0.29941113755841303,0.17814693441128687,20000,2856,0.9920633680210362,0.9980419876377421,1.360741735166327,21.425246953964233
0,6,poisson,0.1,1.0717,0.2998457826803497,0.1761,21434,3522,nan,nan,nan,21.425246953964233
0,6,minvar,0.1,1.0742,0.30028028299504883,0.17555,21484,3511,nan,nan,nan,21.425246953964233
0,6,weighted,0.2,1.1458709886786809,0.3338736351062448,0.20917764004581482,20000,2716,0.9686483475858659,0.992202571768392,1.8155638427425216,21.425246953964233
0,6,poisson,0.2,1.14445,0.33229725045101566,0.2098,22889,4196,nan,nan,nan,21.425246953964233
0,6,minvar,0.2,1.1515,0.3356414572823928,0.20955,23030,4191,nan,nan,nan,21.425246953964233
0,6,weighted,0.3,1.22443491803362,0.36879582199229594,0.24751674762764483,20000,2641,0.9314640863599196,0.9822983885604194,2.36624318647767,21.425246953964233
0,6,poisson,0.3,1.22005,0.36596789419398673,0.2437,24401,4874,nan,nan,nan,21.425246953964233
0,6,minvar,0.3,1.23545,0.3729024165599972,0.24845,24709,4969,nan,nan,nan,21.425246953964233
0,6,weighted,0.4,1.3046623645132094,0.4035709441571039,0.28456200202169674,20000,2518,0.8833882632840485,0.9693298578970945,3.014807655075576,21.425246953964233
0,6,poisson,0.4,1.302,0.40162553713464755,0.2828,26040,5656,nan,nan,nan,21.425246953964233
0,6,minvar,0.4,1.3196,0.41018581538111604,0.2879,26392,5758,nan,nan,nan,21.425246953964233
0,6,weighted,0.5,1.384987616319609,0.4376826841331424,0.3231349048735591,20000,2404,0.8278918766126572,0.9525183973266599,3.7482747920344197,21.425246953964233
0,6,poisson,0.5,1.3818,0.43437303520328513,0.31945,27636,6389,nan,nan,nan,21.425246953964233
0,6,minvar,0.5,1.3973,0.442952585532203,0.3276,27946,6552,nan,nan,nan,21.425246953964233
0,6,weighted,0.6,1.4639006319776617,0.47000849016059576,0.36066610799954035,20000,2285,0.7685176201176277,0.9331695336339928,4.566065138579798,21.425246953964233
0,6,poisson,0.6,1.4628,0.46654572890295287,0.3572,29256,7144,nan,nan,nan,21.425246953964233
0,6,minvar,0.6,1.47425,0.4745168686633329,0.36205,29485,7241,nan,nan,nan,21.425246953964233
0,6,weighted,0.7000000000000001,1.5401309386044988,0.4999597241675302,0.39680677592396923,20000,2162,0.7082231736055008,0.9118799281173591,5.461950025047456,21.425246953964233
0,6,poisson,0.7000000000000001,1.54055,0.4967778030018311,0.39325,30811,7865,nan,nan,nan,21.425246953964233
0,6,minvar,0.7000000000000001,1.5527,0.5040495878941252,0.3976,31054,7952,nan,nan,nan,21.425246953964233
0,6,weighted,0.8,1.612677632020501,0.5263835400209326,0.4273841312983479,20000,2021,0.6493456365012217,0.8887095744072622,6.4854292875712645,21.425246953964233
0,6,poisson,0.8,1.6143,0.5233316569089022,0.42225,32286,8445,nan,nan,nan,21.425246953964233
0,6,minvar,0.8,1.62075,0.5278501625181617,0.42515,32415,8503,nan,nan,nan,21.425246953964233
0,6,weighted,0.9,1.6809235100880535,0.5492737082957401,0.45172615612666467,20000,1857,0.5932039827509932,0.86841899961659,7.703720451957553,21.425246953964233
0,6,poisson,0.9,1.6797,0.5449392715621839,0.44695,33594,8939,nan,nan,nan,21.425246953964233
0,6,minvar,0.9,1.68915,0.5510825334556391,0.45205,33783,9041,nan,nan,nan,21.425246953964233
0,6,weighted,1.0,1.7445576270299392,0.5693678097103925,0.4812936769599006,20000,1751,0.5404300691041558,0.8434528491705919,9.043052107399607,21.425246953964233
0,6,poisson,1.0,1.7449,0.56496854588222,0.4713,34898,9426,nan,nan,nan,21.425246953964233
0,6,minvar,1.0,1.7496,0.5697820657566729,0.4747,34992,9494,nan,nan,nan,21.425246953964233
0,6,weighted,1.1,1.8035529204143905,0.5855615025989701,0.4889448773762865,20000,1579,0.49156526107034726,0.8172885378893545,10.42595627744177,21.425246953964233
0,6,poisson,1.1,1.80375,0.5819850440557506,0.4868,36075,9736,nan,nan,nan,21.425246953964233
0,6,minvar,1.1,1.8066,0.5846889684650297,0.4912,36132,9824,nan,nan,nan,21.425246953964233
0,6,weighted,1.2,1.8580643174703952,0.5999352437691027,0.5080773648781464,20000,1460,0.4465672718224491,0.7969826272880538,11.824112726563621,21.425246953964233
0,6,poisson,1.2,1.85765,0.5955647862271599,0.5027,37153,10054,nan,nan,nan,21.425246953964233
0,6,minvar,1.2,1.86425,0.6009325259699109,0.5102,37285,10204,nan,nan,nan,21.425246953964233
0,6,weighted,1.3,1.9083459856724247,0.6116268322239538,0.5276290592286871,20000,1366,0.40534528026730254,0.7722847106888472,13.537554038198271,21.425246953964233
0,6,poisson,1.3,1.9127,0.6090295577931384,0.5182,38254,10364,nan,nan,nan,21.425246953964233
0,6,minvar,1.3,1.91495,0.6130787743085935,0.5262,38299,10524,nan,nan,nan,21.425246953964233
0,6,weighted,1.4000000000000001,1.954848637396137,0.6194075109474749,0.5271932462339344,20000,1208,0.3677176884977569,0.7548799545142266,15.343118770117748,21.425246953964233
0,6,poisson,1.4000000000000001,1.96395,0.6199444698414349,0.5274,39279,10548,nan,nan,nan,21.425246953964233
0,6,minvar,1.4000000000000001,1.96045,0.6219606098339406,0.53735,39209,10747,nan,nan,nan,21.425246953964233
0,6,weighted,1.5,1.997976175154089,0.6259160785263239,0.5344627052837834,20000,1109,0.3334154147818526,0.7301401387511021,17.180302210642335,21.425246953964233
0,6,poisson,1.5,2.0083,0.6276665262390753,0.5332,40166,10664,nan,nan,nan,21.425246953964233
0,6,minvar,1.5,2.0064,0.6306192849377776,0.54765,40128,10953,nan,nan,nan,21.425246953964233
0,6,weighted,1.6,2.0380816074104353,0.6319786664102314,0.5396845553775284,20000,1009,0.30223226918572976,0.7110998592795926,18.79439923666869,21.425246953964233
0,6,poisson,1.6,2.04805,0.6331172747458184,0.53685,40961,10737,nan,nan,nan,21.425246953964233
0,6,minvar,1.6,2.0482,0.6388789843516971,0.556,40964,11120,nan,nan,nan,21.425246953964233
0,6,weighted,1.7,2.075424943141528,0.6368524133571088,0.5425618705973632,20000,921,0.27385950439464024,0.6879765225719409,21.355187806097994,21.425246953964233
0,6,poisson,1.7,2.0845,0.6374602809133866,0.5409,41690,10818,nan,nan,nan,21.425246953964233
0,6,minvar,1.7,2.08265,0.6426435330714405,0.56015,41653,11203,nan,nan,nan,21.425246953964233
0,6,weighted,1.8,2.1102795830762466,0.638321506691993,0.5487857019709088,20000,829,0.2480294365508527,0.6762166326406075,23.984331610817396,21.425246953964233
0,6,poisson,1.8,2.11875,0.6404663283954697,0.54145,42375,10829,nan,nan,nan,21.425246953964233
0,6,minvar,1.8,2.11535,0.646699746812079,0.56125,42307,11225,nan,nan,nan,21.425246953964233
0,6,weighted,1.9000000000000001,2.1431630368559214,0.6404918428274184,0.5401752316013761,20000,760,0.22457305833174152,0.6481229671533326,26.668767881634718,21.425246953964233
0,6,poisson,1.9000000000000001,2.1516,0.6424307672918405,0.5425,43032,10850,nan,nan,nan,21.425246953964233
0,6,minvar,1.9000000000000001,2.1492,0.6517190560603191,0.5688,42984,11376,nan,nan,nan,21.425246953964233
0,6,weighted,2.0,2.1742769812983758,0.6404061463234575,0.5526946592867061,20000,694,0.20321937438395096,0.6347138405956209,29.606020507468752,21.425246953964233
0,6,poisson,2.0,2.18315,0.6455622687720546,0.54645,43663,10929,nan,nan,nan,21.425246953964233
0,6,minvar,2.0,2.18045,0.6554509509437535,0.57345,43609,11469,nan,nan,nan,21.425246953964233
1,6,weighted,0.0,1.0,0.2669143318531738,0.1443,20000,2886,1.0,1.0,1.0,16.39864158630371
1,6,poisson,0.0,1.0,0.2669143318531738,0.1443,20000,2886,nan,nan,nan,16.39864158630371
1,6,minvar,0.0,1.0,0.2669143318531738,0.1443,20000,2886,nan,nan,nan,16.39864158630371
1,6,weighted,0.1,1.0708705664684977,0.30066361199233654,0.1766991146986447,20000,2832,0.9920931794378335,0.9980340955777566,1.3578445108071087,16.39864158630371
1,6,poisson,0.1,1.07245,0.3011956139294132,0.17755,21449,3551,nan,nan,nan,16.39864158630371
1,6,minvar,0.1,1.0704,0.3005086279112807,0.1764,21408,3528,nan,nan,nan,16.39864158630371
1,6,weighted,0.2,1.1464554591586642,0.33523022578052525,0.21399139881907495,20000,2786,0.9687732444470659,0.9920332619752558,1.808314901395022,16.39864158630371
1,6,poisson,0.2,1.1472,0.3357905774337604,0.2139,22944,4278,nan,nan,nan,16.39864158630371
1,6,minvar,0.2,1.14585,0.3346610991015118,0.212,22917,4240,nan,nan,nan,16.39864158630371
1,6,weighted,0.3,1.2252504932514279,0.37044095975710256,0.2500283893394169,20000,2674,0.9318184709688955,0.9821659250780801,2.3635943066236993,16.39864158630371
1,6,poisson,0.3,1.22885,0.37218854262124573,0.2525,24577,5050,nan,nan,nan,16.39864158630371
1,6,minvar,0.3,1.2238,0.36921297692520405,0.24815,24476,4963,nan,nan,nan,16.39864158630371
1,6,weighted,0.4,1.305656636541451,0.40522525993572567,0.2901363890714647,20000,2584,0.8841952142118507,0.9688246834164439,3.02566927864652,16.39864158630371
1,6,poisson,0.4,1.30665,0.406350084081823,0.29085,26133,5817,nan,nan,nan,16.39864158630371
1,6,minvar,0.4,1.30065,0.4029011265585329,0.2839,26013,5678,nan,nan,nan,16.39864158630371
1,6,weighted,0.5,1.3860715739371974,0.43910709275211274,0.3299413274785065,20000,2478,0.8293360081920647,0.9520942404771121,3.795533094213079,16.39864158630371
1,6,poisson,0.5,1.39005,0.44095885632264564,0.32995,27801,6599,nan,nan,nan,16.39864158630371
1,6,minvar,0.5,1.38045,0.43437100049739785,0.3178,27609,6356,nan,nan,nan,16.39864158630371
1,6,weighted,0.6,1.4649846918895995,0.4705619770734685,0.36215866663324103,20000,2314,0.7707785063229431,0.9329149657565333,4.62776719938126,16.39864158630371
1,6,poisson,0.6,1.46925,0.47257432674922956,0.3656,29385,7312,nan,nan,nan,16.39864158630371
1,6,minvar,0.6,1.45825,0.46514108884668803,0.3565,29165,7130,nan,nan,nan,16.39864158630371
1,6,weighted,0.7000000000000001,1.5411577408820165,0.4992705995817916,0.39322102064619374,20000,2157,0.7112908934436254,0.9127433070573752,5.545198813434157,16.39864158630371
1,6,poisson,0.7000000000000001,1.54495,0.5010236268879755,0.3948,30899,7896,nan,nan,nan,16.39864158630371
1,6,minvar,0.7000000000000001,1.53785,0.49534622742283635,0.3904,30757,7808,nan,nan,nan,16.39864158630371
1,6,weighted,0.8,1.6136597482655268,0.5245922873950201,0.418276755447006,20000,1979,0.6529191043134083,0.8919610887725968,6.50720737393173,16.39864158630371
1,6,poisson,0.8,1.61825,0.5274185167581025,0.42355,32365,8471,nan,nan,nan,16.39864158630371
1,6,minvar,0.8,1.60975,0.5210480485394486,0.419,32195,8380,nan,nan,nan,16.39864158630371
1,6,weighted,0.9,1.6819142250985146,0.5476181473023846,0.4454750137418642,20000,1844,0.5970247632256669,0.8698711393523848,7.740612840386471,16.39864158630371
1,6,poisson,0.9,1.68765,0.5518056065020125,0.45375,33753,9075,nan,nan,nan,16.39864158630371
1,6,minvar,0.9,1.6776,0.5441390575215372,0.44625,33552,8925,nan,nan,nan,16.39864158630371
1,6,weighted,1.0,1.745659473993694,0.5661764262710144,0.46608252153326646,20000,1686,0.5445767861571882,0.8499931944353242,9.054447112064546,16.39864158630371
1,6,poisson,1.0,1.7519,0.5714706665832915,0.47555,35038,9511,nan,nan,nan,16.39864158630371
1,6,minvar,1.0,1.7428,0.5647162011308751,0.47005,34856,9401,nan,nan,nan,16.39864158630371
1,6,weighted,1.1,1.8049180267682698,0.5817354933722894,0.4805672500614146,20000,1544,0.4958267955542001,0.8245441107375193,10.268173553296183,16.39864158630371
1,6,poisson,1.1,1.8099,0.587122483411053,0.4905,36198,9810,nan,nan,nan,16.39864158630371
1,6,minvar,1.1,1.797,0.5791739883423599,0.48475,35940,9695,nan,nan,nan,16.39864158630371
1,6,weighted,1.2,1.8598656748524582,0.5951922810395529,0.4926781550298809,20000,1407,0.45080406494406594,0.8028910849525698,11.332971201351729,16.39864158630371
1,6,poisson,1.2,1.8657,0.6006075079640179,0.507,37314,10140,nan,nan,nan,16.39864158630371
1,6,minvar,1.2,1.8555,0.5937470842439033,0.49765,37110,9953,nan,nan,nan,16.39864158630371
1,6,weighted,1.3,1.9107302526721035,0.6057514844991256,0.5040499956610963,20000,1280,0.40939393281511877,0.7804421651975649,12.738732284394569,16.39864158630371
1,6,poisson,1.3,1.9155,0.6119160550100758,0.51865,38310,10373,nan,nan,nan,16.39864158630371
1,6,minvar,1.3,1.9044,0.6046946707335192,0.51155,38088,10231,nan,nan,nan,16.39864158630371
1,6,weighted,1.4000000000000001,1.9578499520494028,0.614822832505762,0.5185285600664296,20000,1178,0.3714386619549343,0.7594560393791666,14.295622729656648,16.39864158630371
1,6,poisson,1.4000000000000001,1.95965,0.6199622990041689,0.52535,39193,10507,nan,nan,nan,16.39864158630371
1,6,minvar,1.4000000000000001,1.95265,0.6146871932800959,0.5236,39053,10472,nan,nan,nan,16.39864158630371
1,6,weighted,1.5,2.0014798693755944,0.6232643730565147,0.5311710961355673,20000,1088,0.3367423108094635,0.7393062044859433,16.327377595981705,16.39864158630371
1,6,poisson,1.5,2.0018,0.6273809291791672,0.53625,40036,10725,nan,nan,nan,16.39864158630371
1,6,minvar,1.5,1.9965,0.6218910988919802,0.52905,39930,10581,nan,nan,nan,16.39864158630371
1,6,weighted,1.6,2.0418275433101645,0.6307665791120979,0.53773439376161,20000,987,0.3050769953271764,0.7227849479216478,18.624970202819046,16.39864158630371
1,6,poisson,1.6,2.0414,0.6327571442057384,0.543,40828,10860,nan,nan,nan,16.39864158630371
1,6,minvar,1.6,2.03735,0.6279591881987208,0.5326,40747,10652,nan,nan,nan,16.39864158630371
1,6,weighted,1.7,2.079212718024144,0.6351360696199783,0.5466946588786639,20000,910,0.27625962510511737,0.7050626400487414,21.14017699650159,16.39864158630371
1,6,poisson,1.7,2.07415,0.6356037643807542,0.54745,41483,10949,nan,nan,nan,16.39864158630371
1,6,minvar,1.7,2.08095,0.6348823495501212,0.5401,41619,10802,nan,nan,nan,16.39864158630371
1,6,weighted,1.8,2.1139874167796497,0.6397838059600159,0.5544239017885698,20000,831,0.2500938411834257,0.6896651534191477,23.981279721196778,16.39864158630371
1,6,poisson,1.8,2.1071,0.6390220484597665,0.55305,42142,11061,nan,nan,nan,16.39864158630371
1,6,minvar,1.8,2.1141,0.6381812393351923,0.54235,42282,10847,nan,nan,nan,16.39864158630371
1,6,weighted,1.9000000000000001,2.1464537933865837,0.6430762463790499,0.5557350385023421,20000,756,0.22633801768562042,0.6719891904230976,27.134783281115315,16.39864158630371
1,6,poisson,1.9000000000000001,2.1375,0.640473781197246,0.5519,42750,11038,nan,nan,nan,16.39864158630371
1,6,minvar,1.9000000000000001,2.14605,0.6412644329971852,0.54335,42921,10867,nan,nan,nan,16.39864158630371
1,6,weighted,2.0,2.1767167103095852,0.6462929926948001,0.5553967835532763,20000,693,0.20472901153884987,0.6479892695278664,30.575531592616098,16.39864158630371
1,6,poisson,2.0,2.17695,0.6480203055607796,0.5596,43539,11192,nan,nan,nan,16.39864158630371
1,6,minvar,2.0,2.1776,0.6425918680113434,0.54425,43552,10885,nan,nan,nan,16.39864158630371
2,6,weighted,0.0,1.0,0.27026374630333505,0.15165,20000,3033,1.0,1.0,1.0,16.53712797164917
2,6,poisson,0.0,1.0,0.27026374630333505,0.15165,20000,3033,nan,nan,nan,16.53712797164917
2,6,minvar,0.0,1.0,0.27026374630333505,0.15165,20000,3033,nan,nan,nan,16.53712797164917
2,6,weighted,0.1,1.0718072653009831,0.3044229232546071,0.18415322965299427,20000,2955,0.992040755660899,0.9980687883221031,1.3512309309643922,16.53712797164917
2,6,poisson,0.1,1.06985,0.30344429459570244,0.18255,21397,3651,nan,nan,nan,16.53712797164917
2,6,minvar,0.1,1.07235,0.3048008656069911,0.18395,21447,3679,nan,nan,nan,16.53712797164917
2,6,weighted,0.2,1.1482140937109153,0.3397635079410688,0.22149667183363916,20000,2891,0.9686609452197841,0.9921429007502115,1.788626939326231,16.53712797164917
2,6,poisson,0.2,1.14585,0.3389640706307811,0.2204,22917,4408,nan,nan,nan,16.53712797164917
2,6,minvar,0.2,1.15155,0.34200349237654115,0.22435,23031,4487,nan,nan,nan,16.53712797164917
2,6,weighted,0.3,1.227731707364407,0.3752570999571044,0.25692950448617274,20000,2757,0.9318192957117296,0.9824925026180171,2.3123749381435905,16.53712797164917
2,6,poisson,0.3,1.2212,0.37154890389542894,0.252,24424,5040,nan,nan,nan,16.53712797164917
2,6,minvar,0.3,1.2304,0.37806579212559976,0.26425,24608,5285,nan,nan,nan,16.53712797164917
2,6,weighted,0.4,1.3086627743633825,0.4103361691361517,0.29383916572823565,20000,2629,0.8846204845009705,0.968987722851605,2.9254197922718395,16.53712797164917
2,6,poisson,0.4,1.30535,0.40750418179036957,0.2898,26107,5796,nan,nan,nan,16.53712797164917
2,6,minvar,0.4,1.31075,0.41349549531931334,0.3012,26215,6024,nan,nan,nan,16.53712797164917
2,6,weighted,0.5,1.389396555368779,0.4446202076131931,0.3352847571217934,20000,2539,0.8305691616797373,0.9520262530102077,3.6710125020563087,16.53712797164917
2,6,poisson,0.5,1.38575,0.439799199557647,0.32275,27715,6455,nan,nan,nan,16.53712797164917
2,6,minvar,0.5,1.38905,0.44627838436910205,0.33855,27781,6771,nan,nan,nan,16.53712797164917
2,6,weighted,0.6,1.4684442416053025,0.4760767228519152,0.368764722004882,20000,2371,0.7728768294892352,0.9345430167873204,4.5149961321536205,16.53712797164917
2,6,poisson,0.6,1.4645,0.4717461306423846,0.3583,29290,7166,nan,nan,nan,16.53712797164917
2,6,minvar,0.6,1.47275,0.4806864786803174,0.3771,29455,7542,nan,nan,nan,16.53712797164917
2,6,weighted,0.7000000000000001,1.544529583096254,0.5045634952302421,0.3986028693489183,20000,2199,0.7144050005716922,0.9153549141951794,5.422632846367803,16.53712797164917
2,6,poisson,0.7000000000000001,1.53865,0.499244265958829,0.3897,30773,7794,nan,nan,nan,16.53712797164917
2,6,minvar,0.7000000000000001,1.5462,0.5099986575019331,0.41145,30924,8229,nan,nan,nan,16.53712797164917
2,6,weighted,0.8,1.6167697767913087,0.5295967276363017,0.427566689069293,20000,2054,0.6571483885189809,0.8934670039384831,6.35763077624101,16.53712797164917
2,6,poisson,0.8,1.61145,0.5250905125915366,0.4172,32229,8344,nan,nan,nan,16.53712797164917
2,6,minvar,0.8,1.6146,0.5343217608079496,0.436,32292,8720,nan,nan,nan,16.53712797164917
2,6,weighted,0.9,1.6846728680213066,0.5513959579623501,0.4556648052673998,20000,1929,0.6023720159062512,0.86930173267164,7.474349509472733,16.53712797164917
2,6,poisson,0.9,1.68195,0.5492314559854993,0.4463,33639,8926,nan,nan,nan,16.53712797164917
2,6,minvar,0.9,1.68075,0.5559193022977336,0.4638,33615,9276,nan,nan,nan,16.53712797164917
2,6,weighted,1.0,1.7479848983322162,0.5696533416322396,0.4792582879728543,20000,1796,0.5507424869320553,0.8451765464377718,8.833392227545026,16.53712797164917
2,6,poisson,1.0,1.7447,0.5684560964913953,0.4689,34894,9378,nan,nan,nan,16.53712797164917
2,6,minvar,1.0,1.74495,0.5783197939384784,0.48745,34899,9749,nan,nan,nan,16.53712797164917
2,6,weighted,1.1,1.8067792345098583,0.5851993265063735,0.4947643381465899,20000,1632,0.5026310649038467,0.8249591269229484,10.266414583568492,16.53712797164917
2,6,poisson,1.1,1.80295,0.5837954309833467,0.48895,36059,9779,nan,nan,nan,16.53712797164917
2,6,minvar,1.1,1.80305,0.5958241719482894,0.50855,36061,10171,nan,nan,nan,16.53712797164917
2,6,weighted,1.2,1.8612052971387747,0.5987428106695079,0.5081323282338425,20000,1503,0.4580146651256707,0.8018403089518458,11.767995825528102,16.53712797164917
2,6,poisson,1.2,1.86105,0.5984773576826535,0.5066,37221,10132,nan,nan,nan,16.53712797164917
2,6,minvar,1.2,1.85825,0.6104284822538903,0.5224,37165,10448,nan,nan,nan,16.53712797164917
2,6,weighted,1.3,1.9115836283736691,0.6092642243612584,0.523658491009853,20000,1384,0.4169082950457907,0.7814711708401558,13.433223035834047,16.53712797164917
2,6,poisson,1.3,1.9102,0.6110198517963273,0.5206,38204,10412,nan,nan,nan,16.53712797164917
2,6,minvar,1.3,1.90605,0.620246092211681,0.53205,38121,10641,nan,nan,nan,16.53712797164917
2,6,weighted,1.4000000000000001,1.9582647801284319,0.6167109601404801,0.5266400959234652,20000,1254,0.37913664572750966,0.7590741006521258,15.355836037644597,16.53712797164917
2,6,poisson,1.4000000000000001,1.9575,0.6200344977437209,0.52985,39150,10597,nan,nan,nan,16.53712797164917
2,6,minvar,1.4000000000000001,1.95155,0.6300485221219152,0.5413,39031,10826,nan,nan,nan,16.53712797164917
2,6,weighted,1.5,2.0017088027185856,0.6228880569098868,0.5322344980090358,20000,1133,0.3443632381388359,0.7405884228534543,17.802947610893042,16.53712797164917
2,6,poisson,1.5,2.00025,0.6259008730916641,0.5362,40005,10724,nan,nan,nan,16.53712797164917
2,6,minvar,1.5,1.9902,0.6353674334196278,0.5478,39804,10956,nan,nan,nan,16.53712797164917
2,6,weighted,1.6,2.042166452874135,0.6288828654892755,0.5333625111973571,20000,1024,0.31239386932004826,0.7196772742395069,20.620018746137543,16.53712797164917
2,6,poisson,1.6,2.0407,0.6314674839741203,0.5438,40814,10876,nan,nan,nan,16.53712797164917
2,6,minvar,1.6,2.02775,0.6404844081722068,0.5536,40555,11072,nan,nan,nan,16.53712797164917
2,6,weighted,1.7,2.0797730061393462,0.6340786341283067,0.5394604092502495,20000,924,0.2830641992119266,0.7040141564473132,23.754423623188018,16.53712797164917
2,6,poisson,1.7,2.07895,0.6373151667317987,0.5512,41579,11024,nan,nan,nan,16.53712797164917
2,6,minvar,1.7,2.06295,0.6454724812054016,0.5609,41259,11218,nan,nan,nan,16.53712797164917
2,6,weighted,1.8,2.1148901929098516,0.6362164291036949,0.5287347000267144,20000,822,0.2560967623953234,0.6831148473908742,27.25500458424261,16.53712797164917
2,6,poisson,1.8,2.11155,0.6392705713122041,0.549,42231,10980,nan,nan,nan,16.53712797164917
2,6,minvar,1.8,2.102,0.6515358306675397,0.56915,42040,11383,nan,nan,nan,16.53712797164917
2,6,weighted,1.9000000000000001,2.147820199524058,0.6394117931836995,0.5276991487587234,20000,735,0.23141335562734294,0.6610788623661884,31.290340537010387,16.53712797164917
2,6,poisson,1.9000000000000001,2.1446,0.6420522656033584,0.552,42892,11040,nan,nan,nan,16.53712797164917
2,6,minvar,1.9000000000000001,2.1383,0.6575118192337838,0.578,42766,11560,nan,nan,nan,16.53712797164917
2,6,weighted,2.0,2.1787340641856967,0.6415316149873102,0.5328526269164673,20000,664,0.208772541895967,0.6477181292486486,36.056761774097914,16.53712797164917
2,6,poisson,2.0,2.17385,0.6458218920973265,0.5538,43477,11076,nan,nan,nan,16.53712797164917
2,6,minvar,2.0,2.1674,0.6597456197434036,0.57905,43348,11581,nan,nan,nan,16.53712797164917
