n,t,S_L2,S_core,peak,umin,mass_u,peak_v,mass_v,xc,yc,R_0_5,R_0_8
256,0.0,114.86813807613115,114.86813807611772,839.4618423845983,6.700937959818698e-16,31.415926530189292,419.8654390406117,31.4156382979302,1.14245279602172e-19,0.0,0.09115048351232839,0.13868562871934947
256,5.012531328320803e-07,116.14066389788117,116.14066389785732,869.0458012292323,6.870164216535872e-16,31.41592653018929,419.8303177767425,31.41563829807468,4.666347299463961e-19,0.0,0.08963120238737317,0.13735899197279094
256,1.0025062656641605e-06,117.44384736630822,117.44384736626795,899.6475052127751,7.038070834270571e-16,31.415926530189285,419.7952173175897,31.415638298219157,-1.4210932895773356e-19,0.0,0.08843149548962322,0.13601941676937618
256,1.5037593984962408e-06,118.7780642849599,118.7780642849094,931.3003376325441,7.204777024150902e-16,31.415926530189296,419.76013816505196,31.41563829836364,1.4314304209325611e-18,0.0,0.0879123237103664,0.13545735065937267
256,2.005012531328321e-06,120.14369133879514,120.14369133870888,964.0386617767916,7.370396573978459e-16,31.41592653018929,419.7250808370894,31.415638298508114,-1.738563846285531e-19,0.0,0.08651263511855509,0.13409878042009274
256,2.5062656641604014e-06,121.54110611631177,121.54110611619211,997.897842170838,7.535037852756539e-16,31.415926530189296,419.690045868157,31.41563829865259,-5.786478351735886e-19,0.0,0.08526906231618388,0.13329988695899653
256,3.0075187969924816e-06,122.97068713005713,122.97068712986241,1032.9142657304205,7.698803884232161e-16,31.41592653018929,419.65503380964464,31.415638298797063,-2.4429664085034003e-20,0.0,0.08418852368067307,0.1320347170402779
256,3.508771929824562e-06,124.43281383492003,124.43281383463365,1069.125362779379,7.861792471795224e-16,31.415926530189292,419.62004523032516,31.415638298941545,4.566502049075444e-19,0.0,0.08309393510227597,0.13099048935240012
256,4.010025062656642e-06,125.92786664360511,125.92786664320766,1106.5696278857286,8.024096360676407e-16,31.415926530189292,419.5850807168074,31.415638299086016,4.710883969539451e-19,0.0,0.08198473383521623,0.13017252111680963
256,4.511278195488723e-06,127.45622693869755,127.45622693799359,1145.2866404669592,8.185803426294678e-16,31.41592653018929,419.5501408739957,31.415638299230498,-5.983634503806331e-19,0.0,0.08123685290267743,0.1286396390630868
256,5.012531328320803e-06,129.01827708073222,129.01827707962346,1185.3170851123118,8.346996879955738e-16,31.41592653018929,419.51522632555543,31.415638299374972,-2.642046627732939e-19,0.0,0.08029220621521276,0.12744795391465197
256,5.5137844611528826e-06,130.61440041169234,130.6144004103322,1226.7027715666259,8.507755484999652e-16,31.415926530189292,419.48033771438304,31.415638299519447,1.4831555644455756e-19,0.0,0.07952841043555599,0.12696814814957036
256,6.015037593984963e-06,132.24498125337385,132.24498125097261,1269.4866543171167,8.668153778024823e-16,31.415926530189292,419.445475703081,31.415638299663925,6.81695087395429e-19,0.0,0.0777824521552339,0.1253961009318322
256,6.516290726817044e-06,133.91040490006378,133.9104048966453,1313.7128517213457,8.828262291045754e-16,31.415926530189292,419.4106409744373,31.4156382998084,-1.6161065888388058e-19,0.0,0.07679532520053711,0.1244188149111952
256,7.017543859649124e-06,135.61105760499694,135.6110575998739,1359.4266646114725,8.98814777142983e-16,31.41592653018929,419.3758342319079,31.41563829995288,-4.0181819758362086e-19,0.0,0.07619691094973109,0.12331011029425466
256,7.518796992481204e-06,137.34732656006872,137.34732655288082,1406.674594306709,9.147873397249596e-16,31.415926530189292,419.34105620010274,31.415638300097353,-4.7484554927197575e-20,0.0,0.07478199109014315,0.12231615868633731
256,8.020050125313284e-06,139.11959986830018,139.11959985715484,1455.5043599628937,9.307498986318606e-16,31.415926530189292,419.3063076252738,31.41563830024183,-4.81518667721794e-19,0.0,0.07437278423695223,0.12106224388524793
256,8.521303258145365e-06,140.928266508568,140.9282664922288,1505.9649151850126,9.467081197681373e-16,31.41592653018929,419.2715892758049,31.41563830038631,-2.3413555213052426e-19,0.0,0.07292247930700965,0.11992251119538087
256,9.022556390977446e-06,142.77371629213047,142.77371627056874,1558.1064638255552,9.626673724725622e-16,31.415926530189292,419.2369019427026,31.415638300530784,4.583036060775776e-19,0.0,0.07229201376297557,0.11915663314585659
256,9.523809523809525e-06,144.65633981049987,144.65633977894643,1611.980474888839,9.786327479397957e-16,31.415926530189292,419.2022464400871,31.415638300675262,-1.190102841846178e-19,0.0,0.07101429282303845,0.1179984958358845
256,1.0025062656641605e-05,146.57652837423046,146.576528322208,1667.6396964585654,9.946090767248658e-16,31.415926530189292,419.1676236056824,31.415638300819733,-1.7545056063012987e-19,0.0,0.06993169449206312,0.11656736962013105
256,1.0526315789473686e-05,148.53467394221246,148.5346738721796,1725.1381685633846,1.0106009453220571e-15,31.415926530189292,419.13303430130526,31.415638300964208,-3.591488210664399e-19,0.0,0.06905339660024878,0.1156474323678708
256,1.1027568922305765e-05,150.531169041081,150.53116893708727,1784.5312348927737,1.0266127118241914e-15,31.41592653018929,419.09847941335096,31.415638301108686,-1.307823316948496e-18,0.0,0.0683872710937953,0.11445379159362197
256,1.1528822055137846e-05,152.56640667437264,152.56640653029405,1845.8755532732844,1.0426485206792043e-15,31.41592653018929,419.0639598532763,31.415638301253164,-5.659342508392795e-19,0.0,0.06726240374110376,0.11338222870078118
256,1.2030075187969927e-05,154.64078022107986,154.64078000665393,1909.2291048132283,1.0587123165689792e-15,31.415926530189292,419.0294765580775,31.41563830139764,1.3359547011396648e-19,0.0,0.06634878027915246,0.11216448449500961
256,1.2531328320802007e-05,156.75468332327847,156.75468303516496,1974.6512016220354,1.0748078574411859e-15,31.415926530189296,418.99503049076276,31.415638301542113,-3.3465751295204594e-19,0.0,0.0656552199764516,0.11134525635733769
256,1.3032581453634088e-05,158.90850976252293,158.90850933397144,2042.2024930090467,1.0909387267288439e-15,31.41592653018929,418.96062264081775,31.41563830168659,-4.1528459174318897e-19,0.0,0.06448271101257491,0.10996631453327536
256,1.3533834586466167e-05,161.10265332472747,161.1026527402686,2111.9449700652126,1.1071083447948806e-15,31.415926530189292,418.9262540246633,31.415638301831066,-5.65845688522835e-19,0.0,0.0637688582707598,0.1088505843210373
256,1.4035087719298248e-05,163.33750765327324,163.33750687063016,2183.941968530339,1.1233199796403803e-15,31.41592653018929,418.8919256861036,31.41563830197554,-1.4603449429680523e-18,0.0,0.06231662552165553,0.10786485368346935
256,1.4536340852130328e-05,165.613466090105,165.61346498078134,2258.2581698478652,1.1395767569157791e-15,31.415926530189296,418.85763869676384,31.415638302120012,7.532470433666403e-19,0.0,0.06207128352371369,0.10672715697120508
256,1.5037593984962407e-05,167.93092150460396,167.93092002046316,2334.9596003091224,1.1558816692741557e-15,31.41592653018929,418.8233941565158,31.41563830226449,4.603656828378945e-19,0.0,0.060829732431239986,0.10572162970878404
256,1.553884711779449e-05,170.2902661100473,170.2902639843251,2414.1136281890995,1.1722375851051454e-15,31.41592653018929,418.7891931938903,31.415638302408965,2.84338487696314e-21,0.0,0.06057836882527665,0.10441458128612234
256,1.604010025062657e-05,172.69189126748967,172.69188860112877,2495.788958776519,1.1886472566870163e-15,31.415926530189292,418.75503696647445,31.415638302553443,-1.21819520748036e-18,0.0,0.05930557207300381,0.10353404906795759
256,1.6541353383458648e-05,175.13618727692705,175.13618378810096,2580.0556272020563,1.2051133277931823e-15,31.415926530189292,418.72092666129254,31.415638302697918,-8.302279696160803e-19,0.0,0.058267319883501166,0.10249720127657755
256,1.704260651629073e-05,177.62354315562845,177.62353803283395,2666.984988970253,1.2216383407879695e-15,31.415926530189296,418.68686349516895,31.41563830284239,4.98930563013351e-19,0.0,0.05747632409985219,0.1011484951267504
256,1.754385964912281e-05,180.15434640354889,180.15433980013054,2756.6497081026337,1.2382247432448756e-15,31.415926530189296,418.6528487150718,31.415638302986867,2.643760415058837e-19,0.0,0.05694288959809864,0.10008693730717935
256,1.804511278195489e-05,182.72898275576264,182.7289743373012,2849.1237428023674,1.2548748941189093e-15,31.41592653018929,418.6188835984348,31.41563830313134,4.446112641030717e-19,0.0,0.055860740804980824,0.09916798652176644
256,1.854636591478697e-05,185.34783592188603,185.34782485457202,2944.482328553799,1.271591069502913e-15,31.415926530189292,418.58496945345684,31.415638303275813,-5.932493384888687e-19,0.0,0.05531172757229022,0.09808499632413843
256,1.904761904761905e-05,188.01128731248647,188.0112722503053,3042.8019585741426,1.2883754679960792e-15,31.41592653018929,418.5511076193762,31.415638303420288,2.0313600593723846e-19,0.0,0.05447783469133341,0.09683246293937922
256,1.9548872180451132e-05,190.71971575250652,190.71969740326054,3144.160361538739,1.3052302157112177e-15,31.41592653018929,418.5172994667192,31.415638303564762,-7.533677751548911e-19,0.0,0.05363097741307024,0.09588232584869982
256,2.005012531328321e-05,193.47349718176105,193.47347458406702,3248.636476506491,1.3221573709456906e-15,31.415926530189296,418.48354639752006,31.41563830370924,-2.93799948823979e-20,0.0,0.05305889729377392,0.09492267875174115
256,2.055137844611529e-05,196.27300434260107,196.27297468399996,3356.310424977319,1.3391589285393744e-15,31.415926530189292,418.44984984551127,31.415638303853715,-1.023942501637798e-18,0.0,0.05277053158635272,0.09379068127767945
256,2.1052631578947372e-05,199.11860645486846,199.1185683083726,3467.2634800198416,1.3562368239414811e-15,31.415926530189296,418.41621127628184,31.415638303998186,1.8216551000756804e-19,0.0,0.05160095630321448,0.09264485332524548
256,2.155388471177945e-05,202.01066887830282,202.01062351069285,3581.5780324141033,1.3733929370066404e-15,31.415926530189292,418.3826321874024,31.41563830414266,2.435911918649103e-19,0.0,0.05040424961157789,0.09181765057455593
256,2.205513784461153e-05,204.94955276259796,204.94949180522244,3699.3375537616357,1.39062909553926e-15,31.41592653018929,418.3491141085148,31.415638304287135,-2.0572816930720632e-19,0.0,0.04979511243742954,0.09047839704609742
256,2.2556390977443613e-05,207.93561468534156,207.9355318662653,3820.6265565228787,1.4079470786038908e-15,31.415926530189292,418.31565860138437,31.41563830443161,-4.681281962556519e-20,0.0,0.04917843090630536,0.08894763700574766
256,2.305764411027569e-05,210.96920627811244,210.96911787446993,3945.5305509506748,1.425348619618088e-15,31.415926530189292,418.28226725991357,31.41563830457608,9.333284764784646e-20,0.0,0.048867171887487515,0.08843149548962322
256,2.3558897243107774e-05,214.05067384104808,214.05057264036455,4074.135998897602,1.4428354092431132e-15,31.415926530189296,418.2489417101148,31.415638304720556,-9.378965178191166e-19,0.0,0.048238629043861204,0.08773858377037579
256,2.4060150375939853e-05,217.18035794623768,217.18022334321722,4206.530264484455,1.4604090980867324e-15,31.41592653018929,418.21568361004057,31.415638304865027,-1.0270906049803672e-18,0.0,0.04695630968816917,0.08633607853632946
256,2.4561403508771932e-05,220.3585930303379,220.3584257084141,4342.801561627309,1.4780712992313571e-15,31.415926530189292,418.18249464966976,31.415638305009505,-4.349266839873371e-19,0.0,0.04630183434035038,0.08508992543278111
256,2.5062656641604014e-05,223.5857069768517,223.58551496053667,4483.038898431397,1.4958235905998217e-15,31.415926530189296,418.1493765507479,31.41563830515398,-9.696338330441925e-19,0.0,0.04530239650290313,0.08418852368067307
256,2.5563909774436093e-05,226.86202068855633,226.86178966896244,4627.33201847078,1.5136675171702099e-15,31.415926530189292,418.11633106657985,31.415638305298454,-5.739248079792581e-19,0.0,0.04496431419227085,0.08309393510227597
256,2.6065162907268176e-05,230.18784765061125,230.18757130522366,4775.771338984553,1.531604593050319e-15,31.415926530189296,418.08335998177364,31.41563830544293,-5.620126266763667e-19,0.0,0.04462367054217134,0.08198473383521623
256,2.6566416040100255e-05,233.56349348492265,233.56318091560334,4928.447886031792,1.5496363034215798e-15,31.41592653018929,418.05046511193365,31.415638305587404,7.635988417530882e-21,0.0,0.04428040644044779,0.08123685290267743
256,2.7067669172932334e-05,236.98925549638963,236.98889646612633,5085.453226659963,1.5677641063615403e-15,31.41592653018929,418.01764830330177,31.415638305731875,-4.03827829967285e-19,0.0,0.042879879687695605,0.08029220621521276
256,2.7568922305764416e-05,240.46542221170284,240.46502811937052,5246.879398153472,1.585989434553361e-15,31.41592653018928,417.9849114323454,31.415638305876346,7.991087236462077e-19,0.0,0.04216217411117754,0.07952841043555599
256,2.8070175438596495e-05,243.9922729114156,243.99177367118025,5412.818834441803,1.6043136968901448e-15,31.415926530189292,417.95225640529065,31.41563830602082,-7.207892760063046e-19,0.0,0.04179870031061073,0.07797837803780129
256,2.8571428571428574e-05,247.57007715605434,247.56953475404976,5583.364289759215,1.6227382799813692e-15,31.415926530189292,417.91968515759976,31.41563830616529,-3.2208407670675087e-19,0.0,0.04143203796014927,0.0773891123287459
256,2.9072681704260657e-05,251.19909430708316,251.19847545919177,5758.6087596606685,1.6412645495681465e-15,31.41592653018929,417.88719965339214,31.415638306309763,-1.2457820174036221e-18,0.0,0.041062101643805936,0.07639690318596853
256,2.9573934837092736e-05,254.8795730435851,254.8788766847649,5938.645399511351,1.6598938518535543e-15,31.415926530189296,417.8548018848072,31.41563830645424,-5.246683301661931e-19,0.0,0.03954776705335271,0.07539163697507337
256,3.0075187969924815e-05,258.61175087556916,258.6109628095311,6123.567440579805,1.6786275147538252e-15,31.4159265301893,417.8224938713089,31.415638306598716,-1.147292766984611e-18,0.0,0.03954776705335271,0.07437278423695223
256,3.0576441102756894e-05,262.39585365485755,262.39493077535616,6313.468103876806,1.6974668490757616e-15,31.41592653018929,417.7902776589309,31.41563830674319,-1.2123122415509134e-18,0.0,0.03876842429937345,0.07313142666737912
256,3.107769423558898e-05,266.2320950845536,266.2311078866707,6508.440511894567,1.716413149625355e-15,31.415926530189285,417.7581553194623,31.41563830688766,-7.356307776760251e-19,0.0,0.03837281778200879,0.07250277809871322
256,3.157894736842106e-05,270.1206762281322,270.1196339109267,6708.577598412446,1.7354676962522262e-15,31.41592653018929,417.72612894957246,31.415638307032133,-1.339272009551828e-18,0.0,0.03756910949545184,0.07186863083193007
256,3.208020050125314e-05,274.061785019239,274.0605680330916,6913.972016546678,1.7546317548341782e-15,31.41592653018929,417.69420066987647,31.415638307176607,-1.1648635468177205e-18,0.0,0.03756910949545184,0.0705832460921588
256,3.2581453634085216e-05,278.0555957733201,278.05419298884885,7124.716045232836,1.77390657820583e-15,31.415926530189292,417.66237262393906,31.415638307321075,-1.366838650507259e-18,0.0,0.037160737481329,0.06927401504284453
256,3.3082706766917295e-05,282.1022687022455,282.10087367621105,7340.901494339766,1.7932934070350325e-15,31.415926530189292,417.6306469772187,31.41563830746555,-1.3014157217084686e-18,0.0,0.03633022507370757,0.06905339660024878
256,3.358395989974938e-05,286.2019494331204,286.2003788657514,7562.619608623379,1.8127934706504905e-15,31.415926530189296,417.5990259159512,31.415638307610024,-1.132148198232509e-18,0.0,0.035907766232129365,0.06793955910518003
256,3.408521303258146e-05,290.35476853251134,290.3530102798514,7789.960970737873,1.8324079878237746e-15,31.415926530189296,417.5675116459736,31.415638307754495,-1.9985471792053173e-18,0.0,0.03460946317708857,0.06680715381440262
256,3.458646616541354e-05,294.5608410373437,294.5589067261919,8023.015403530012,1.852138167508688e-15,31.415926530189296,417.5361063914886,31.415638307898966,-1.0151859754439087e-18,0.0,0.03460946317708857,0.06588721794309765
256,3.508771929824562e-05,298.8202659937473,298.8182512726113,8261.87187184919,1.8719852095407287e-15,31.415926530189292,417.504812393771,31.41563830804344,-1.595558038190551e-18,0.0,0.03416573375885918,0.06518874714171342
256,3.55889724310777e-05,303.13312600515184,303.13101112313456,8506.618384112726,1.8919503052992156e-15,31.415926530189285,417.4736319098156,31.415638308187916,-1.7173539684931398e-18,0.0,0.03371616504225013,0.06448271101257491
256,3.609022556390978e-05,307.49948679094837,307.4972801723035,8757.341893870855,1.9120346383344436e-15,31.415926530189292,417.4425672109298,31.415638308332383,-1.3037968223398398e-18,0.0,0.033260520245950005,0.0637688582707598
256,3.659147869674186e-05,311.91939675704253,311.91682960740025,9014.12820162056,1.9322393849620894e-15,31.415926530189292,417.41162058127003,31.415638308476854,-1.777662711758512e-18,0.0,0.033260520245950005,0.06231662552165553
256,3.709273182957394e-05,316.392886579637,316.39037710362595,9277.06185712039,1.9525657148269244e-15,31.415926530189292,417.380794316325,31.41563830862133,-1.0697939117865438e-18,0.0,0.03232997140087275,0.06207128352371369
256,3.759398496240602e-05,320.91996880357704,320.91714285474285,9546.226062460608,1.973014791437746e-15,31.415926530189292,417.35009072134665,31.415638308765796,-7.903900385656611e-19,0.0,0.03232997140087275,0.060829732431239986
256,3.80952380952381e-05,325.50063745659463,325.497876680349,9821.702576144158,1.9935877726753217e-15,31.415926530189292,417.31951210973074,31.41563830891027,-2.132123793970445e-18,0.0,0.030881617775081832,0.06057836882527665
256,3.859649122807018e-05,330.1348676807735,330.13177145087224,10103.571618433483,2.0142858112750026e-15,31.415926530189292,417.2890608013493,31.415638309054746,-2.0741756404903222e-18,0.0,0.03088161777508183,0.05930557207300381
256,3.9097744360902264e-05,334.8226153825472,334.81935712599324,10391.911778217047,2.0351100552855562e-15,31.415926530189296,417.2587391208369,31.415638309199213,-1.4125035098914686e-18,0.0,0.03088161777508183,0.05852860962410819
256,3.959899749373434e-05,339.56381690251845,339.5604969709428,10686.799921646681,2.0560616485056693e-15,31.415926530189292,417.2285493958327,31.415638309343688,-2.669786512940947e-18,0.0,0.02987706746245773,0.05800485314420897
256,4.010025062656642e-05,344.3583887063653,344.3548349031879,10988.311102792983,2.077141730899467e-15,31.41592653018929,417.198493955182,31.41563830948816,-1.3747750234350958e-18,0.0,0.029877067462457725,0.05694288959809864
256,4.06015037593985e-05,349.20622709806514,349.20269031114657,11296.518476561288,2.0983514389923028e-15,31.41592653018929,417.16857512709805,31.41563830963263,-1.5900557646401689e-18,0.0,0.029361906989009586,0.05667428956463636
256,4.110275689223058e-05,354.1072079566319,354.1033816168129,11611.493214104097,2.1196919062480016e-15,31.415926530189296,417.13879523728826,31.415638309777098,-1.4299346978563207e-18,0.0,0.029361906989009586,0.055586911995147294
256,4.1604010025062666e-05,359.0611864975175,359.0572669707087,11933.304420958608,2.141164263428646e-15,31.41592653018929,417.10915660704757,31.415638309921576,-1.4548826490188057e-18,0.0,0.02883754503951836,0.05503516720158348
256,4.2105263157894745e-05,364.0679970597786,364.06366056048256,12262.019058129741,2.162769638937937e-15,31.415926530189296,417.07966155132124,31.41563831006605,-1.8200042130070132e-18,0.0,0.0277591218819373,0.05363097741307024
256,4.2606516290726824e-05,369.12745292005536,369.123159089057,12597.701866329053,2.1845091591490844e-15,31.415926530189296,417.0503123767412,31.415638310210515,-1.6959161146547947e-18,0.0,0.027759121881937295,0.05334570423338931
256,4.31077694235589e-05,374.2393461343484,374.23500282343707,12940.41529356958,2.2063839487181234e-15,31.415926530189292,417.02111137963834,31.41563831035499,-2.3677731385351044e-18,0.0,0.027203883353875233,0.05277053158635272
256,4.360902255639098e-05,379.40344740851185,379.3991247363441,13290.21942630473,2.228395130883499e-15,31.415926530189292,416.9920608440347,31.415638310499457,-2.6207291294521627e-18,0.0,0.02720388335387523,0.052480581416189075
256,4.411027568922306e-05,384.61950599831187,384.6149861599243,13647.17192428702,2.2505438277527003e-15,31.415926530189292,416.96316303961856,31.415638310643928,-2.0284154838696203e-18,0.0,0.026057937625246747,0.05160095630321448
256,4.4611528822055146e-05,389.8872496398215,389.88232171402115,14011.327959308523,2.2728311605766783e-15,31.415926530189292,416.93442021970617,31.415638310788403,-1.8977895638583967e-18,0.0,0.026057937625246743,0.05040424961157789
256,4.5112781954887225e-05,395.2063845108424,395.20133646517974,14382.740157971532,2.2952582500127437e-15,31.415926530189292,416.9058346191941,31.41563831093287,-2.438973355227845e-18,0.0,0.02546563439532285,0.04979511243742954
256,4.5614035087719304e-05,400.5765952239579,400.57148055964075,14761.458548622328,2.3178262163765807e-15,31.415926530189285,416.87740845250465,31.41563831107734,-2.8296050042724474e-18,0.0,0.025465634395322848,0.04917843090630536
256,4.611528822055138e-05,405.99754485173315,405.9924903904976,15147.530512565225,2.3405361798839872e-15,31.415926530189292,416.8491439115294,31.415638311221816,-2.637762079399748e-18,0.0,0.025465634395322848,0.048867171887487515
256,4.661654135338346e-05,411.46887498448524,411.4637596518967,15541.000739658315,2.3633892608829086e-15,31.415926530189292,416.82104316357334,31.415638311366283,-2.542397621243025e-18,0.0,0.02546563439532284,0.048238629043861204
256,4.711779448621555e-05,416.9902058209481,416.98449655322895,15941.911188376134,2.3863865800762986e-15,31.415926530189292,416.79310834930453,31.415638311510754,-1.5900727787419671e-18,0.0,0.02485922277608956,0.04695630968816917
256,4.761904761904763e-05,422.5611362920597,422.5553039510251,16350.301050406659,2.409529258736303e-15,31.415926530189292,416.7653415807119,31.415638311655226,-1.6924977213481432e-18,0.0,0.02485922277608956,0.04630183434035038
256,4.8120300751879706e-05,428.1812442179992,428.1754406665531,16766.206719833583,2.4328184189102433e-15,31.415926530189285,416.7377449390752,31.415638311799693,-2.7691565726641376e-18,0.0,0.023599699167176903,0.04597110271851492
256,4.8621553884711785e-05,433.85008649849283,433.8442018469868,17189.661766937035,2.456255183618838e-15,31.41592653018929,416.7103204729514,31.415638311944164,-2.9523546820286447e-18,0.0,0.023599699167176896,0.04530239650290313
256,4.9122807017543864e-05,439.5671993363113,439.56134793230444,17620.69691662914,2.4798406770470727e-15,31.41592653018929,416.68307019618055,31.415638312088632,-2.1038658047606053e-18,0.0,0.022269051271467544,0.04496431419227085
256,4.962406015037595e-05,445.33209849376885,445.32632982102837,18059.34003152272,2.503576024728117e-15,31.41592653018929,416.6559960859143,31.415638312233106,-2.4038291938308077e-18,0.0,0.02226905127146754,0.04462367054217134
256,5.012531328320803e-05,451.144279581933,451.1377945851395,18505.616099614672,2.5274623537206512e-15,31.41592653018929,416.62910008067183,31.415638312377574,-2.4834225871534738e-18,0.0,0.022269051271467537,0.04323426488511456
256,5.062656641604011e-05,457.0032183821491,456.9968902155299,18959.54722654834,2.5515007927799498e-15,31.415926530189296,416.60238407842587,31.415638312522045,-2.838133279601251e-18,0.0,0.022269051271467537,0.042879879687695605
256,5.112781954887219e-05,462.9083711993769,462.9017030445397,19421.15263240285,2.5756924725230464e-15,31.415926530189285,416.5758499347217,31.415638312666516,-2.6144586829465422e-18,0.0,0.022269051271467537,0.04216217411117754
256,5.1629072681704266e-05,468.8591752467353,468.85270577473716,19890.44865294036,2.6000385255882873e-15,31.415926530189296,416.549499460834,31.415638312810987,-3.2371794161006445e-18,0.0,0.022269051271467534,0.04179870031061073
256,5.213032581453635e-05,474.85504906055104,474.8486115294316,20367.44874522771,2.624540086789565e-15,31.41592653018929,416.52333442196283,31.41563831295546,-2.78866481770611e-18,0.0,0.021572970736693873,0.04143203796014927
256,5.263157894736843e-05,480.8953929451071,480.8889898906668,20852.163497531776,2.6491982932654996e-15,31.415926530189292,416.4973565354734,31.415638313099922,-3.011224478081294e-18,0.0,0.02157297073669387,0.041062101643805936
256,5.313283208020051e-05,486.97958944619177,486.97353572266303,21344.600643375215,2.6740142846238304e-15,31.415926530189292,416.4715674691815,31.415638313244397,-3.3989579865940156e-18,0.0,0.02157297073669387,0.041062101643805936
256,5.363408521303259e-05,493.10700385245525,493.09999054138916,21844.765079624085,2.698989203081259e-15,31.41592653018929,416.4459688396883,31.415638313388868,-3.3628120868354267e-18,0.0,0.021572970736693866,0.03954776705335271
256,5.413533834586467e-05,499.27698472349545,499.2703562050812,22352.658888466445,2.724124193598969e-15,31.41592653018929,416.4205622107664,31.415638313533332,-3.107599438779146e-18,0.0,0.02010865261911524,0.03954776705335271
256,5.463659147869675e-05,505.48886444350586,505.48150443995956,22868.281363128044,2.749420404014047e-15,31.415926530189296,416.3953490918,31.4156383136778,-2.9325047281950938e-18,0.0,0.020108652619115236,0.03837281778200879
256,5.513784461152883e-05,511.74195979924184,511.73438653729943,23391.62903716091,2.774878985167e-15,31.415926530189292,416.3703309362824,31.415638313822278,-3.575899251765692e-18,0.0,0.020108652619115232,0.03756910949545185
256,5.563909774436091e-05,518.0355725809852,518.0284164884197,23922.69571712903,2.80050109102557e-15,31.4159265301893,416.34550914037123,31.415638313966742,-3.3552709692321865e-18,0.0,0.019334951048069662,0.03756910949545184
256,5.614035087719299e-05,524.3689902051182,524.3622266554503,24461.47251850702,2.8262878788050264e-15,31.415926530189296,416.32088504150533,31.41563831411121,-2.7923394819098908e-18,0.0,0.019334951048069655,0.03756910949545184
256,5.664160401002507e-05,530.7414863568515,530.7347194315597,25007.94790459766,2.852240509085107e-15,31.415926530189292,416.2964599170845,31.41563831425568,-3.4083785831864856e-18,0.0,0.0185289706650491,0.037160737481329
256,5.714285714285715e-05,537.1523216515981,537.1451313123711,25562.107728268835,2.878360145923773e-15,31.415926530189285,416.27223498321337,31.41563831440015,-3.724236077483122e-18,0.0,0.0185289706650491,0.03633022507370756
256,5.7644110275689234e-05,543.6007443134251,543.5935367610242,26123.93527630167,2.904647956967935e-15,31.41592653018929,416.2482113935117,31.41563831454462,-2.9830565641330423e-18,0.0,0.018528970665049098,0.035907766232129365
256,5.814536340852131e-05,550.0859908689775,550.0791779872545,26693.411316138554,2.931105113561293e-15,31.41592653018929,416.2243902379927,31.41563831468909,-3.1451144738743518e-18,0.0,0.018528970665049098,0.035907766232129365
256,5.864661654135339e-05,556.6072868552222,556.5995395404123,27270.51414481411,2.9577327908494327e-15,31.415926530189292,416.2007725420092,31.415638314833558,-3.505393607103879e-18,0.0,0.018528970665049094,0.03460946317708857
256,5.914786967418547e-05,563.163847539331,563.1560415359007,27855.21963984899,2.98453216788231e-15,31.415926530189292,416.1773592652709,31.415638314978025,-3.3734249796473084e-18,0.0,0.017686299097924647,0.03416573375885918
256,5.964912280701755e-05,569.7548786489945,569.7469846670825,28447.50131188506,3.011504427714243e-15,31.415926530189292,416.15415130093174,31.415638315122493,-2.953753860691451e-18,0.0,0.017686299097924647,0.03371616504225013
256,6e-05,574.3885784266269,574.3809905180096,28866.69942925946,3.030491006168301e-15,31.415926530189296,416.13803129250897,31.41563831522362,-3.266316973814513e-18,0.0,0.017686299097924643,0.03371616504225013
256,6.015037593984963e-05,576.3788906459316,576.3714294508952,29047.93574993326,3.0386648538921216e-15,31.415926530189292,416.13116613006775,31.41563831526696,-3.317367747176902e-18,0.0,0.017686299097924643,0.03371616504225013
256,6.0651629072681715e-05,583.0363799569483,583.0289070493924,29655.271925283658,3.065986541248917e-15,31.41592653018929,416.10837125570833,31.415638315411428,-3.1433496228499522e-18,0.0,0.017686299097924643,0.033260520245950005
256,6.115288220551379e-05,589.7259066080301,589.7188420654596,30270.091015942566,3.0934846859102842e-15,31.415926530189292,416.0857839570241,31.415638315555903,-3.032768466409965e-18,0.0,0.01768629909792464,0.033260520245950005
256,6.165413533834588e-05,596.446645669576,596.4389972248176,30892.35761482158,3.121160487909451e-15,31.415926530189292,416.06340485339643,31.41563831570037,-2.9128274817294407e-18,0.0,0.01768629909792464,0.03232997140087276
256,6.215538847117796e-05,603.1977664199275,603.1905358392416,31522.034230618792,3.149015151750461e-15,31.41592653018929,416.04123449416045,31.415638315844834,-3.236855179717022e-18,0.0,0.016801416537192634,0.03232997140087275
256,6.265664160401004e-05,609.9784331016397,609.9699537403085,32159.081346121482,3.1770498864955444e-15,31.415926530189292,416.0192733581289,31.415638315989305,-2.7867624982849304e-18,0.0,0.016801416537192634,0.030881617775081832
256,6.315789473684212e-05,616.787805676031,616.7797915144828,32803.457476738724,3.2052659058507073e-15,31.4159265301893,415.99752185318795,31.415638316133773,-3.234041185676514e-18,0.0,0.016801416537192634,0.03088161777508183
256,6.36591478696742e-05,623.6250405743261,623.6173005448768,33455.119229057156,3.233664428249639e-15,31.415926530189296,415.9759803159652,31.415638316278237,-3.2351353188060362e-18,0.0,0.01680141653719263,0.030881617775081825
256,6.416040100250627e-05,630.4892914437348,630.4812364151259,34114.02135922177,3.2622466769360007e-15,31.415926530189292,415.95464901156885,31.415638316422708,-3.1419611637788962e-18,0.0,0.016801416537192627,0.03038349450410946
256,6.466165413533835e-05,637.3797098868424,637.371740427308,34780.11683094965,3.2910138800441844e-15,31.415926530189292,415.93352813339726,31.41563831656718,-2.794344938729521e-18,0.0,0.016801416537192627,0.029877067462457725
256,6.516290726817043e-05,644.2954461927341,644.2879107022695,35453.35687299205,3.3199672706786013e-15,31.415926530189296,415.91261780301915,31.415638316711647,-2.8085779079438687e-18,0.0,0.01487455684739045,0.02987706746245772
256,6.566416040100251e-05,651.2356500583113,651.2277184197327,36133.691035870586,3.349108086991579e-15,31.415926530189292,415.891918070122,31.415638316856118,-2.573685222317933e-18,0.0,0.014874556847390448,0.029361906989009586
256,6.616541353383459e-05,658.1994712983187,658.1918664580298,36821.067247719926,3.3784375722599234e-15,31.415926530189296,415.871428912529,31.41563831700058,-2.6740187752887512e-18,0.0,0.014874556847390447,0.029361906989009583
256,6.666666666666667e-05,665.1860605426415,665.1783990187611,37515.43186908023,3.4079569749602114e-15,31.415926530189292,415.85115023628225,31.415638317145053,-2.5313478812057454e-18,0.0,0.014874556847390447,0.02883754503951836
256,6.716791979949876e-05,672.1945699195031,672.1872373462087,38216.72974649207,3.4376675488428757e-15,31.415926530189296,415.8310818757921,31.415638317289517,-2.7796576548186907e-18,0.0,0.014874556847390445,0.028837545039518356
256,6.766917293233084e-05,679.2241537232459,679.215966008017,38924.90426475694,3.467570553005129e-15,31.415926530189292,415.8112235940504,31.415638317433988,-2.2133194988460726e-18,0.0,0.014874556847390445,0.0277591218819373
256,6.817042606516292e-05,686.2739690654442,686.2661307980283,39639.89739773694,3.4976672519627964e-15,31.415926530189296,415.79157508290615,31.41563831757845,-2.090377265856441e-18,0.0,0.014874556847390445,0.027759121881937292
256,6.8671679197995e-05,693.3431765081662,693.3351433412514,40361.649757577055,3.5279589157210887e-15,31.415926530189292,415.77213596340323,31.415638317722923,-2.1882644081286836e-18,0.0,0.014874556847390445,0.027203883353875233
256,6.917293233082708e-05,700.4309406782716,700.4232327094219,41090.10064224677,3.558446819844382e-15,31.4159265301893,415.7529057861769,31.415638317867383,-2.0301887292197058e-18,0.0,0.013810679320049759,0.02720388335387523
256,6.967418546365916e-05,707.5364308617022,707.5276590085069,41825.188081305605,3.589132245525039e-15,31.415926530189292,415.73388403190876,31.415638318011855,-2.8400424620954114e-18,0.0,0.01381067932004976,0.02605793762524675
256,7.017543859649124e-05,714.6588215767983,714.6505244308684,42566.848879811674,3.620016479651328e-15,31.415926530189296,415.71507011183763,31.41563831815632,-2.3880870561787735e-18,0.0,0.013810679320049759,0.026057937625246747
256,7.067669172932332e-05,721.797293125744,721.7893079735475,43315.01866030084,3.651100814874463e-15,31.415926530189292,415.69646336832494,31.415638318300786,-2.4253846871250645e-18,0.0,0.013810679320049759,0.026057937625246743
256,7.11779448621554e-05,728.9510321233269,728.9425935434273,44069.631902777575,3.682386549674832e-15,31.415926530189296,415.6780630754727,31.415638318445257,-3.4314308714750176e-18,0.0,0.013810679320049759,0.02546563439532285
256,7.167919799498747e-05,736.1192320022708,736.1112474639748,44830.62198266806,3.713874988427427e-15,31.4159265301893,415.65986843979215,31.415638318589725,-3.8273818863045805e-18,0.0,0.013810679320049757,0.025465634395322848
256,7.218045112781957e-05,743.3010934944779,743.2935367716573,45597.921206697916,3.745567441466536e-15,31.415926530189292,415.64187860092096,31.41563831873419,-4.2955129870857844e-18,0.0,0.013810679320049757,0.025465634395322848
256,7.268170426065164e-05,750.4958250875942,750.4886452348173,46371.46084666811,3.777465225149708e-15,31.415926530189292,415.6240926323874,31.415638318878656,-4.1115684376933426e-18,0.0,0.013810679320049757,0.025465634395322845
256,7.318295739348372e-05,757.7026434563934,757.6956399916986,47151.17117111235,3.809569661921049e-15,31.41592653018929,415.6065095424192,31.415638319023124,-4.706509980332548e-18,0.0,0.013810679320049755,0.02546563439532284
256,7.36842105263158e-05,764.9207738685424,764.9135856586416,47936.98147483164,3.84188208037387e-15,31.4159265301893,415.58912827479554,31.415638319167588,-4.983582085630296e-18,0.0,0.013810679320049755,0.024859222776089564
256,7.418546365914788e-05,772.1494505644027,772.1426181360994,48728.82010630974,3.874403815312716e-15,31.415926530189292,415.57194770973945,31.41563831931206,-5.5265225414584304e-18,0.0,0.013810679320049755,0.024859222776089557
256,7.468671679197996e-05,779.3879171105818,779.3795623354212,49526.61449302413,3.907136207814809e-15,31.415926530189296,415.55496666484913,31.415638319456527,-5.305026057565512e-18,0.0,0.013810679320049752,0.023599699167176903
256,7.518796992481204e-05,786.6354267270343,786.6273716861755,50330.291164677226,3.94008060529094e-15,31.415926530189296,415.5381838960666,31.41563831960099,-5.420056500774585e-18,0.0,0.013810679320049752,0.023599699167176896
256,7.568922305764412e-05,793.8912425875844,793.8836153176869,51139.77577438221,3.973238361545831e-15,31.415926530189292,415.5215980986802,31.415638319745458,-5.907283956898998e-18,0.0,0.013810679320049752,0.023599699167176896
256,7.61904761904762e-05,801.1546380938057,801.1453036358988,51954.993117843725,4.006610836837984e-15,31.415926530189296,415.505207908361,31.415638319889922,-6.253491101157309e-18,0.0,0.01381067932004975,0.022269051271467544
256,7.669172932330828e-05,808.4248971222764,808.4160606063926,52775.8671505862,4.040199397939075e-15,31.415926530189292,415.4890119022291,31.41563832003439,-6.011418155195244e-18,0.0,0.013810679320049752,0.022269051271467544
256,7.719298245614036e-05,815.7013142452871,815.6929471842366,53602.32100328723,4.074005418192872e-15,31.415926530189292,415.4730085999498,31.415638320178854,-6.240875660576814e-18,0.0,0.01381067932004975,0.022269051271467544
256,7.769423558897245e-05,822.9831949251466,822.9752705513221,54434.27699528417,4.1080302775737405e-15,31.415926530189292,415.457196464856,31.41563832032332,-6.4729955968364764e-18,0.0,0.011388577919619733,0.02226905127146754
256,7.819548872180453e-05,830.2698556822999,830.2621017296763,55271.65664632503,4.142275362744734e-15,31.41592653018929,415.4415739050959,31.415638320467792,-6.53123647177518e-18,0.0,0.011388577919619733,0.022269051271467537
256,7.86967418546366e-05,837.5606242375292,837.5533194442486,56114.38068664549,4.176742067115304e-15,31.415926530189292,415.4261392748043,31.415638320612256,-7.24301225685444e-18,0.0,0.011388577919619733,0.022269051271467534
256,7.919799498746869e-05,844.8548396285701,844.8479170484657,56962.36906545755,4.211431790898642e-15,31.415926530189296,415.4108908752951,31.415638320756724,-7.459390289552015e-18,0.0,0.011388577919619733,0.022269051271467534
256,7.969924812030076e-05,852.1518523015359,852.1452904163186,57815.540957941324,4.246345941168683e-15,31.415926530189292,415.39582695627286,31.415638320901188,-8.235013575811798e-18,0.0,0.011388577919619731,0.022269051271467534
256,8.020050125313284e-05,859.4510241775905,859.4439667150888,58673.814770837074,4.281485931916776e-15,31.415926530189296,415.38094571706336,31.41563832104565,-8.608938710256895e-18,0.0,0.011388577919619731,0.021572970736693876
256,8.070175438596492e-05,866.7517286953707,866.7449902489568,59537.10814673863,4.316853184108054e-15,31.41592653018929,415.36624530785923,31.415638321190116,-8.94306591917128e-18,0.0,0.011388577919619731,0.02157297073669387
256,8.1203007518797e-05,874.053350829702,874.0468706589066,60405.33796719204,4.352449125737518e-15,31.415926530189292,415.3517238309807,31.415638321334583,-9.190523428054596e-18,0.0,0.011388577919619731,0.021572970736693866
256,8.170426065162908e-05,881.3552870872004,881.3490985255305,61278.42035471154,4.388275191885839e-15,31.415926530189292,415.3373793421491,31.415638321479047,-9.74329223307638e-18,0.0,0.011388577919619723,0.02157297073669386
256,8.220551378446116e-05,888.6569454794018,888.6482883939551,62156.27067382173,4.424332824774914e-15,31.415926530189296,415.32320985177165,31.415638321623515,-9.203662276070192e-18,0.0,0.011388577919619723,0.020108652619115243
256,8.270676691729324e-05,895.9577454740927,895.9495404925457,63038.80353124068,4.46062347382318e-15,31.4159265301893,415.3092133262357,31.41563832176798,-9.66255822310741e-18,0.0,0.011388577919619723,0.020108652619115243
256,8.320802005012533e-05,903.2571179255633,903.2493397009785,63925.93277532042,4.497148595700708e-15,31.415926530189292,415.29538768921196,31.415638321912443,-1.0394400538831901e-17,0.0,0.011388577919619723,0.02010865261911524
256,8.370927318295741e-05,910.5545049845348,910.5469592947571,64817.57149486287,4.533909654384068e-15,31.415926530189296,415.28173082296405,31.41563832205691,-1.0449244648894162e-17,0.0,0.011388577919619718,0.02010865261911523
256,8.421052631578949e-05,917.8493599885483,917.8422039934148,65713.6320174283,4.570908121211035e-15,31.415926530189292,415.268240569664,31.415638322201374,-1.0736711641790881e-17,0.0,0.011388577919619718,0.020108652619115226
256,8.471177944862157e-05,925.1411473336344,925.1333625096361,66614.02590725709,4.608145474935078e-15,31.4159265301893,415.2549147327115,31.415638322345842,-1.1218989091511467e-17,0.0,0.011388577919619718,0.019334951048069666
256,8.521303258145365e-05,932.4293423281043,932.4219590036431,67518.6639629214,4.645623201779702e-15,31.4159265301893,415.2417510780565,31.415638322490306,-1.2000959518150628e-17,0.0,0.011388577919619718,0.019334951048069666
256,8.571428571428573e-05,939.7134310293375,939.7063431778506,68427.45621482632,4.683342795492624e-15,31.415926530189296,415.2287473355234,31.41563832263477,-1.214749486908033e-17,0.0,0.011388577919619718,0.019334951048069652
256,8.62155388471178e-05,946.9929100644547,946.9847395197955,69340.31192267788,4.721305757399817e-15,31.415926530189292,415.21590120013605,31.41563832277923,-1.2069000740352797e-17,0.0,0.00995902248748592,0.01852897066504911
256,8.671679197994988e-05,954.2672864357918,954.2595363108302,70257.13957303467,4.759513596459405e-15,31.415926530189292,415.20321033344175,31.415638322923698,-1.2298229535740314e-17,0.0,0.00995902248748592,0.018528970665049112
256,8.721804511278196e-05,961.536077312102,961.5286630460818,71177.8468770545,4.797967829315458e-15,31.415926530189296,415.19067236483403,31.415638323068162,-1.2281507233439953e-17,0.0,0.00995902248748592,0.0185289706650491
256,8.771929824561404e-05,968.7988098064313,968.7917741186653,72102.34076855026,4.836669980351661e-15,31.41592653018929,415.17828489287297,31.415638323212626,-1.2224665427318689e-17,0.0,0.00995902248748592,0.0185289706650491
256,8.822055137844612e-05,976.0550207416255,976.0482879032337,73030.52740246373,4.875621581744899e-15,31.415926530189292,415.1660454866017,31.415638323357093,-1.229670060254108e-17,0.0,0.00995902248748592,0.018528970665049094
256,8.872180451127821e-05,983.3042564044312,983.297760665002,73962.31215386381,4.914824173518743e-15,31.415926530189292,415.15395168685865,31.41563832350156,-1.2732116992004788e-17,0.0,0.00995902248748592,0.018528970665049084
256,8.922305764411029e-05,990.5460722891669,990.5399045705619,74897.59961757023,4.954279303596863e-15,31.415926530189292,415.1420010075843,31.41563832364602,-1.2365434293667287e-17,0.0,0.00995902248748592,0.018528970665049084
256,8.972431077694237e-05,997.7800328319425,997.7728921658982,75836.29360850524,4.993988527856376e-15,31.415926530189296,415.1301909371222,31.41563832379049,-1.2857395279355471e-17,0.0,0.00995902248748591,0.017686299097924657
256,9.022556390977445e-05,1005.0057111364034,1004.9989316921789,76778.29716286482,5.033953410181126e-15,31.41592653018929,415.11851893951274,31.41563832393495,-1.276298722139751e-17,0.0,0.00995902248748591,0.017686299097924657
256,9.072681704260653e-05,1012.2226886919851,1012.2161771943064,77723.51254020301,5.074175522514927e-15,31.415926530189296,415.10698245577953,31.415638324079417,-1.242107737452937e-17,0.0,0.00995902248748591,0.017686299097924643
256,9.122807017543861e-05,1019.4305550856534,1019.4243704881426,78671.841226515,5.114656444914749e-15,31.415926530189296,415.0955789052077,31.415638324223877,-1.2630172022657357e-17,0.0,0.00995902248748591,0.017686299097924643
256,9.172932330827069e-05,1026.628907708104,1026.6230323253972,79623.18393839995,5.155397765603885e-15,31.415926530189296,415.08430568661265,31.41563832436834,-1.2746467168287463e-17,0.0,0.00995902248748591,0.017686299097924643
256,9.223057644110277e-05,1033.8173514553907,1033.8116434249152,80577.44062838044,5.196401081025092e-15,31.415926530189292,415.0731601796003,31.415638324512813,-1.2798963756049615e-17,0.0,0.00995902248748591,0.01768629909792464
256,9.273182957393485e-05,1040.9954984269373,1040.9900737624089,81534.51049145055,5.2376679958937046e-15,31.415926530189292,415.0621397458161,31.415638324657277,-1.2603598489179407e-17,0.0,0.00995902248748591,0.01768629909792464
256,9.323308270676692e-05,1048.1629676208859,1048.1577549015194,82494.29197291713,5.279200123250754e-15,31.415926530189292,415.0512417301847,31.415638324801737,-1.2197754988624278e-17,0.0,0.009959022487485905,0.01768629909792463
256,9.373433583959902e-05,1055.3193846277097,1055.314428690725,83456.682777596,5.320999084516078e-15,31.415926530189292,415.0404634621373,31.4156383249462,-1.2311838473399664e-17,0.0,0.009959022487485905,0.01768629909792463
256,9.42355889724311e-05,1062.4643813230182,1062.458632580017,84421.57988041623,5.363066509541434e-15,31.415926530189296,415.0298022568287,31.41563832509066,-1.2743678983795178e-17,0.0,0.009959022487485905,0.01680141653719264
256,9.473684210526318e-05,1069.5975955604508,1069.5921305503543,85388.87953848329,5.405404036663638e-15,31.415926530189296,415.0192554163412,31.415638325235125,-1.241112677031718e-17,0.0,0.009959022487485905,0.01680141653719264
256,9.523809523809525e-05,1076.7186708655481,1076.7134744751966,86358.47730464207,5.448013312757709e-15,31.41592653018929,415.0088202308771,31.415638325379593,-1.2303437804245754e-17,0.0,0.009959022487485905,0.016801416537192637
256,9.573934837092733e-05,1083.8272561314623,1083.822314102546,87330.26804257742,5.490895993290047e-15,31.41592653018929,414.99849397993825,31.41563832552406,-1.206801335799962e-17,0.0,0.009959022487485905,0.016801416537192637
256,9.624060150375941e-05,1090.923005317354,1090.9181463041007,88304.14594348404,5.534053742371645e-15,31.41592653018929,414.98827393349205,31.415638325668525,-1.180009073816411e-17,0.0,0.009959022487485905,0.016801416537192623
256,9.674185463659149e-05,1098.005577150284,1098.0009544145812,89280.00454432952,5.577488232811339e-15,31.41592653018929,414.97815735312463,31.41563832581298,-1.2188332756693415e-17,0.0,0.009959022487485905,0.016801416537192623
256,9.724310776942357e-05,1105.0746348314028,1105.070235946316,90257.73674772833,5.6212011461690995e-15,31.41592653018929,414.9681414931803,31.415638325957442,-1.2031145986847689e-17,0.0,0.009959022487485897,0.016801416537192623
256,9.774436090225565e-05,1112.1298457471974,1112.1256589813493,91237.23484344281,5.6651941728093815e-15,31.415926530189296,414.9582236018869,31.415638326101906,-1.2138597667169379e-17,0.0,0.009959022487485897,0.01680141653719262
256,9.824561403508773e-05,1119.1708811865342,1119.1668954632187,92218.39053151401,5.709469011954525e-15,31.415926530189292,414.948400922467,31.41563832624637,-1.2070740956804182e-17,0.0,0.009959022487485897,0.01680141653719262
256,9.874686716791981e-05,1126.1974160642071,1126.1898574675454,93201.09494702685,5.754027371738223e-15,31.415926530189292,414.9386706942347,31.415638326390834,-1.1900035326617724e-17,0.0,0.009959022487485897,0.014874556847390457
256,9.92481203007519e-05,1133.2091286516606,1133.201942903004,94185.23868650112,5.798870969259055e-15,31.415926530189296,414.929030153678,31.415638326535298,-1.1726933042394691e-17,0.0,0.009959022487485897,0.014874556847390457
256,9.974937343358398e-05,1140.2057003155396,1140.1988676499295,95170.7118358996,5.84400153063409e-15,31.415926530189292,414.9194765355261,31.41563832667976,-1.1291077205208984e-17,0.0,0.009959022487485897,0.014874556847390457
256,0.00010025062656641606,1147.186815264667,1147.180317024511,96157.40400023719,5.889420791052582e-15,31.415926530189292,414.9100070738017,31.415638326824222,-1.1016862433916149e-17,0.0,0.009959022487485897,0.01487455684739045
256,0.00010075187969924814,1154.1521603060323,1154.1459788764332,97145.20433476675,5.935130494829729e-15,31.41592653018929,414.90061900285843,31.415638326968686,-1.0601637331875402e-17,0.0,0.009959022487485897,0.01487455684739045
256,0.00010125313283208022,1161.101424610322,1161.0955433582963,98134.0015777163,5.981132395460539e-15,31.415926530189292,414.8913095584027,31.415638327113147,-9.970659675606572e-18,0.0,0.009959022487485897,0.01487455684739045
256,0.0001017543859649123,1168.0342994875002,1168.0287027048441,99123.68408454454,6.027428255673778e-15,31.415926530189292,414.88207597850004,31.415638327257614,-1.0057144109693684e-17,0.0,0.008286407592029862,0.01487455684739045
256,0.00010225563909774437,1174.9504781728997,1174.9449611374184,100114.13986367504,6.074019847486019e-15,31.415926530189296,414.87291550456587,31.415638327402075,-9.120068536068434e-18,0.0,0.00828640759202986,0.014874556847390441
256,0.00010275689223057645,1181.8496556242528,1181.8444037568922,101105.25661366909,6.120908952255794e-15,31.415926530189292,414.86382538234074,31.415638327546535,-8.499229095792111e-18,0.0,0.00828640759202986,0.014874556847390441
256,0.00010325814536340853,1188.7315283300486,1188.726527874533,102096.92176178822,6.168097360737855e-15,31.415926530189292,414.85480286284957,31.415638327691003,-8.337908638094358e-18,0.0,0.00828640759202986,0.014874556847390441
256,0.00010375939849624061,1195.595794129565,1195.591032087028,103089.0225038961,6.215586873137541e-15,31.415926530189296,414.84584520334465,31.415638327835463,-8.188996302032058e-18,0.0,0.00828640759202986,0.014874556847390443
256,0.0001042606516290727,1202.442152044884,1202.4375645840864,104081.44584564122,6.263379299165263e-15,31.415926530189292,414.8369496682333,31.415638327979924,-8.023690909331088e-18,0.0,0.00828640759202986,0.014874556847390438
256,0.00010476190476190478,1209.2703021251596,1209.2659317357884,105074.0786448636,6.31147645809111e-15,31.415926530189292,414.8281135299884,31.415638328124384,-7.670925392866981e-18,0.0,0.00828640759202986,0.01487455684739044
256,0.00010526315789473686,1216.0799453033649,1216.0757808714459,106066.8076551596,6.359880178799582e-15,31.41592653018929,414.8193340700435,31.415638328268845,-7.464375934813479e-18,0.0,0.00828640759202986,0.01487455684739044
256,0.00010576441102756894,1222.8707832657108,1222.86559473073,107059.51957053774,6.408592299844438e-15,31.415926530189292,414.81060857967117,31.415638328413316,-7.060845965381392e-18,0.0,0.008286407592029858,0.013810679320049764
256,0.00010626566416040102,1229.6425183338795,1229.6375756634984,108052.10107109681,6.45761466950369e-15,31.415926530189296,414.8019343608447,31.415638328557772,-7.003996962125562e-18,0.0,0.008286407592029858,0.013810679320049764
256,0.0001067669172932331,1236.3948533601838,1236.3901439637423,109044.43886964969,6.506949145834724e-15,31.415926530189292,414.793308727084,31.415638328702233,-6.369820864535646e-18,0.0,0.008286407592029858,0.013810679320049764
256,0.00010726817042606518,1243.1274916357227,1243.1230036075272,110036.4197592207,6.55659759672956e-15,31.415926530189296,414.784729004284,31.415638328846697,-6.256396448286085e-18,0.0,0.008286407592029858,0.013810679320049764
256,0.00010776942355889726,1249.8401368115594,1249.8358588918343,111027.93066133397,6.6065618999702594e-15,31.415926530189292,414.77619253152693,31.41563832899116,-5.792741320528134e-18,0.0,0.00828640759202985,0.013810679320049762
256,0.00010827067669172934,1256.5324928329153,1256.5284143710605,112018.85867501513,6.656843943284473e-15,31.415926530189292,414.76769666187795,31.41563832913562,-5.145478952183374e-18,0.0,0.008286407592029851,0.01381067932004976
256,0.00010877192982456141,1263.204263886332,1263.200374806344,113009.09112642189,6.707445624401144e-15,31.41592653018929,414.75923876316347,31.415638329280082,-5.1779149232599e-18,0.0,0.008286407592029851,0.01381067932004976
256,0.0001092731829573935,1269.8551543597164,1269.8514451276465,113998.51561902092,6.758368851106354e-15,31.415926530189296,414.7508162187329,31.41563832942454,-4.317429053365684e-18,0.0,0.008286407592029851,0.013810679320049759
256,0.00010977443609022559,1276.4848688151544,1276.4813304084746,114987.02008422354,6.809615541299341e-15,31.415926530189292,414.7424264282031,31.415638329569003,-4.0185791553061315e-18,0.0,0.008286407592029851,0.013810679320049759
256,0.00011027568922305766,1283.0931119743207,1283.0897358530906,115974.4928323947,6.861187623048658e-15,31.415926530189292,414.7340668081864,31.415638329713467,-3.8279160939669865e-18,0.0,0.008286407592029851,0.013810679320049759
256,0.00011077694235588974,1289.67958871632,1289.6763667960402,116960.82260414967,6.913087034648514e-15,31.415926530189285,414.7257347930009,31.415638329857927,-3.1861710056136867e-18,0.0,0.008286407592029851,0.013810679320049757
256,0.00011127819548872182,1296.2440040877125,1296.2409287137646,117945.8986218465,6.965315724675265e-15,31.415926530189292,414.71742783536376,31.415638330002388,-2.5284676594572054e-18,0.0,0.008286407592029851,0.013810679320049757
256,0.0001117794486215539,1302.7860633244804,1302.7831272480612,118929.61064119078,7.017875652044082e-15,31.415926530189296,414.70914340706753,31.41563833014685,-1.7639748199614687e-18,0.0,0.008286407592029851,0.013810679320049757
256,0.00011228070175438598,1309.3054718856536,1309.3026682411082,119911.84900286265,7.070768786065788e-15,31.41592653018929,414.7008789996388,31.415638330291316,-8.902229290871614e-19,0.0,0.008286407592029853,0.013810679320049757
256,0.00011278195488721806,1315.8019354982655,1315.799257781741,120892.5046840775,7.123997106503873e-15,31.415926530189285,414.69263212497975,31.415638330435772,-4.0284208768366825e-19,0.0,0.008286407592029853,0.013810679320049757
256,0.00011328320802005014,1322.2751602133121,1322.2726022626496,121871.46934999675,7.17756260363168e-15,31.415926530189292,414.68440031599215,31.415638330580233,3.8558575133418794e-19,0.0,0.008286407592029853,0.013810679320049757
256,0.00011378446115288222,1328.7248524723373,1328.7224084481288,122848.63540489695,7.231467278289782e-15,31.41592653018929,414.6761811271839,31.415638330724697,1.4552273713584943e-18,0.0,0.008286407592029851,0.013810679320049757
256,0.0001142857142857143,1335.1507191842531,1335.1483835519941,123823.8960430185,7.285713141943532e-15,31.41592653018929,414.66797213525825,31.415638330869154,2.0840264754840466e-18,0.0,0.006176323555016367,0.013810679320049757
256,0.00011478696741854638,1341.552467811984,1341.5502353252562,124797.14529900557,7.34030221674081e-15,31.41592653018928,414.65977093968525,31.415638331013614,2.9959012882073957e-18,0.0,0.006176323555016369,0.013810679320049757
256,0.00011528822055137847,1347.9298064684951,1347.9276277316249,125768.27809785656,7.395236535569945e-15,31.415926530189296,414.6515751632555,31.415638331158075,3.4743933508240346e-18,0.0,0.006176323555016369,0.013810679320049757
256,0.00011578947368421055,1354.282444021748,1354.280251905954,126737.19030430319,7.45051814211784e-15,31.41592653018929,414.64338245261644,31.415638331302535,3.779619251031455e-18,0.0,0.006176323555016369,0.013810679320049755
256,0.00011629072681704263,1360.61009020812,1360.607930630806,127703.77877154239,7.506149090928298e-15,31.415926530189285,414.63519047879106,31.415638331447,5.13846520220829e-18,0.0,0.006176323555016371,0.013810679320049752
256,0.0001167919799498747,1366.9124557537896,1366.910390535452,128667.94138924003,7.562131447460522e-15,31.41592653018929,414.62699693767854,31.41563833159146,5.804231949853637e-18,0.0,0.006176323555016372,0.013810679320049752
256,0.00011729323308270678,1373.1892525035928,1373.187277137935,129629.57713073608,7.61846728814783e-15,31.415926530189285,414.6187995505375,31.41563833173592,5.5819114314915435e-18,0.0,0.006176323555016371,0.013810679320049752
256,0.00011779448621553886,1379.4401935568364,1379.4383037685438,130588.58609937792,7.67515870045658e-15,31.415926530189292,414.61059606445116,31.415638331880377,6.469233552491062e-18,0.0,0.006176323555016372,0.013810679320049752
256,0.00011829573934837094,1385.664993409545,1385.6631851417526,131544.86957391072,7.732207782945274e-15,31.415926530189292,414.6023842527749,31.415638332024844,6.140274353547791e-18,0.0,0.006176323555016372,0.01381067932004975
256,0.00011879699248120302,1391.8633681026101,1391.8616375050824,132498.33005286055,7.7896166453239e-15,31.41592653018929,414.59416191556613,31.415638332169298,6.645629648913328e-18,0.0,0.006176323555016372,0.01381067932004975
256,0.0001192982456140351,1398.0350353753072,1398.0333787932889,133448.87129784597,7.847387408513454e-15,31.415926530189292,414.58592687999607,31.41563833231376,5.876663486671052e-18,0.0,0.006176323555016372,0.013810679320049752
256,0.00011979949874686718,1404.1797148236385,1404.1781287873332,134396.39837575692,7.905522204705698e-15,31.41592653018929,414.57767700074396,31.415638332458215,6.287207062908977e-18,0.0,0.006176323555016372,0.01381067932004975
256,0.00012,1406.6267934860855,1406.6252346304527,134774.31869795398,7.928904884305648e-15,31.415926530189292,414.5743711578813,31.415638332516004,6.4441160251708745e-18,0.0,0.006176323555016372,0.01381067932004975
256,0.00012030075187969926,1410.2918253786497,1410.2903064221375,135340.42898331757,7.964067185128787e-15,31.415926530189292,414.5694079405775,31.41563833260268,6.453443636627929e-18,0.0,0.006176323555016372,0.01381067932004975
256,0.00012080200501253135,1416.3816563543771,1416.3802015279718,136281.6186609512,8.022936748196227e-15,31.415926530189292,414.5611217971361,31.41563833274714,6.667411720296339e-18,0.0,0.006176323555016372,0.01381067932004975
256,0.00012130325814536343,1422.4436779384052,1422.4399905657508,137219.52106633267,8.082176810443e-15,31.41592653018928,414.5528145377055,31.4156383328916,6.5637114404269945e-18,0.0,0.006176323555016372,0.011388577919619733
256,0.00012180451127819551,1428.477617899876,1428.4740929170348,138154.04634230916,8.141789549752989e-15,31.415926530189285,414.5444841331191,31.415638333036057,5.805132867031874e-18,0.0,0.006176323555016372,0.011388577919619731
256,0.00012230576441102757,1434.483206861845,1434.479836499446,139085.10623542138,8.201777155582852e-15,31.415926530189296,414.5361285828844,31.415638333180514,5.80299079589408e-18,0.0,0.006176323555016372,0.011388577919619731
256,0.00012280701754385965,1440.4601784490133,1440.4569553338713,140012.61410695297,8.262141829023116e-15,31.415926530189285,414.5277459155853,31.415638333324978,5.378934770253339e-18,0.0,0.006176323555016371,0.011388577919619731
256,0.00012330827067669176,1446.4082694421759,1446.4051865760748,140936.48494796606,8.32288578285945e-15,31.41592653018929,414.51933418924153,31.41563833346944,5.2642863437388745e-18,0.0,0.006176323555016371,0.011388577919619731
256,0.00012380952380952384,1452.3272199376672,1452.3242706773226,141856.63539693638,8.384011241634184e-15,31.41592653018929,414.5108914916303,31.4156383336139,5.125768954929399e-18,0.0,0.006176323555016371,0.011388577919619731
256,0.00012431077694235592,1458.216773510357,1458.21395154849,142772.98375895305,8.445520441708095e-15,31.41592653018929,414.50241594057564,31.41563833375836,5.079384614944928e-18,0.0,0.006176323555016371,0.011388577919619731
256,0.000124812030075188,1464.076677378981,1464.07397672644,143685.45002571313,8.507415631322377e-15,31.415926530189292,414.4939056842094,31.415638333902816,4.611472672547335e-18,0.0,0.006176323555016371,0.011388577919619731
256,0.00012531328320802008,1469.906682572762,1469.9040975416335,144593.95589573088,8.569699070660872e-15,31.415926530189285,414.48535890120513,31.415638334047276,4.249082931679324e-18,0.0,0.006176323555016371,0.01138857791961973
256,0.00012581453634085215,1475.7065440984065,1475.7040692860564,145498.424794323,8.632373031912535e-15,31.415926530189292,414.4767738009885,31.415638334191733,4.044940009631762e-18,0.0,0.006176323555016371,0.01138857791961973
256,0.00012631578947368423,1481.4760211066798,1481.4736513806765,146398.78189303834,8.695439799334147e-15,31.41592653018929,414.46814862392523,31.415638334336194,3.78285359327573e-18,0.0,0.006176323555016369,0.01138857791961973
256,0.0001268170426065163,1487.214877057857,1487.2126075417218,147294.95412828177,8.758901669313258e-15,31.41592653018929,414.4594816414874,31.415638334480654,3.6697199039890166e-18,0.0,0.006176323555016369,0.01138857791961973
256,0.0001273182957393484,1492.922879885394,1492.9207059451362,148186.87021893554,8.82276095043138e-15,31.415926530189292,414.4507711564003,31.415638334625115,3.5673523422187125e-18,0.0,0.006176323555016369,0.01138857791961973
256,0.00012781954887218047,1498.599802157271,1498.5977193886583,149074.46068283857,8.887019963527432e-15,31.41592653018929,414.4420155027697,31.41563833476957,3.0126987115768117e-18,0.0,0.006176323555016369,0.011388577919619728
256,0.00012832080200501255,1504.2454212344649,1504.2434254509942,149957.65785200856,8.951681041761423e-15,31.415926530189292,414.4332130461902,31.415638334914032,2.4879673863243303e-18,0.0,0.006176323555016367,0.011388577919619728
256,0.00012882205513784463,1509.8595194260859,1509.8576066476076,150836.3958865234,9.016746530678396e-15,31.415926530189285,414.4243621838363,31.415638335058485,1.9991485480557102e-18,0.0,0.006176323555016366,0.011388577919619728
256,0.0001293233082706767,1515.4418841407435,1515.4400505827086,151710.61078700415,9.082218788272616e-15,31.415926530189285,414.41546134453563,31.415638335202946,1.455874976059322e-18,0.0,0.006176323555016366,0.011388577919619728
256,0.0001298245614035088,1520.9923080337444,1520.9905500970358,152580.2404056514,9.148100185052012e-15,31.415926530189285,414.40650898882524,31.415638335347406,6.09424032814321e-19,0.0,0.006176323555016366,0.011388577919619728
256,0.00013032581453634087,1526.5105891497656,1526.5089034110808,153445.22445580777,9.214393104102893e-15,31.41592653018929,414.3975036089913,31.415638335491863,8.857493311100863e-19,0.0,0.006176323555016366,0.011388577919619728
256,0.00013082706766917294,1531.9965310606572,1531.9949142634148,154305.504520024,9.28109994115489e-15,31.415926530189285,414.3884437290927,31.41563833563632,4.50743141289764e-19,0.0,0.006176323555016366,0.011388577919619728
256,0.00013132832080200502,1537.4499429980885,1537.448392043825,155161.02405662023,9.348223104646185e-15,31.41592653018929,414.37932790496853,31.415638335780784,3.1386058895974076e-19,0.0,0.006176323555016366,0.011388577919619728
256,0.0001318295739348371,1542.870639980755,1542.8691519209856,156011.72840473906,9.415765015789003e-15,31.415926530189285,414.3701547242303,31.41563833592524,6.250016393790249e-19,0.0,0.006176323555016366,0.011388577919619728
256,0.00013233082706766918,1548.2584429358985,1548.2570149644193,156857.5647878953,9.483728108635345e-15,31.41592653018929,414.3609228062388,31.415638336069698,4.121725403097672e-19,0.0,0.006176323555016366,0.011388577919619728
256,0.00013283208020050126,1553.6131788149235,1553.6118082605244,157698.4823160299,9.552114830143007e-15,31.41592653018929,414.35163080206615,31.41563833621416,9.400984462505072e-20,0.0,0.006176323555016366,0.011388577919619728
256,0.00013333333333333334,1558.934680702904,1558.933365022474,158534.4319860827,9.62092764024185e-15,31.415926530189285,414.34227739444293,31.415638336358615,-1.7384755297841034e-19,0.0,0.006176323555016366,0.011388577919619728
256,0.00013383458646616545,1564.2227879218117,1564.2215246938144,159365.36668110252,9.690169011900373e-15,31.41592653018929,414.33286129769147,31.415638336503072,4.605767877455944e-21,0.0,0.006176323555016366,0.011388577919619728
256,0.00013433583959899752,1569.4773461273153,1569.4761330456124,160191.24116791392,9.759841431192495e-15,31.41592653018929,414.323381257645,31.415638336647532,1.3598227529934522e-20,0.0,0.006176323555016366,0.011388577919619728
256,0.0001348370927318296,1574.6982073990157,1574.697042267019,161012.0120933699,9.829947397364691e-15,31.41592653018929,414.313836051553,31.41563833679199,3.4706624079407487e-19,0.0,0.006176323555016366,0.011388577919619728
256,0.00013533834586466168,1579.8852303240167,1579.8841110491524,161827.63797921222,9.900489422903337e-15,31.415926530189292,414.304224487973,31.415638336936446,1.2762975774851558e-18,0.0,0.006176323555016366,0.011388577919619728
256,0.00013583959899749376,1585.0382800737286,1585.0372046621953,162638.0792155692,9.971470033602355e-15,31.415926530189292,414.29454540664995,31.4156383370809,1.3242836341296782e-18,0.0,0.006176323555016366,0.011388577919619726
256,0.00013634085213032584,1590.1572284738593,1590.1561729794657,163443.29805312926,1.0042891768631146e-14,31.41592653018929,414.2847976783821,31.41563833722536,2.1569776426191295e-18,0.0,0.006176323555016366,0.011388577919619726
256,0.00013684210526315792,1595.2419540675226,1595.2408761796974,164243.2585940164,1.0114757180602792e-14,31.415926530189285,414.27498020487496,31.41563833736982,2.6074146370420535e-18,0.0,0.006176323555016367,0.011388577919619725
256,0.00013734335839599,1600.2923421714452,1600.2913061419508,165037.92678140648,1.0187068835642543e-14,31.415926530189292,414.26509191858287,31.415638337514277,2.701687303380148e-18,0.0,0.006176323555016367,0.011388577919619725
256,0.00013784461152882208,1605.3082849252573,1605.3072889554107,165827.27038792096,1.0259829313456577e-14,31.415926530189292,414.2551317825388,31.41563833765873,2.7480363587274482e-18,0.0,0.006176323555016367,0.011388577919619725
256,0.00013834586466165416,1610.2896813338757,1610.2887237087498,166611.2590028345,1.0333041207401071e-14,31.41592653018929,414.24509879017273,31.41563833780319,3.131490982731804e-18,0.0,0.006176323555016367,0.011388577919619725
256,0.00013884711779448624,1615.2364373029895,1615.2355163872546,167389.86401813742,1.0406707124551538e-14,31.415926530189292,414.23499196511904,31.415638337947648,3.2245577583544083e-18,0.0,0.006176323555016367,0.011388577919619725
256,0.00013934837092731831,1620.1484656676994,1620.1475799016803,168163.05861349282,1.0480829685772455e-14,31.415926530189292,414.22481036101277,31.415638338092105,3.677698686692554e-18,0.0,0.006176323555016367,0.011388577919619725
256,0.0001398496240601504,1625.0256862143538,1625.024834110292,168930.81774012838,1.05554115257872e-14,31.415926530189296,414.2145530612756,31.415638338236565,3.932717396780219e-18,0.0,0.006176323555016367,0.011388577919619725
256,0.00014035087719298247,1629.8680256956463,1629.8672058341588,169693.11810370462,1.0630455293248248e-14,31.415926530189296,414.2042191788916,31.41563833838102,3.681605281787065e-18,0.0,0.006176323555016367,0.011388577919619725
256,0.00014085213032581455,1634.6754178390613,1634.674628865781,170449.938146203,1.0705963650807705e-14,31.415926530189292,414.19380785617346,31.41563833852548,3.776717391390369e-18,0.0,0.006176323555016367,0.011388577919619725
256,0.00014135338345864663,1639.4478033487544,1639.4470439711477,171201.2580268753,1.0781939275188096e-14,31.415926530189292,414.1833182645189,31.415638338669932,3.7286050224424636e-18,0.0,0.006176323555016367,0.011388577919619725
256,0.0001418546365914787,1644.1851299009763,1644.1834756035144,171947.05960229822,1.0858384857253478e-14,31.415926530189292,414.172749604158,31.415638338814393,3.812169925771493e-18,0.0,0.006176323555016367,0.00995902248748591
256,0.0001423558897243108,1648.8873521331454,1648.8857602697472,172687.32640557428,1.0935303102080837e-14,31.41592653018929,414.1621011038922,31.41563833895885,3.1512133085859487e-18,0.0,0.006176323555016367,0.00995902248748591
256,0.00014285714285714287,1653.5544316267114,1653.5528995749146,173422.0436247251,1.1012696729031808e-14,31.4159265301893,414.1513720208242,31.415638339103303,2.4529013447338493e-18,0.0,0.006176323555016367,0.00995902248748591
256,0.00014335839598997495,1658.1863368839233,1658.1848621406905,174151.1980803173,1.1090568471824669e-14,31.4159265301893,414.14056164008053,31.415638339247757,1.761642895292693e-18,0.0,0.006176323555016366,0.00995902248748591
256,0.00014385964912280703,1662.7830432986732,1662.7816234745985,174874.77820236832,1.1168921078606652e-14,31.4159265301893,414.1296692745257,31.41563833939222,1.0171445122451156e-18,0.0,0.006176323555016366,0.00995902248748591
256,0.00014436090225563913,1667.3445331215426,1667.3427746125128,175592.77400656993,1.1247757312026585e-14,31.415926530189296,414.1186942644695,31.41563833953667,5.691553005593961e-20,0.0,0.006176323555016366,0.009959022487485907
256,0.0001448621553884712,1671.8707954192262,1671.8694786925687,176305.17706987684,1.1327079949307779e-14,31.415926530189296,414.107635977367,31.41563833968113,-1.3140989070561995e-18,0.0,0.006176323555016366,0.00995902248748591
256,0.0001453634085213033,1676.3618260284948,1676.360557680975,177011.98050549964,1.1406891782321311e-14,31.415926530189296,414.0964938075118,31.41563833982559,-3.3787683818211265e-18,0.0,0.006176323555016367,0.00995902248748591
256,0.00014586466165413537,1680.8176275048725,1680.8164055493576,177713.1789373441,1.1487195617659543e-14,31.4159265301893,414.08526717572335,31.41563833997004,-4.481174500268965e-18,0.0,0.006176323555016367,0.009959022487485914
256,0.00014636591478696745,1685.2382090662043,1685.2370316043568,178408.76847394183,1.1567994276709995e-14,31.415926530189296,414.07395552902756,31.415638340114498,-5.418506473972793e-18,0.0,0.006176323555016367,0.009959022487485914
256,0.00014686716791979953,1689.6235865312954,1689.6224517493345,179098.74668190954,1.1649290595729509e-14,31.4159265301893,414.0625583403325,31.415638340258955,-7.28262273722422e-18,0.0,0.006176323555016368,0.009959022487485914
256,0.0001473684210526316,1693.9737822538132,1693.9726884184875,179783.1125589785,1.1731087425918758e-14,31.415926530189303,414.0510751080982,31.41563834040341,-8.509141055003857e-18,0.0,0.006176323555016369,0.009959022487485916
256,0.00014786967418546368,1698.2888250516405,1698.2877705064038,180461.86650663379,1.181338763349705e-14,31.415926530189296,414.0395053560018,31.415638340547865,-1.012387882734561e-17,0.0,0.006176323555016369,0.009959022487485918
256,0.00014837092731829576,1702.5687501318705,1702.56773329325,181135.01030240286,1.1896194099777458e-14,31.4159265301893,414.0278486325979,31.415638340692325,-1.1880545805480407e-17,0.0,0.00617632355501637,0.00995902248748592
256,0.00014887218045112784,1706.8135990116416,1706.8126183657864,181802.54707183054,1.197950972124227e-14,31.415926530189296,414.01610451097434,31.415638340836782,-1.1695199128056367e-17,0.0,0.00617632355501637,0.00995902248748592
256,0.00014937343358395992,1711.0234194350087,1711.0224735344104,182464.48126017835,1.2063337409618776e-14,31.4159265301893,414.0042725884046,31.41563834098124,-1.2654079284783272e-17,0.0,0.00617632355501637,0.00995902248748592
256,0.000149874686716792,1715.1982652860477,1715.1973527464245,183120.818603886,1.2147680091955354e-14,31.415926530189296,413.99235248599575,31.415638341125693,-1.2495907624881222e-17,0.0,0.006176323555016362,0.00995902248748592
256,0.00015037593984962408,1719.3381964983912,1719.3373159957282,183771.56610182807,1.2232540710697915e-14,31.415926530189292,413.9803438483336,31.41563834127015,-1.311694511183674e-17,0.0,0.006176323555016362,0.009959022487485921
256,0.00015087719298245616,1723.4432789614007,1723.442429229134,184416.7319864032,1.2317922223766637e-14,31.41592653018929,413.9682463431243,31.4156383414146,-1.3004375888703902e-17,0.0,0.006176323555016362,0.00995902248748592
256,0.00015137844611528824,1727.5135844231622,1727.5127642495022,185056.32569448723,1.2403827604633068e-14,31.415926530189296,413.95605966083366,31.41563834155906,-1.3613849769923735e-17,0.0,0.006176323555016362,0.009959022487485921
256,0.00015187969924812032,1731.5491903905101,1731.5483986159,185690.357838286,1.2490259842397537e-14,31.41592653018929,413.94378351432374,31.41563834170351,-1.3096640799697685e-17,0.0,0.006176323555016362,0.009959022487485921
256,0.0001523809523809524,1735.5501800262791,1735.5494155409756,186318.84017611723,1.2577221941866904e-14,31.41592653018929,413.931417638487,31.415638341847966,-1.3435503311746615e-17,0.0,0.006176323555016362,0.009959022487485921
256,0.00015288220551378448,1739.5166420439673,1739.5158490985402,186941.7855831531,1.2664716923632647e-14,31.4159265301893,413.91896178987923,31.415638341992423,-1.3385721414106557e-17,0.0,0.006176323555016362,0.00995902248748591
256,0.00015338345864661655,1743.4486706000157,1743.4479046148103,187559.20802215431,1.2752747824149276e-14,31.4159265301893,413.90641574635015,31.41563834213688,-1.379711189157558e-17,0.0,0.006176323555016362,0.00995902248748591
256,0.00015388471177944863,1747.346365183883,1747.3456251196537,188171.12251422214,1.2841317695813106e-14,31.415926530189296,413.8937793066733,31.415638342281337,-1.427044284432062e-17,0.0,0.006176323555016362,0.00995902248748591
256,0.0001543859649122807,1751.2098305061152,1751.209115367597,188777.54510959957,1.2930429607041352e-14,31.415926530189292,413.88105229017447,31.41563834242579,-1.3675106965848973e-17,0.0,0.006176323555016362,0.00995902248748591
256,0.0001548872180451128,1755.0391763845785,1755.0384852184857,189378.49285854519,1.3020086642351564e-14,31.415926530189292,413.8682345363594,31.41563834257025,-1.3893079271228512e-17,0.0,0.006176323555016362,0.00995902248748591
256,0.0001553884711779449,1758.8345176290582,1758.8338495221735,189973.98378230687,1.3110291902441428e-14,31.415926530189296,413.85532590454125,31.4156383427147,-1.4235222783885995e-17,0.0,0.006176323555016362,0.00995902248748591
256,0.00015588972431077698,1762.5959739243788,1762.59532800174,190564.03684422007,1.3201048504268864e-14,31.415926530189292,413.84232627346734,31.415638342859154,-1.442997612358517e-17,0.0,0.006176323555016362,0.00995902248748591
256,0.00015639097744360906,1766.3236697122372,1766.3230451354095,191148.6719209547,1.3292359581132548e-14,31.415926530189292,413.82923554094623,31.415638343003607,-1.4354093130827116e-17,0.0,0.006176323555016362,0.00995902248748591
256,0.00015689223057644113,1770.0177340719097,1770.0171300373404,191727.90977393076,1.3384228282752701e-14,31.415926530189296,413.8160536234748,31.415638343148064,-1.3772785787402843e-17,0.0,0.006176323555016362,0.00995902248748591
256,0.0001573934837092732,1773.6783005999991,1773.67771633745,192301.77202092737,1.3476657775352284e-14,31.415926530189292,413.8027804558657,31.415638343292517,-1.422224951480852e-17,0.0,0.006176323555016362,0.00995902248748591
256,0.0001578947368421053,1777.3055072893849,1777.3049420604432,192870.28110790273,1.3569651241738506e-14,31.415926530189285,413.7894159908758,31.415638343436974,-1.3627908006830423e-17,0.0,0.006176323555016362,0.00995902248748591
256,0.00015839598997493737,1780.899496407539,1780.8989495041947,193433.46028104736,1.3663211881384722e-14,31.415926530189296,413.7759601988354,31.415638343581428,-1.3721470317550791e-17,0.0,0.006176323555016362,0.00995902248748591
256,0.00015889724310776945,1784.460414374351,1784.459885117646,193991.33355908745,1.3757342910512657e-14,31.415926530189296,413.7624130672778,31.41563834372588,-1.3311706471482241e-17,0.0,0.006176323555016362,0.00995902248748591
256,0.00015939849624060153,1787.9884116396113,1787.9878993783486,194543.92570585335,1.3852047562175006e-14,31.415926530189296,413.7487746005717,31.415638343870338,-1.4177674599619104e-17,0.0,0.006176323555016362,0.00995902248748591
256,0.0001598997493734336,1791.483642560307,1791.483146669825,195091.26220313675,1.394732908633837e-14,31.415926530189292,413.73504481955354,31.415638344014788,-1.3817023434515809e-17,0.0,0.006176323555016362,0.00995902248748591
256,0.0001604010025062657,1794.946265277851,1794.945785158851,195633.36922384286,1.4043190749966591e-14,31.415926530189292,413.72122376116226,31.415638344159245,-1.3868712976814822e-17,0.0,0.006176323555016362,0.00995902248748591
256,0.00016090225563909777,1798.3764415953892,1798.3759766728233,196170.273605459,1.4139635837104392e-14,31.415926530189296,413.7073114780761,31.415638344303698,-1.3530195370181198e-17,0.0,0.006176323555016362,0.00995902248748591
256,0.00016140350877192985,1801.7743368553142,1801.77388657732,196702.0028238503,1.4236667648961433e-14,31.415926530189292,413.693308038351,31.41563834444815,-1.4082272332850105e-17,0.0,0.006176323555016362,0.00995902248748591
256,0.00016190476190476192,1805.1401198171022,1805.1396836539907,197228.5849673958,1.4334289503996715e-14,31.41592653018928,413.67921352506124,31.415638344592608,-1.456596505707737e-17,0.0,0.006176323555016362,0.00995902248748591
256,0.000162406015037594,1808.4739625355926,1808.4735399788826,197750.04871147548,1.4432504738003322e-14,31.41592653018929,413.66502803594307,31.415638344737058,-1.44682002352372e-17,0.0,0.006176323555016362,0.00995902248748591
256,0.00016290726817042608,1811.7760402398364,1811.7756308013343,198266.42329332305,1.4531316704193596e-14,31.415926530189292,413.6507516830398,31.415638344881515,-1.483392220003775e-17,0.0,0.006176323555016362,0.00995902248748591
256,0.00016340852130325816,1815.0465312125955,1815.0461344235155,198777.7384872479,1.46307287732846e-14,31.41592653018929,413.63638459235074,31.415638345025965,-1.4794547662588895e-17,0.0,0.006176323555016362,0.00995902248748591
256,0.00016390977443609024,1818.285616670625,1818.2852320807528,199284.02458024255,1.4730744333584017e-14,31.415926530189296,413.62192690348184,31.415638345170425,-1.4621933784211037e-17,0.0,0.006176323555016362,0.00995902248748591
256,0.00016441102756892232,1821.4934806458111,1821.4931078227057,199785.31234797757,1.483136679107642e-14,31.41592653018929,413.60737876930017,31.41563834531488,-1.4511673700032014e-17,0.0,0.006176323555016362,0.00995902248748591
256,0.0001649122807017544,1824.6703098672806,1824.6699483955094,200281.63303119724,1.4932599569509855e-14,31.41592653018929,413.59274035559116,31.415638345459328,-1.4853758163602762e-17,0.0,0.006176323555016361,0.00995902248748591
256,0.00016541353383458648,1827.8162936445524,1827.8159431249671,200773.01831251913,1.5034446110482887e-14,31.415926530189285,413.57801184071883,31.41563834560378,-1.5160954373813612e-17,0.0,0.006176323555016361,0.00995902248748591
256,0.00016591478696741858,1830.9316237518237,1830.9312339397577,201259.50029364435,1.5136909873531956e-14,31.41592653018929,413.5631934152895,31.415638345748235,-1.4937771589856217e-17,0.0,0.006176323555016361,0.009959022487485905
256,0.00016641604010025066,1834.016494313464,1834.0161160663433,201741.11147298332,1.523999433621914e-14,31.415926530189285,413.54828528181923,31.41563834589269,-1.4911071156175876e-17,0.0,0.006176323555016361,0.009959022487485905
256,0.00016691729323308274,1837.071101690803,1837.070734608529,202217.88472370576,1.534370299422032e-14,31.41592653018928,413.53328765440415,31.41563834603714,-1.5618981865242583e-17,0.0,0.006176323555016361,0.009959022487485905
256,0.00016741854636591482,1840.0956443702644,1840.09528806816,202689.85327221226,1.5448039361413682e-14,31.415926530189292,413.5182007583951,31.4156383461816,-1.5799453271021727e-17,0.0,0.006176323555016361,0.009959022487485904
256,0.0001679197994987469,1843.090322852926,1843.0899769610892,203157.05067703666,1.5553006969968667e-14,31.415926530189285,413.5030248300754,31.41563834632605,-1.5262726065995996e-17,0.0,0.006176323555016361,0.009959022487485905
256,0.00016842105263157898,1846.0553395455527,1846.0550037082378,203619.5108081776,1.565860937043523e-14,31.41592653018929,413.487760116343,31.4156383464705,-1.5195357776286585e-17,0.0,0.006176323555016361,0.009959022487485905
256,0.00016892230576441106,1848.990898653181,1848.990572528208,204077.26782686662,1.5764850131833565e-14,31.41592653018929,413.47240687439574,31.41563834661496,-1.521276570871095e-17,0.0,0.006176323555016361,0.009959022487485905
256,0.00016942355889724314,1851.897206073272,1851.8968893314623,204530.35616576698,1.587173284174417e-14,31.415926530189292,413.45696537142146,31.415638346759412,-1.497817421415656e-17,0.0,0.006176323555016361,0.009959022487485905
256,0.00016992481203007522,1854.7744692915182,1854.7741616161552,204978.81050961194,1.597926110639832e-14,31.415926530189292,413.4414358842914,31.415638346903865,-1.5171209059635094e-17,0.0,0.006176323555016361,0.009959022487485905
256,0.0001704260651629073,1857.622897279324,1857.6225983656386,205422.66577627807,1.6087438550768937e-14,31.415926530189292,413.4258186992582,31.41563834704831,-1.5026549507668978e-17,0.0,0.006176323555016361,0.009959022487485905
256,0.00017092731829573937,1860.442700393006,1860.4424099476837,205861.9570982947,1.6196268818661864e-14,31.415926530189292,413.41011411165744,31.41563834719276,-1.4884422676476366e-17,0.0,0.006176323555016361,0.009959022487485905
256,0.00017142857142857145,1863.2340902747533,1863.2338080154643,206296.71980479013,1.630575557280752e-14,31.41592653018929,413.39432242561423,31.415638347337214,-1.5588040380761905e-17,0.0,0.006176323555016361,0.009959022487485905
256,0.00017192982456140353,1865.997279755377,1865.9970054103267,206726.98940387287,1.6415902494952944e-14,31.415926530189285,413.37844395375316,31.415638347481668,-1.470102106683625e-17,0.0,0.006176323555016362,0.009959022487485905
256,0.0001724310776942356,1868.7324827588782,1868.7322160663766,207152.8015654464,1.6526713285954286e-14,31.415926530189292,413.362479016913,31.41563834762613,-1.5225989852274558e-17,0.0,0.006176323555016361,0.009959022487485905
256,0.0001729323308270677,1871.4399142088578,1871.4396549169105,207574.1921044557,1.6638191665869658e-14,31.415926530189285,413.34642794386593,31.415638347770578,-1.520441107299578e-17,0.0,0.006176323555016361,0.009959022487485905
256,0.00017343358395989977,1874.1197899368024,1874.119537802714,207991.1969645643,1.6750341374052408e-14,31.41592653018929,413.33029107104016,31.415638347915028,-1.5233094077397753e-17,0.0,0.006176323555016361,0.009959022487485905
256,0.00017393483709273185,1876.7723265922375,1876.7720813822393,208403.85220225694,1.6863166169244785e-14,31.4159265301893,413.31406874224825,31.41563834805948,-1.5123388597973518e-17,0.0,0.006176323555016361,0.009959022487485905
256,0.00017443609022556393,1879.397741554807,1879.397503043696,208812.19397136912,1.697666982967204e-14,31.415926530189296,413.29776130841884,31.41563834820393,-1.5137938733149946e-17,0.0,0.006176323555016361,0.009959022487485905
256,0.000174937343358396,1881.9962528482486,1881.9960208190432,209216.2585080359,1.709085615313691e-14,31.415926530189292,413.2813691273331,31.41563834834839,-1.511493217468261e-17,0.0,0.006176323555016361,0.009959022487485905
256,0.00017543859649122808,1884.5680790563042,1884.567853299917,209616.08211605938,1.720572895711453e-14,31.415926530189285,413.2648925633658,31.415638348492838,-1.4942691543471518e-17,0.0,0.006176323555016361,0.009959022487485905
256,0.00017593984962406016,1887.1134392405602,1887.1132195554808,210011.70115268882,1.7321292078847742e-14,31.41592653018929,413.24833198723036,31.415638348637284,-1.4716732448607097e-17,0.0,0.006176323555016362,0.009959022487485905
256,0.00017644110275689224,1889.632552860226,1889.6323390522214,210403.1520148123,1.7437549375442854e-14,31.415926530189285,413.231687775729,31.415638348781744,-1.392369803247641e-17,0.0,0.006176323555016362,0.009959022487485905
256,0.00017694235588972435,1892.1256396938559,1892.125431575682,210790.47112555263,1.755450472396578e-14,31.415926530189292,413.21496031150673,31.415638348926194,-1.3250738064386728e-17,0.0,0.006176323555016362,0.009959022487485905
256,0.00017744360902255643,1894.592919763011,1894.5927171541348,211173.69492126524,1.767216202153858e-14,31.41592653018929,413.1981499828102,31.415638349070644,-1.2936659453346434e-17,0.0,0.006176323555016362,0.009959022487485905
256,0.0001779448621553885,1897.0346132578536,1897.0344159841925,211552.8598389306,1.779052518543651e-14,31.415926530189296,413.1812571832508,31.415638349215097,-1.3077359161954282e-17,0.0,0.006176323555016362,0.009959022487485905
256,0.00017844611528822059,1899.4509404646888,1899.4507483583536,211928.0023039397,1.7909598153185402e-14,31.41592653018929,413.1642823115722,31.41563834935955,-1.2793386968665263e-17,0.0,0.006176323555016362,0.009959022487485905
256,0.00017894736842105266,1901.8421216954218,1901.8419345944783,212299.15871826457,1.8029384882659506e-14,31.415926530189292,413.14722577142237,31.415638349504004,-1.2209574795318087e-17,0.0,0.006176323555016362,0.009959022487485905
256,0.00017944862155388474,1904.208377218941,1904.2081949671744,212666.36544900908,1.8149889352179764e-14,31.415926530189292,413.13008797113014,31.415638349648454,-1.1504169468280983e-17,0.0,0.006176323555016362,0.009959022487485905
256,0.00017994987468671682,1906.549927194409,1906.5497496411047,213029.65881733526,1.827111556061249e-14,31.415926530189292,413.1128693234861,31.415638349792903,-1.1645224383084702e-17,0.0,0.006176323555016362,0.009959022487485905
256,0.0001804511278195489,1908.8669916064594,1908.8668186061868,213389.07508776095,1.8393067527468494e-14,31.41592653018929,413.09557024552777,31.415638349937357,-1.1572127230216793e-17,0.0,0.006176323555016362,0.009959022487485905
256,0.00018095238095238098,1911.1597902022681,1911.15962161468,213744.65045781902,1.8515749293002663e-14,31.415926530189292,413.07819115832916,31.415638350081803,-1.0796941783493405e-17,0.0,0.006176323555016363,0.009959022487485905
256,0.00018145363408521306,1913.428542430501,1913.4283781201352,214096.42104807525,1.8639164918313922e-14,31.415926530189292,413.06073248679473,31.415638350226253,-1.0185743673054892e-17,0.0,0.006176323555016363,0.009959022487485905
256,0.00018195488721804514,1915.6734673821081,1915.6733072182028,214444.42289249814,1.8763318485445648e-14,31.41592653018929,413.04319465945775,31.415638350370706,-9.28480347583709e-18,0.0,0.006176323555016363,0.009959022487485905
256,0.00018245614035087722,1917.8947837329658,1917.8946385144038,214788.69192917418,1.8888214097486574e-14,31.41592653018929,413.025578108283,31.41563835051516,-8.101293267667439e-18,0.0,0.006176323555016363,0.009959022487485907
256,0.0001829573934837093,1920.0927096883252,1920.0925681283586,215129.26399136666,1.901385587867204e-14,31.415926530189285,413.00788326847334,31.41563835065961,-6.372597401304503e-18,0.0,0.006176323555016364,0.009959022487485907
256,0.00018345864661654138,1922.2674629290625,1922.2673040117181,215466.17479890128,1.9140247974485752e-14,31.41592653018929,412.9901105782808,31.41563835080406,-5.028236750204981e-18,0.0,0.0061763235550163645,0.009959022487485904
256,0.00018395989974937345,1924.4192605597057,1924.4191055354156,215799.45994988552,1.9267394551761984e-14,31.415926530189285,412.972260478822,31.41563835094851,-3.912422796288495e-18,0.0,0.0061763235550163645,0.009959022487485904
256,0.00018446115288220553,1926.54831905821,1926.5481678106992,216129.15491274503,1.939529979878817e-14,31.41592653018929,412.9543334138977,31.41563835109296,-4.531553607857317e-18,0.0,0.0061763235550163645,0.009959022487485904
256,0.0001849624060150376,1928.6548542274718,1928.6547066444057,216455.29501857943,1.9523967925408008e-14,31.415926530189285,412.9363298298157,31.415638351237412,-2.964502684887725e-18,0.0,0.0061763235550163645,0.009959022487485904
256,0.0001854636591478697,1930.7390811485425,1930.7389467073174,216777.91545381953,1.965340316312496e-14,31.4159265301893,412.9182501752191,31.415638351381862,-2.015828622010362e-18,0.0,0.006176323555016365,0.009959022487485907
256,0.00018596491228070177,1932.8012141355262,1932.801073559376,217097.05125319262,1.9783609765206232e-14,31.41592653018928,412.90009490091774,31.415638351526315,-1.6223659171003731e-18,0.0,0.006176323555016365,0.009959022487485907
256,0.00018646616541353385,1934.8414666921344,1934.8413294656218,217412.73729298098,1.991459200678721e-14,31.415926530189296,412.8818644597237,31.415638351670765,1.4976390510457456e-19,0.0,0.006176323555016366,0.009959022487485907
256,0.00018696741854636593,1936.8600514698717,1936.8599174950077,217725.00828457056,2.0046354184976312e-14,31.415926530189296,412.8635593062912,31.415638351815215,1.4078607891259763e-18,0.0,0.006176323555016365,0.009959022487485907
256,0.00018746867167919803,1938.8571802278254,1938.8570582227549,218033.89876828136,2.0178900618960352e-14,31.415926530189292,412.8451798969598,31.415638351959668,2.580177147536358e-18,0.0,0.0061763235550163645,0.009959022487485907
256,0.0001879699248120301,1940.83306379403,1940.832936041414,218339.44310747535,2.031223565011029e-14,31.41592653018929,412.82672668960197,31.415638352104114,3.572909352910747e-18,0.0,0.0061763235550163645,0.009959022487485904
256,0.0001884711779448622,1942.787912028381,1942.787787252531,218641.67548293457,2.0446363642087524e-14,31.415926530189296,412.8082001434743,31.41563835224856,4.583448721449169e-18,0.0,0.0061763235550163645,0.009959022487485904
256,0.00018897243107769427,1944.7219337870752,1944.721811902341,218940.62988750273,2.0581288980950587e-14,31.415926530189292,412.78960071907255,31.415638352393014,6.3032713568764755e-18,0.0,0.006176323555016364,0.0099590224874859
256,0.00018947368421052635,1946.6353368885384,1946.6352178120785,219236.34012098558,2.0717016075262313e-14,31.415926530189292,412.77092887798995,31.415638352537467,7.139544506882792e-18,0.0,0.006176323555016364,0.0099590224874859
256,0.00018997493734335843,1948.5283280808196,1948.5282117324982,219528.83978530107,2.0853549356197497e-14,31.415926530189292,412.75218508278004,31.415638352681913,7.839838402131772e-18,0.0,0.0061763235550163584,0.0099590224874859
256,0.0001904761904761905,1950.4011130104193,1950.4009993127095,219818.16227987563,2.099089327765098e-14,31.415926530189296,412.7333697968224,31.41563835282636,8.99743486695522e-18,0.0,0.006176323555016358,0.0099590224874859
256,0.0001909774436090226,1952.2538961925272,1952.2537850704155,220104.3407972798,2.112905231634624e-14,31.415926530189292,412.7144834841922,31.415638352970817,9.03782862052186e-18,0.0,0.006176323555016358,0.0099590224874859
256,0.00019147869674185467,1954.0868809826347,1954.0867723635313,220387.40831909588,2.1268030971944447e-14,31.41592653018929,412.6955266095335,31.415638353115263,9.567920274831911e-18,0.0,0.006176323555016357,0.009959022487485897
256,0.00019197994987468675,1955.9002695494999,1955.9001633631522,220667.3976120143,2.1407833767153967e-14,31.415926530189292,412.6764996379355,31.415638353259713,1.0293997886951376e-17,0.0,0.006176323555016356,0.009959022487485897
256,0.00019248120300751882,1957.6942628494273,1957.6941590278354,220944.34122414907,2.1548465247840374e-14,31.415926530189292,412.65740303481266,31.415638353404162,1.073408582233394e-17,0.0,0.006176323555016356,0.009959022487485897
256,0.0001929824561403509,1959.469060601841,1959.4689590791777,221218.27148156957,2.1689929983136906e-14,31.415926530189292,412.6382372657881,31.415638353548612,1.134402742349963e-17,0.0,0.006176323555016356,0.009959022487485897
256,0.00019348370927318298,1961.224861266115,1961.22476197865,221489.2204850415,2.183223256555543e-14,31.41592653018929,412.6190027965802,31.415638353693062,1.2466279832623017e-17,0.0,0.006176323555016354,0.009959022487485897
256,0.00019398496240601506,1962.961862019643,1962.9617649056668,221757.2201069714,2.197537761109788e-14,31.415926530189292,412.59970009289225,31.415638353837508,1.2949237010850185e-17,0.0,0.006176323555016354,0.009959022487485897
256,0.00019448621553884714,1964.6802587370948,1964.6801637368487,222022.30198854767,2.2119369759368155e-14,31.415926530189292,412.5803296203059,31.415638353981958,1.4003506198595947e-17,0.0,0.006176323555016352,0.009959022487485895
256,0.00019498746867167922,1966.380245970865,1966.3801530264723,222284.49753707586,2.2264213673684534e-14,31.415926530189292,412.5608918441773,31.41563835412641,1.4976706352515393e-17,0.0,0.006176323555016352,0.009959022487485893
256,0.0001954887218045113,1968.0620169326535,1968.0619259880539,222543.83792349973,2.240991404119256e-14,31.41592653018929,412.5413872295364,31.41563835427086,1.557126050549913e-17,0.0,0.006176323555016351,0.009959022487485893
256,0.00019598997493734338,1969.7257634761665,1969.7256744770514,222800.35408010287,2.255647557297841e-14,31.41592653018929,412.5218162409892,31.415638354415307,1.6884318354899085e-17,0.0,0.006176323555016351,0.009959022487485892
256,0.00019649122807017546,1971.3716760809045,1971.3715889746575,223054.07669838786,2.2703903004182766e-14,31.415926530189296,412.50217934262355,31.415638354559757,1.7419143791787526e-17,0.0,0.00617632355501635,0.009959022487485892
256,0.00019699248120300754,1972.99994383701,1972.9998585726476,223305.0362271248,2.2852201094115183e-14,31.415926530189296,412.48247699791705,31.415638354704207,1.8022967408943274e-17,0.0,0.006176323555016349,0.009959022487485892
256,0.00019749373433583961,1974.6107544311453,1974.6106709592602,223553.26287056503,2.3001374626368917e-14,31.415926530189296,412.46270966964846,31.415638354848657,1.9078835709149833e-17,0.0,0.006176323555016348,0.00995902248748589
256,0.00019799498746867172,1976.2042941333727,1976.204212406081,223798.78658681604,2.315142840893632e-14,31.415926530189292,412.44287781981177,31.415638354993106,2.0049069446439467e-17,0.0,0.006176323555016347,0.009959022487485888
256,0.0001984962406015038,1977.7807477850176,1977.7806677559042,224041.63708637207,2.3302367274324634e-14,31.415926530189292,412.4229819095329,31.415638355137553,2.1080142561596762e-17,0.0,0.006176323555016346,0.009959022487485888
256,0.00019899749373433588,1979.3402987874713,1979.340220411541,224281.84383079337,2.3454196079672388e-14,31.415926530189292,412.40302239898926,31.415638355282006,2.201454773705754e-17,0.0,0.0061763235550163454,0.009959022487485886
256,0.00019949874686716796,1980.8831290919227,1980.8830523255515,224519.4360315327,2.3606919706866235e-14,31.415926530189285,412.382999747332,31.415638355426452,2.2901424098134566e-17,0.0,0.006176323555016345,0.009959022487485886
256,0.0002,1982.409419189984,1982.4093439908731,224754.44264890178,2.3760543062658292e-14,31.415926530189296,412.36291441261085,31.4156383555709,2.2660293751349418e-17,0.0,0.006176323555016345,0.009959022487485886
