t,seed,N_u,N_v,M_u,M_v,M_v_exact,abs_Mu_drift,G_v,max_v_occupancy,d_min,overlap,m_center,E_sym,drift_resolution_number,R05_c0,R09_c0,c0_x,c0_y,c0_z,R05_c1,R09_c1,c1_x,c1_y,c1_z,R05_c2,R09_c2,c2_x,c2_y,c2_z,R05_c3,R09_c3,c3_x,c3_y,c3_z
0.0,0,40000,0,240.0,0.0,0.0,0.0,0.0,0,2.825705656153199,3.686397060680494,0.222,0.0006360319684984113,0.0,0.38290397748444344,0.6246844901939136,1.001980441462205,1.0006146149490345,1.0004227238898222,0.38300836608458033,0.6280436297770564,0.9993536840304555,-1.0006095145108524,-1.0012535104609723,0.38375058972815,0.6243756379333838,-1.00036749725726,0.9985346418301351,-1.0002756123344199,0.3827717380732901,0.6285224013121584,-1.0010934003567762,-0.9990141073618117,0.9983266299545654
0.04,0,40000,1531,240.0,9.186,9.410534603442438,0.0,4.500943239913638,1531,2.8165320188999767,2.9231313047282454,2.2680000000000002,0.001947598462583944,0.016547473394701705,0.4676433836416808,0.9007273125089619,0.9987567338081176,0.9983311157757209,1.0059215932301608,0.48413288311210995,0.907474453838729,0.9937682296240391,-0.9981507154924829,-1.004301095015384,0.47302431720162347,0.8895588368482291,-0.9952741039667865,0.9959709241210595,-0.9978130215463459,0.48384144586653216,0.8935095041650656,-1.000507845458241,-0.9936393742220115,1.0029367424424054
0.08,0,40000,3057,240.0,18.342,18.452076867207417,0.0,6.467112171483724,3057,2.797515808017686,2.9557109363909833,3.588,0.0037478799803906736,0.023273831333918124,0.4626427471265626,1.0583403688248354,0.9971015248339921,0.9926455161623426,1.0113309536597859,0.45680754038070304,1.0855189750330856,0.976397200741121,-0.989477665181159,-0.9988706003489867,0.44694388773180993,1.0495445700076955,-0.9869417201088764,1.0033570458535896,-0.99668142711195,0.4897208756494705,1.0778220393344273,-0.9926084591173101,-0.9984885780152464,0.9984322986461818
0.12,0,40000,4442,240.0,26.652,27.139095187882205,0.0,7.367558244431573,4442,2.781649692817377,3.0358133549152835,3.918,0.004922344715159522,0.030213017686760518,0.4308008623391718,1.188021496375473,0.9919985112502143,0.9897165120710341,1.0050059984906712,0.4462617139609395,1.2132201274825196,0.9776827627304847,-0.9887374940419047,-0.9895278031872552,0.3841731387072058,1.1698166834538024,-0.9682435852010132,1.0129870541922168,-0.9929426214106147,0.47001651780637577,1.2055834529135436,-0.9736581427109359,-0.9958578206742041,0.9928427437213481
0.16,0,40000,5833,240.0,34.998,35.48549064810928,0.0,8.28890326959536,5833,2.7747016760941876,3.2200485779260632,4.098,0.008043069177336479,0.03385295332790053,0.38333647435516727,1.2772859138245067,0.9839164382868706,0.9841898064507362,0.9917569695646735,0.3897878541122013,1.3046838080625935,0.9837447099037,-0.9818912678959819,-0.9849793155923967,0.3068514626082648,1.272536762920092,-0.9599803678885657,1.0360675947982827,-0.9945031607137809,0.4719077411391256,1.305614310315164,-0.9639379798576684,-0.9926366658443921,0.9912256504338366
0.2,0,40000,7191,240.0,43.146,43.50461926128436,0.0,9.460830154344677,7191,2.7536696793958715,3.51453805993409,3.894,0.011223802728057146,0.038129357464631315,0.3512909722720816,1.3598497165790675,0.9796516274766569,0.9715921853520406,0.9819181040488703,0.3032668450445892,1.3924076353476527,0.9924166660112483,-0.991007916182685,-0.9797272496681426,0.29656294363618424,1.3486013493983784,-0.9613948467203777,1.0501846855082189,-0.9960834636831635,0.43221731030645805,1.4147257303465997,-0.9598053381285476,-0.9831966572596471,0.9839087296971138
0.24,0,40000,8504,240.0,51.024,51.209313344027194,0.0,10.525376355799176,8504,2.7591499647217246,4.041297384910391,3.72,0.009272512010259396,0.040312394785525264,0.29572003296236377,1.4365330132974976,0.9861549290665774,0.9719353930774446,0.9772785974979907,0.26074383458687295,1.4666185176188657,0.9857210297119501,-0.9891790328149597,-0.9826123121490626,0.2998494548596024,1.4324047593075455,-0.9403269976520443,1.050898016309274,-0.9963831815266602,0.3903769067703592,1.4881119093999202,-0.9755280653943723,-0.9875911605889716,0.9708350481570669
0.28,0,40000,9682,240.0,58.092,58.611902050625886,0.0,10.88805193832225,9682,2.7600952523749855,4.522132294929456,3.504,0.00803666825762729,0.04602244529906659,0.25974476730405816,1.505147698870399,0.9850367216103972,0.9807821338723839,0.9725825266462005,0.22409180022781788,1.5358969006161345,0.9937718967821016,-0.9820085364045905,-0.967907690688409,0.2721588845495505,1.463769450612557,-0.9524039830227355,1.0298433753585003,-1.010258007286005,0.35275980266428186,1.5924681757309542,-0.9830912885562295,-0.9886942010224846,0.9672764157067819
0.32,0,40000,10933,240.0,65.598,65.72423110231418,0.0,13.473297308961184,10933,2.7459692613561644,5.294825097154544,3.2520000000000002,0.011514900021491898,0.05244868448287292,0.2388965566229336,1.5535446596753355,0.9649606449138295,0.9893009793261776,0.9647812982318387,0.20917451277032906,1.5883296221085532,0.9973143909875795,-0.9839266418719994,-0.9625687173563051,0.23310846218311024,1.525886042422566,-0.9512885681684606,1.0430235494173852,-1.0012934773393294,0.28645136444713526,1.6391538716552205,-0.9882336377057541,-0.9911434495749178,0.9824331056399283
0.36,0,40000,12099,240.0,72.59400000000001,72.55768174295255,0.0,13.542480477523108,12099,2.6973297946619668,5.858972142784316,3.0180000000000002,0.01963579728211567,0.05425027397822593,0.22268234745388438,1.6125559107934808,0.9540906513941714,0.975958762863713,0.9481681491555403,0.19567068854011208,1.61711783885413,1.0086901408305184,-0.9932378540510882,-0.9570218010378575,0.21960743107187763,1.6025671439831466,-0.9216636962425717,1.059559970841864,-0.9883608298472577,0.25190467791146687,1.7093912825383646,-0.9931891195153764,-1.0082957688949152,0.9984494826353094
0.4,0,40000,13238,240.0,79.428,79.12318895144656,0.0,13.686052000865367,13238,2.70148818789916,6.286799422360123,2.766,0.021955171982442553,0.053982434512379183,0.19707062798703429,1.6749325256122456,0.9542678718780824,0.9569980839938763,0.9621577222626483,0.1891676868281966,1.6664726393553508,1.0120541204494886,-1.0074191712391993,-0.9215114327439844,0.20463652779660074,1.6297858995473462,-0.9133219686129603,1.0727123325340662,-0.9863691135130637,0.24308460459510686,1.7683200886107389,-1.0058516409883111,-0.9956022918440315,1.0121590910321476
0.44,0,40000,14201,240.0,85.206,85.43125894004609,0.0,14.087260507067574,14201,2.711618860093086,6.242843497837573,2.5500000000000003,0.01793619321284816,0.05366312388145115,0.19280981008363093,1.6992581939877591,0.9536636162158487,0.9589057071290066,0.9819503440208699,0.19388803966433454,1.730562545263611,1.0150014755811148,-1.0026075072414713,-0.8988342460011287,0.2042172817222091,1.659519384606855,-0.9261953589610794,1.0622238632068353,-0.9695445789763575,0.2479739183145437,1.8227761878598314,-0.9984334856536243,-0.9804935942903565,0.9938404990651106
0.48,0,40000,15226,240.0,91.35600000000001,91.4919859665262,0.0,15.253636606051783,15226,2.7123323639444035,6.596226623144264,2.43,0.01840282075277137,0.05839918479459867,0.1892333261441408,1.753282873955871,0.9386098553036684,0.953218340804888,1.0019235240706568,0.19108043780853762,1.7405832570190372,1.0047196925722464,-0.9914273241768683,-0.8925299729241054,0.19502072272312374,1.7087164578010634,-0.9229948900571436,1.0591427205460358,-0.9678365248507328,0.22378063073475243,1.8732445388072625,-0.9770654469339277,-0.9838311095022183,1.006554300414793
0.52,0,40000,16283,240.0,97.69800000000001,97.31506848715338,0.0,15.238432404555176,16283,2.7125800605179435,6.761629805430983,1.986,0.01688006092785729,0.056705701656915665,0.18522512878322195,1.7974902358841405,0.9456914866031516,0.9516814262465143,1.0201464988289546,0.182787770684852,1.7604773205382784,1.0316426144610702,-0.9952425550880388,-0.8956219524276685,0.196984142044542,1.74495424229382,-0.9198674323519045,1.0538214513860416,-0.9779877633990246,0.2159473900581944,1.943521418007015,-0.9666589217123098,-0.9719324268871503,0.9933837529408125
0.56,0,40000,17278,240.0,103.668,102.90982467628443,0.0,16.235531825296775,17278,2.6949239225298753,7.324648007610402,1.854,0.01574061736011491,0.06370734531169936,0.16797100087597217,1.8207367259845904,0.9359844797254695,0.9443130376583424,1.007886937657763,0.17440718630830196,1.8093821193980053,0.995593840504152,-0.9958724273216113,-0.8961175933995804,0.18657181431103562,1.7513829805371024,-0.9149855051676559,1.0446273023275632,-0.9948066740173367,0.19779432705946637,2.007242296011015,-0.979999686462687,-0.9507615992802689,0.9902306761034314
0.6,0,40000,18250,240.0,109.5,108.28520733743366,0.0,15.74440010100062,18250,2.6725320599682236,7.2631920052692625,1.734,0.019327120033642824,0.061555705704405904,0.1862827930689263,1.857615743619547,0.9268598917747557,0.9107971956798719,0.9944433149299332,0.17471476790267884,1.8175886164403645,0.9934535159507236,-0.987240971013799,-0.9180370885633318,0.17838364441287907,1.7924454583641147,-0.8829310481644379,1.0626614680250164,-0.9963171118567322,0.1816727914770101,2.069792542187993,-0.9877624268772376,-0.9536830825775837,0.9754096482662948
0.64,0,40000,19072,240.0,114.432,113.44981822966835,0.0,16.38535536349312,19072,2.666437069127655,7.262093372720527,1.62,0.017462099418732287,0.05894164245386598,0.1795430142222828,1.8933793274270592,0.9255858660360001,0.9026243331675552,1.0277525482227121,0.176867755874844,1.8357747799556885,1.0218634063155383,-0.9943220307410527,-0.9240591720798763,0.1796082110972096,1.805949172661765,-0.866217069831829,1.0557335354636388,-0.9863961071338938,0.1876289473974772,2.1412169299113715,-0.9855399251875934,-0.9556471881001993,0.962088197290889
0.68,0,40000,19922,240.0,119.532,118.41192183225851,0.0,16.623414053324836,19922,2.6555736587666727,7.396340273991446,1.374,0.02149284033756066,0.06509493208180836,0.1761214327783602,1.9236112286541094,0.9130616336400976,0.8866976547461283,1.0406637951941216,0.17158886791811193,1.8771030855231718,1.0359660765380667,-1.0185360490843696,-0.9095412854421667,0.17339479843683486,1.8393414587978416,-0.8761090910520748,1.0561734250398196,-0.9985756554290495,0.18291743785131523,2.1717924467523937,-0.9871650248221115,-0.9668590168041176,0.9662476077310824
0.72,0,40000,20650,240.0,123.9,123.17945856960678,0.0,16.709339227421463,20650,2.628075543261894,7.164378726185278,1.182,0.02246301057762393,0.06781524705868643,0.17240033105654023,1.944881769923661,0.9137239897687559,0.8898201167579192,1.0637710542260708,0.16658030331738158,1.8832527176696292,1.032841115326014,-1.0244392508055054,-0.9321522478895083,0.18493744037673096,1.8850459916909617,-0.8636029484966095,1.0524044024787909,-0.9895246051220674,0.1944249923530767,2.2497470654610106,-0.9728734429202586,-0.9377223860191108,0.9764807992946736
0.76,0,40000,21492,240.0,128.952,127.76005751762179,0.0,17.151764601779647,21492,2.5779814338833815,7.084864154483492,1.056,0.026829981818681115,0.06878445887561643,0.17042695009815947,1.990135545366007,0.9275049584849224,0.8719427595389169,1.0478775672324776,0.17810151954151343,1.8770449847770667,1.023757452047274,-1.0365094674788757,-0.945254888422383,0.15986424134230331,1.8913354416615455,-0.8605488799682091,1.0477996378394332,-0.9937543706102012,0.19344473151368424,2.29375677403389,-0.9332257127585768,-0.9103025127539697,0.9626048756437511
0.8,0,40000,22201,240.0,133.206,132.16104861186682,0.0,16.85714164778419,22201,2.546174914495777,7.203550782355516,1.098,0.030082867284985076,0.06330614442833188,0.1696586557374202,2.0247324749642517,0.9202463176446534,0.8555914993296767,1.0291118898093483,0.16860051842485557,1.9322203157230122,1.0304823814399597,-1.0370005177931674,-0.9427930156511959,0.16619428550542853,1.889986458781408,-0.8614706572262287,1.048913228660159,-0.9951297838905937,0.18380243469209623,2.32524204831167,-0.9205371919933203,-0.9007622002621263,0.9303979202677102
0.84,0,40000,22835,240.0,137.01,136.3894743770209,0.0,16.11444973029014,22835,2.567480130415358,7.043798068117078,1.038,0.0271485714842483,0.06385886941476814,0.18750821197250606,2.0520028800751953,0.9330008882069816,0.8769571753631249,1.0310362874446213,0.1863898015293829,1.9464274435185316,1.027657639963218,-1.0430945765387465,-0.9503654767488552,0.17260233914374784,1.888753317353829,-0.8375103665579564,1.0442172049036902,-0.9995392361860249,0.1769940218488685,2.4027704338291844,-0.9018575652280685,-0.9149032863931055,0.9106836325908692
0.88,0,40000,23519,240.0,141.114,140.45210119642047,0.0,17.182385263404495,23519,2.583264521068793,7.307882271725184,0.87,0.02546300197416147,0.06672657295813704,0.1697611140229122,2.095037559995048,0.9566379565981835,0.8837450401687335,1.0007855032264716,0.17347756994748947,1.9623170733026722,1.0156138163223787,-1.0754971447913704,-0.965805720439338,0.17323343390524026,1.929258724559903,-0.8040837599265576,1.0273194854613408,-0.989834493027236,0.18372905248724936,2.4502136179624974,-0.8929279973854571,-0.9170431638353378,0.9031985573927406
0.92,0,40000,24211,240.0,145.266,144.35543013971662,0.0,17.4404679723176,24211,2.5931183148579855,7.87336990540548,0.84,0.02648120144363281,0.06469984010393187,0.1616935493022993,2.1048088115888017,0.9470762499589602,0.8946487684140934,1.0202911642098016,0.16730734552253027,1.9971060806241443,1.0029755832325318,-1.0804399485064602,-0.9696373971568022,0.16822393988485485,1.9136553857524397,-0.8103857322565737,1.0176723937455545,-0.974488598804168,0.16765949088417467,2.471597856631262,-0.9096468099563788,-0.9102581590339351,0.8818965946607875
0.96,0,40000,24857,240.0,149.142,148.10570736597313,0.0,17.20969218906477,24857,2.5763428087610127,7.467996202705213,0.75,0.03138920862663375,0.06264254343174641,0.1717373632606785,2.095415688517309,0.9603909178226058,0.9163623516543797,1.0494031490950544,0.1711912549211222,2.0211756634469706,1.0173504020882742,-1.0760265382323357,-0.9553906099275942,0.1649702388074023,1.9565257045880717,-0.8083990058511166,0.9886736722018732,-0.9796351543161954,0.1732471197024698,2.494109757742555,-0.8687110569963314,-0.8889014404723028,0.8678793908581852
1.0,0,40000,25447,240.0,152.68200000000002,151.70893411885385,0.0,17.525987803199104,25447,2.588627994577995,7.644745364367351,0.7020000000000001,0.030558046737474327,0.06393016843809649,0.1634692362507293,2.121809161744417,0.974117199019692,0.9075002060127177,1.0809248831657952,0.17139651690843727,2.05509139509958,1.0335134782262676,-1.0760083523597448,-0.9174566733281813,0.16967800554917747,1.9800823292410257,-0.7727807178668487,0.9823647558816875,-0.9682168327631375,0.17087771014129943,2.5258443753850655,-0.8849772056510741,-0.8790794698191249,0.8509336860748427
1.04,0,40000,26032,240.0,156.192,155.17087632989276,0.0,18.338761207208826,26032,2.574821045865915,7.635119835188989,0.66,0.03296376452123398,0.07112372486564719,0.1531062571108272,2.152247293897733,0.9907197979482891,0.889257337630446,1.0843599780954811,0.1662694571145236,2.1027584400928,1.0359917565649495,-1.086094143229591,-0.9422158605329312,0.1664260829215114,2.0196217783434016,-0.763359475041808,0.9895495797955007,-0.9694499045930467,0.17389022033517249,2.5358720163007624,-0.8863289308641855,-0.8580390388671315,0.8533905849370935
1.08,0,40000,26654,240.0,159.924,158.4970738452146,0.0,17.440985553746664,26654,2.5289124334476147,7.565803284858322,0.5700000000000001,0.0373836012220641,0.07751037787357187,0.14648347600958683,2.175558974952522,0.9620269311676308,0.8827796137669512,1.1023673252561466,0.1774722335642162,2.154541197232437,1.0327411552469776,-1.0693103291797037,-0.9383798023342012,0.17630445314209273,2.011490306396117,-0.7697112421722458,1.0013403340392522,-1.0113996943432877,0.16789977195106204,2.5114551205550377,-0.86889844230818,-0.8417080762646236,0.8392084763873271
1.12,0,40000,27212,240.0,163.272,161.69284929047052,0.0,17.478432217103666,27212,2.519679291785307,7.661194842839169,0.54,0.03989044451172534,0.06730843602400945,0.16168862378312032,2.2437137128635603,0.9689191020372121,0.8710834069974203,1.1100070733978908,0.17464710736531702,2.1746712250050537,1.019094187249208,-1.0802819439354723,-0.915761967544471,0.16664203068334288,2.0062964332428392,-0.7951315822460305,0.9895061953040942,-1.0177289099556912,0.16434948536869082,2.5267481551907576,-0.8705068151431039,-0.8309320425470057,0.848397749846252
1.16,0,40000,27626,240.0,165.756,164.76331658817475,0.0,17.319415691743167,27626,2.4977406191550644,7.230311371084993,0.522,0.03605751349525067,0.0628666080791378,0.17176890180786847,2.2463696512887714,0.9563461775772346,0.8297531101693236,1.1116733645916401,0.17384931580521945,2.2025501921995114,1.043998066238836,-1.0426001829114462,-0.9207363085265481,0.17774390196389517,1.9786375526561106,-0.7936362600035176,1.0070912449556735,-1.0337817405681653,0.1736851859847917,2.539366269673268,-0.878082285850704,-0.8500993930387795,0.8843498492923931
1.2,0,40000,28054,240.0,168.324,167.7133891410715,0.0,16.804146479216,28054,2.527213020537841,7.276596338926911,0.456,0.033138932152062664,0.062372655010832716,0.16841176164722035,2.2602292557108923,0.9543841641314783,0.8338667332590406,1.1170074170244142,0.18416518867033316,2.1995586837429206,1.0250591599665926,-1.0420882895900885,-0.9394521906398046,0.16783006704398148,2.0377742815370734,-0.8234405834070584,1.0230775814736415,-1.0072961644472107,0.17889526251986876,2.5706144440088794,-0.8929615752632953,-0.8795829593593183,0.9215348583824747
1.24,0,40000,28567,240.0,171.40200000000002,170.54778769462783,0.0,17.065766173704144,28567,2.541120353463133,7.722363597375596,0.396,0.03287110165145756,0.06429102790842138,0.16223946998034566,2.252981165457776,0.9728620170453182,0.8304000156272284,1.1427332802969232,0.1739694018584298,2.216224913452995,1.0519720326824782,-1.0468049500820253,-0.9272686088327848,0.1712827888576991,2.0505881729421405,-0.8014700371043171,1.0065749610716077,-1.0212647153011147,0.16682045078364416,2.5829068012206595,-0.8813070483232153,-0.8950637498192009,0.937490687382085
1.28,0,40000,29047,240.0,174.282,173.2710478912334,0.0,18.838755321825744,29047,2.561562519950076,7.907185721661093,0.34800000000000003,0.032576521864806064,0.07108621523937242,0.15648243592266708,2.26888868439865,0.9755006909059301,0.8533448057078781,1.1566973993058198,0.16451174727683393,2.235700985877771,1.0337666835373431,-1.0571653428714498,-0.9416415592503036,0.17370776571530389,2.0197941190319253,-0.813736394439081,0.9846548420160497,-0.9855011321188654,0.16684984144992818,2.5931281374281876,-0.8846205440885502,-0.8946249127315937,0.9418639797588924
1.32,0,40000,29459,240.0,176.754,175.88752752819593,0.0,17.391639504038494,29459,2.540529114361168,7.353146226703861,0.33,0.033342740655871034,0.06701358354604825,0.1824568290894774,2.283864707434311,0.9602428929022411,0.8487535040650807,1.1360580053140508,0.16673296644259517,2.2450277668531218,1.0347054314269117,-1.053705114016859,-0.9552004756231982,0.16566105516260515,2.062843898395491,-0.8235489295217571,0.988134493063412,-0.968760584524313,0.16304549549845504,2.6043200906091792,-0.890072127367346,-0.8815911632231952,0.9449301971109412
1.36,0,40000,29860,240.0,179.16,178.4014135311466,0.0,17.922442910239415,29860,2.491345475043852,7.319514762387974,0.28200000000000003,0.03508397144037265,0.06774033681230067,0.1663984602511815,2.3116272938370344,0.9294884423095766,0.82433454267853,1.1146828201773538,0.16692088809775363,2.2413504045161945,1.0427017199850734,-1.03682166286782,-0.9475278912127463,0.16775939759167996,2.1301860573555302,-0.8086544062451235,0.9958968921571563,-0.9356199602520876,0.173971845147459,2.5783600267353872,-0.895581388842527,-0.8629280243082249,0.9441911268747925
1.4000000000000001,0,40000,30370,240.0,182.22,180.81672865401444,0.0,17.408797622043057,30370,2.4948766879754207,7.196610929820974,0.27,0.03296853271265677,0.06923408252667058,0.16599356939560966,2.3208809374992154,0.9193587152749352,0.8181993918647583,1.106685620876318,0.1644056421708568,2.234800994783785,1.0616675169213154,-1.0121731506471665,-0.9371722842164392,0.1594882190280723,2.1177652595661143,-0.8229613725141984,0.9639536148086032,-0.9365520681244313,0.18068026253787298,2.5660896307849597,-0.9139439709045822,-0.8657361255906073,0.9400359220992129
1.44,0,40000,30699,240.0,184.19400000000002,183.13733791629076,0.0,17.90096626593605,30703,2.4925732034501302,7.259207746159474,0.222,0.03146583920193132,0.06606246070266024,0.16292736922502715,2.3314388718320305,0.9295961971148028,0.8099629799246939,1.1075321033923657,0.16946827301361098,2.24912718650696,1.0438946559537472,-1.0327662308256063,-0.9066218952581906,0.16373415107755332,2.1163363922380425,-0.8158016536682524,0.9653738314749507,-0.9402129498476608,0.18043974335951635,2.583493488722469,-0.9144622026552902,-0.8601398684462014,0.9554588688689005
1.48,0,40000,31106,240.0,186.636,185.36695478788494,0.0,17.79688657901235,31106,2.509113173908716,7.254666530290288,0.192,0.02623109581870987,0.06873093588209096,0.1667141297158367,2.329176324531806,0.9442073082812303,0.8287966771574968,1.0806893701183142,0.17580086017167565,2.2552629796393036,1.040844288776876,-1.0171789918386231,-0.8954595311296822,0.17304492856578993,2.1235213698270976,-0.8130488551894315,0.9444569007770678,-0.9400373372353759,0.1791478287122258,2.5687859896494993,-0.9049818470565638,-0.861161194854108,0.9385951123547658
1.52,0,40000,31473,240.0,188.838,187.50914713146847,0.0,17.574710863296065,31473,2.4858135641407815,7.621762688229223,0.198,0.028226505685137595,0.06702722453618584,0.15384380977282588,2.3817707436331554,0.9253455190195652,0.8038597998832424,1.0475739335077359,0.1665433646099027,2.2241014154601055,1.0515186800954988,-1.0134424432126021,-0.9079042848609369,0.1694897983320886,2.1373735048550975,-0.8184808531516481,0.9216319080791129,-0.9449603917996656,0.17075484423642065,2.563576998329981,-0.9168042426556617,-0.8614292199975271,0.9354766030723258
1.56,0,40000,31802,240.0,190.812,189.56734291181647,0.0,17.566318332325867,31802,2.4743729906734417,7.607681188539266,0.12,0.02845835267549721,0.0655654911475716,0.15958438032732303,2.378841830853313,0.9468787902819669,0.8077561494981715,1.0497209501007827,0.17072942381802714,2.297672608849166,1.0447738906075674,-0.9977968816013609,-0.896142483674133,0.1734679842632556,2.1530530955185196,-0.8260943765704809,0.911663430291962,-0.9518918473495281,0.1656622919965655,2.5551480680911562,-0.8960180082839857,-0.8403263791715432,0.9493363621241686
1.6,0,40000,32147,240.0,192.882,191.5448356812827,0.0,18.33373605493468,32147,2.471548234959964,7.346756811141176,0.07200000000000001,0.02964407635337846,0.06750258749719483,0.17091960296194808,2.37903106355816,0.9373176083937773,0.8006672749881742,1.0549912050026133,0.16584130383535062,2.3052029224603516,1.0121427343066287,-1.0427761743069608,-0.8784232686826332,0.16529191358059706,2.1784301734443132,-0.8444873621510744,0.8867293868501971,-0.9601438307371097,0.1654939055418208,2.5566672335579046,-0.90613016479577,-0.8425009869296929,0.9537536216551894
1.6400000000000001,0,40000,32508,240.0,195.048,193.44478985018594,0.0,18.091008052822737,32508,2.4526885943834493,7.391392833082961,0.07200000000000001,0.03368561875037343,0.0705702287341909,0.1689229345419523,2.394826956068013,0.953265067807342,0.7960173715982162,1.0475842590774258,0.17611819818826624,2.3257144430360905,1.0140679694438752,-1.0299464010160326,-0.9046671746354145,0.16393213701645118,2.18315170022367,-0.8503886961408007,0.9176520196352165,-0.9544071495396809,0.1629074321793939,2.556443323547696,-0.8944006423292814,-0.8140174619906766,0.9496016114587107
1.68,0,40000,32864,240.0,197.184,195.27024575054162,0.0,17.851101466478834,32864,2.4745452753341466,7.788727105623608,0.114,0.02819239160886794,0.06766974913228145,0.16169733710440992,2.4023621715608847,0.9465654210909049,0.7955666176761182,1.0450725230685958,0.17098162281675455,2.3134916458956245,1.0019045797404882,-1.013849517315439,-0.8970417412843936,0.15990639336189605,2.19392077560574,-0.8358708923235865,0.9003131972603011,-0.9751735839130165,0.15601122320032562,2.5598799488315085,-0.9108691042507253,-0.834128116265088,0.913139290288675
1.72,0,40000,33109,240.0,198.654,197.02412450124163,0.0,18.102679664950063,33109,2.4834159842327517,7.545715878269154,0.09,0.025912816978668346,0.07215937271125658,0.16571275679778225,2.4152381799350615,0.956425652630176,0.7878684060007126,1.0427105891015263,0.17685624977295308,2.3377718221630057,0.9767969339777718,-0.9900597646099456,-0.8867932156111582,0.16702595588522304,2.1126937968377386,-0.8305715241129548,0.8694538047528342,-0.9806536206571064,0.15574994433430342,2.5512391436336697,-0.9178419634498312,-0.8359924225200626,0.9102271423909469
1.76,0,40000,33330,240.0,199.98000000000002,198.70923268246787,0.0,17.7168470114864,33330,2.4908519015474786,7.37269631529461,0.078,0.0270052471951732,0.0648133252145458,0.16375356730192597,2.3982909611135628,0.9658583994352732,0.7997339739135878,1.0428137379995501,0.16550809965075466,2.3485230355621893,0.9892483585503307,-0.9950737811534722,-0.8837093106047451,0.17340580243848946,2.2313201383938313,-0.79881932682102,0.8622713708672798,-0.9777365956852693,0.1658279287259054,2.5411422404988544,-0.9356580232141507,-0.8013886458330832,0.8847477822317611
1.8,0,40000,33493,240.0,200.958,200.32826682681923,0.0,18.05642697575867,33493,2.4554604518220917,7.27923833317655,0.084,0.028914754034181374,0.06755671264469594,0.17628996792271032,2.39651369409022,0.951613460128014,0.8001635668216363,1.0365870496653828,0.1667585695130363,2.343295039550096,0.9818936252513426,-0.9874457357195361,-0.8998370422239432,0.1714646335678851,2.21299355720733,-0.7962506335204562,0.87045021149759,-0.9669529026720367,0.16103384803628243,2.5364029701892603,-0.9209897180287454,-0.783575533275334,0.9165294366473278
1.84,0,40000,33736,240.0,202.416,201.88381773433906,0.0,17.39530470371873,33742,2.5289875193992324,7.397413432494516,0.084,0.021477459184914983,0.06667898025082873,0.16634435677047874,2.415317489909517,0.9582868258094379,0.8135971937742248,1.0212749643485264,0.16494846551298237,2.3314112546162202,0.9764693619652105,-0.9976116677940654,-0.8855161592748484,0.1631256964515856,2.285233751945878,-0.8140087922261223,0.8802874115926258,-0.9646409436214176,0.17553021093857807,2.5805131116784725,-0.979798060142925,-0.8077197653415746,0.9166988379926719
1.8800000000000001,0,40000,34004,240.0,204.024,203.3783746183479,0.0,18.023833456405374,34004,2.535420457189771,7.584548980985955,0.108,0.020183872341191476,0.07503960925309547,0.16651237323935475,2.454523670016721,0.9560032247331334,0.8125951425506441,1.0347923335390465,0.1626431862861341,2.3243662937319534,0.945108377385421,-1.0146643213808249,-0.895758740034843,0.16942343209347688,2.316603408469585,-0.8185048505822188,0.8972977023749307,-0.9695405704312794,0.16777519791958034,2.5814170634734053,-0.9776999470585785,-0.8231981209429282,0.9193395845544092
1.92,0,40000,34183,240.0,205.098,204.81432908871597,0.0,18.1672770958142,34183,2.506249530653269,7.547208428162207,0.114,0.024550523032440166,0.0696212237343269,0.16849186372538083,2.4086814110593466,0.9478476748549509,0.8166715345163684,1.0451696539023185,0.171201990924557,2.3747487997415355,0.9329446969992805,-1.009214929805986,-0.9242825128717786,0.17089540706775266,2.2956937451928248,-0.7996152433735855,0.904613497260228,-0.9643203187904756,0.16301864006650657,2.5725712793415036,-0.95474464389663,-0.8106517155686346,0.9300687492143185
1.96,0,40000,34421,240.0,206.526,206.1939789789492,0.0,18.09000922749626,34421,2.5007318621593626,7.504037121031221,0.132,0.024910496056376793,0.0686466844452826,0.15989174317501875,2.4104472061125044,0.9431754382788595,0.8298451959301154,1.0289881102557086,0.17598525457675576,2.377216008846526,0.9427523969270437,-1.0153862585356492,-0.9130572933613923,0.17167076265654985,2.290899854141071,-0.8238351340846313,0.9038526351898426,-0.9536952819240545,0.1645544465747091,2.561780219985384,-0.9474386486304907,-0.8029467227964409,0.913971716032064
2.0,0,40000,34677,240.0,208.062,207.51953202321295,0.0,19.463939461585223,34677,2.474039679983398,7.551161693206027,0.12,0.02400395467341346,0.07490074180273874,0.16475012271768263,2.4005018082760676,0.927540892741356,0.7997098597820438,1.0145781042000426,0.16505465781645606,2.3567697552680738,0.9334769569356789,-1.0071662041093434,-0.9018159142465061,0.1544103030313943,2.2700357358569723,-0.8314001130378372,0.8924998704005436,-0.9617358448464453,0.16288683971279405,2.541801153101468,-0.94801121865871,-0.8094661922249307,0.8974070787613471
2.04,0,40000,34825,240.0,208.95000000000002,208.79310938917777,0.0,18.130364944847162,34825,2.4682400346164077,7.485108149117464,0.078,0.025112770877472764,0.06644606695547779,0.16272828787059648,2.406894582833302,0.9261918507178084,0.7784801677284845,1.0163924635126502,0.1693706189030309,2.356963592394714,0.9290249930943064,-1.0302531291925385,-0.8964093694124919,0.16478453968086593,2.2643618871273126,-0.8292890793613568,0.8811143193613118,-1.000209081685533,0.16702513525227813,2.5501343375660133,-0.9499836427948214,-0.8218119070965839,0.9103751947404239
2.08,0,40000,35062,240.0,210.372,210.01674907234022,0.0,18.1884110123411,35062,2.436120160102065,7.281053292213315,0.06,0.0299366403403923,0.07174273680193284,0.15547569241447956,2.3562967901557323,0.9326451691702129,0.7812401214541751,1.0167341093023392,0.1740149019664103,2.377337808780356,0.9369132640599016,-1.02425372617075,-0.8988744403341613,0.1659664805012483,2.3058138931218384,-0.8245988465562153,0.8961973400879923,-1.013222556035454,0.17910778916879094,2.549673323981031,-0.9227708099884993,-0.7948528693983477,0.9270465241872516
2.12,0,40000,35225,240.0,211.35,211.19240915725038,0.0,17.765053692822907,35240,2.4306506078590844,7.043365886686481,0.06,0.029584919081765068,0.07201413677410863,0.1498744284146532,2.388246242556381,0.9176496410992607,0.7912226724701865,1.02011703624561,0.16364371683223683,2.382353257292352,0.8994164485080507,-1.0184736864323005,-0.9138878243507591,0.15729608231669612,2.2422381107755514,-0.8268290333348443,0.8980829423341952,-0.9688779976204946,0.19522344765246283,2.515532822315819,-0.9281962439670615,-0.7857565250790284,0.9015760873439866
2.16,0,40000,35516,240.0,213.096,212.321970950865,0.0,17.89726547242858,35516,2.443078923140003,7.167567749068955,0.09,0.027543622742069652,0.0702670731961324,0.15847540863818035,2.37847991544356,0.9281971627945929,0.7757847191145855,1.0049707505726717,0.17128175315305355,2.390820378437741,0.9003943249436874,-1.0391483543572058,-0.8907668921283429,0.1630453934569377,2.302837351831467,-0.8260104082590765,0.8915391809451947,-0.9514783421335435,0.18237646868901353,2.5188305212548623,-0.9521371887421921,-0.7791889140956645,0.8823561056783094
2.2,0,40000,35667,240.0,214.002,213.40724199303986,0.0,17.685202797063436,35669,2.4458520626210807,7.21788584118192,0.06,0.028893048177902246,0.06461605060156163,0.16415226027492985,2.3870999961801522,0.9230750856100993,0.7924451098977832,1.0174111781356618,0.17398381658972906,2.374083522055286,0.8633673260069994,-1.050460087372886,-0.8535495755081168,0.16985361288620082,2.2585557727538568,-0.8463529222100155,0.9010301425503506,-0.9385944498207639,0.1735611663326368,2.505340784758644,-0.9484134326924707,-0.7765497933961072,0.8833289961455097
2.24,0,40000,35823,240.0,214.93800000000002,214.44995894897934,0.0,17.964966608657605,35861,2.4541167976040508,7.376936899910208,0.066,0.02369218425923508,0.06833266754756803,0.1570782249142997,2.3947988657093413,0.9097194013620458,0.7775106826799183,1.0110784476390187,0.17266923796978614,2.364347092222621,0.8623352913405178,-1.0491745889368502,-0.8419466996761482,0.16427223606572328,2.3107691337245546,-0.8429534610202127,0.9022366230151171,-0.9354897367178001,0.17132179974001277,2.5205128424853287,-0.9715266624089303,-0.7940310251390832,0.893353495254634
2.2800000000000002,0,40000,35996,240.0,215.976,215.45179038827104,0.0,18.925905196536807,35996,2.443689855336591,7.287620628037302,0.06,0.027640576603108195,0.06856897854053425,0.16164202646703307,2.390584128748226,0.9102214460373528,0.772082041659587,1.020146065753556,0.17282796241324622,2.3607821009495815,0.8441840429420697,-1.0463343009082324,-0.8179398335079018,0.16119377759031014,2.3370158749265477,-0.8504149993478745,0.9182060498389593,-0.9408610129831612,0.16890038287362769,2.4943015999785696,-0.9671383541923699,-0.7851368105596084,0.8711167537055076
2.32,0,40000,36211,240.0,217.266,216.41433945495325,0.0,18.280192341383398,36211,2.4065436186259883,7.320168119484862,0.054,0.02942832799525382,0.07013481451288182,0.15852147705974828,2.3652050601203993,0.9051264724855503,0.76807934305491,1.0269331385485057,0.16302054046367687,2.401874124678911,0.8585564525779708,-1.0313141264099857,-0.8100048290264894,0.15960167097537326,2.308202731973141,-0.833300418943896,0.8940251130295884,-0.9423240558953907,0.17023376180153388,2.475492138270984,-0.9427365706416229,-0.7671188880093576,0.8854384265222546
2.36,0,40000,36404,240.0,218.424,217.33914643288742,0.0,18.470489355631035,36404,2.3890907064666123,7.257578587992603,0.042,0.03252267381146347,0.0690253692504661,0.16059198929692864,2.342237431133322,0.8840285419688687,0.7481357661562047,1.0214648618817526,0.17032490205915654,2.3725929744915844,0.897655825601336,-1.0409006842216657,-0.8101280334509369,0.15772043864956875,2.288524496193727,-0.8497264632944361,0.8935879393535275,-0.956709704666264,0.16859365816120225,2.4939029946813376,-0.9537442917895707,-0.7717513847876649,0.8790272839034019
2.4,0,40000,36499,240.0,218.994,218.22769121054102,0.0,18.269170952890168,36499,2.3741977957033598,6.909090151434819,0.066,0.035857447583144186,0.06924870739088554,0.1710796835970177,2.3324277382431506,0.9016547638356096,0.7468867619408286,1.0054050457327772,0.17370944751455164,2.3881513928056393,0.8591737597978861,-1.0466557447505043,-0.8151477184866218,0.16347672897382065,2.2845449491412793,-0.8636132328465029,0.8979114278933809,-0.9534230715193557,0.17255424556951762,2.462771410350174,-0.9428101824374941,-0.7421865390910574,0.8734014880290131
2.44,0,40000,36511,240.0,219.066,219.0813956491245,0.0,18.135263810813605,36511,2.3480338030818206,6.895838644026396,0.048,0.041079753385929806,0.06706778380173015,0.16651612548974082,2.3223262418502166,0.8826920323137184,0.7474011503149667,1.0366490668911021,0.1712416057594899,2.368587111039304,0.8564335399028336,-1.0369012173305316,-0.8177226485601725,0.165958890824412,2.2602013339323617,-0.8629994926829552,0.8898242537203309,-0.9576292309789984,0.17398398251609734,2.447642240483091,-0.9206805870944077,-0.7455544528605458,0.857223586730691
2.48,0,40000,36639,240.0,219.834,219.90162585787297,0.0,17.971169456845512,36639,2.3893173553771274,6.862212805519048,0.066,0.037498892818420004,0.06708736741568352,0.16328482223120513,2.3504828932583783,0.9064311638585911,0.7534382468972085,1.0345431232041724,0.1854065519678763,2.3766438642824594,0.8520306288035595,-1.0269975730977814,-0.8050383686016316,0.15948663307391528,2.2443088573580936,-0.8832701285133933,0.893401973036374,-0.9122794686788458,0.17456842364743003,2.447524778556647,-0.9481191199615893,-0.7431936033860413,0.8625728519170268
2.52,0,40000,36759,240.0,220.554,220.6896943801122,0.0,17.966505971394664,36789,2.3747822927566364,7.247277794258637,0.06,0.0376113306171896,0.06894171132124907,0.1567232748404188,2.340558787304701,0.9226983538048774,0.7511118731166517,1.0209924941370856,0.1713347677052135,2.389714843629908,0.8549348000718098,-1.0436244636116783,-0.8302572425010561,0.1598730597710427,2.2640719302700534,-0.8350755814393214,0.8760077888312487,-0.9214396620661489,0.16850202115866067,2.4348780938843295,-0.921251410893797,-0.7353103970845485,0.8478190611051124
2.56,0,40000,36877,240.0,221.262,221.44686229360806,0.0,18.434450965212296,36877,2.351986796200993,6.8198762145002085,0.048,0.03285178989370846,0.07393152406640213,0.15669178546027418,2.324180318477432,0.9010077873999149,0.7353058989122836,0.9831958643519823,0.1740449827525042,2.346044378434617,0.8333660339201154,-1.0468190382472278,-0.7885613758839574,0.17257150997104626,2.2561360951672498,-0.8169181888332844,0.8585667150676404,-0.9174946403672681,0.17575673693976313,2.4202405559739675,-0.9235712675856167,-0.7414604592118472,0.8351611213870047
2.6,0,40000,37038,240.0,222.228,222.17434122855985,0.0,18.977823368754237,37038,2.3556842693501436,7.247312602492763,0.048,0.02809244978114342,0.06986685922796838,0.1584261281466536,2.332901097289145,0.9133699133470374,0.7158367330951654,0.985934042916913,0.16663469444452883,2.331280267943349,0.8238834505194195,-1.0526233617259653,-0.7877103425315823,0.16412465526253575,2.257813591131587,-0.7706285990726647,0.8520490938374143,-0.9264733270793064,0.16505256962481235,2.4085944187098534,-0.9396098777557551,-0.7322639683088665,0.8491180013811297
2.64,0,40000,37190,240.0,223.14000000000001,222.87329530646733,0.0,18.22467017843083,37190,2.3167200288062637,6.899646975529472,0.066,0.02714695048349852,0.06722301424335704,0.16615576302951415,2.268969622342964,0.9078257872976829,0.6871928797180642,0.9595420762174198,0.176714173344328,2.3267123818091826,0.807070403542756,-1.0521240343924383,-0.8141988042266268,0.16175230677720356,2.209137325400414,-0.7382995091086997,0.8612312780724185,-0.9358957898760032,0.169617942063344,2.4128688596033117,-0.925015465484921,-0.7250177645104827,0.8431559503347232
2.68,0,40000,37318,240.0,223.90800000000002,223.5448430029733,0.0,18.540354663860846,37318,2.321471396200588,7.080130196305691,0.048,0.02917804228445513,0.06933858020607382,0.15511949118644797,2.301155659760523,0.9092499596300678,0.7008059694129605,0.9596820977170024,0.1755517323974659,2.3227527922534272,0.8030758631330137,-1.0178438208731047,-0.8243950851905169,0.16558039290032872,2.2589161662072095,-0.7553810743334743,0.8468112835701476,-0.9619946508093982,0.1655919751981556,2.392762714867876,-0.9275940336847448,-0.7130876450491215,0.8326449591151279
2.72,0,40000,37492,240.0,224.952,224.1900589376633,0.0,18.74137447633193,37492,2.2936565816834107,7.020565961261382,0.054,0.03214352998728917,0.07116241062680816,0.15781400413268554,2.2688485098838953,0.8970962762956614,0.699909283086475,0.956029501926734,0.16714809146321996,2.3177388960522616,0.7998469151344114,-1.0195397847031629,-0.799925318915391,0.16093038853438504,2.227655944640555,-0.7682048127251386,0.8341549692847856,-0.9738665412475855,0.16889136326070198,2.403708504694973,-0.9183090953239343,-0.6981864102308828,0.8535976527693441
2.7600000000000002,0,40000,37546,240.0,225.276,224.80997559368623,0.0,17.72590910285257,37558,2.3401643624533044,6.983689378008243,0.042,0.03365616786354156,0.06600824677589544,0.16364804050415943,2.3005180813686867,0.9077025372299374,0.7185787257641323,0.9749411339086649,0.17422613451003202,2.3034251087637414,0.8092779787684101,-1.0152334690928644,-0.7752427487423112,0.1709420514988194,2.257416967676411,-0.7726454809504331,0.844315780254151,-1.002677309730493,0.16544274794638897,2.3992427989141216,-0.9164288136557213,-0.7400457134436689,0.8288972933734708
2.8000000000000003,0,40000,37630,240.0,225.78,225.4055849699477,0.0,18.489309942964447,37630,2.306843374729648,6.968618918388357,0.054,0.040947829172548855,0.06931577172173048,0.15603516712919935,2.276994800193304,0.903461706895909,0.7143777015976251,1.010541823333205,0.16971938825912558,2.272809399458394,0.8019938457150442,-1.0004238597169293,-0.7761652305303368,0.16304563860236662,2.2970945821887083,-0.7544459729358319,0.8395371190478569,-1.0056333430566395,0.16610666416717446,2.384317748323752,-0.8825054663913345,-0.7340501227863578,0.8264102154416575
2.84,0,40000,37663,240.0,225.978,225.9778401685198,0.0,18.223531077898475,37663,2.273294693568465,6.817088793396848,0.078,0.04241048127584083,0.06751730371913409,0.16191579457611116,2.2586967595553102,0.8612152298941353,0.7044958752390569,1.0275712621582107,0.17461454567128548,2.2866820227754943,0.779465810762578,-1.0051502122440104,-0.8000884327197513,0.16525980120757539,2.272406407442302,-0.7414962582233766,0.833504140761745,-1.0023325621591237,0.1696887343735156,2.380481091123101,-0.8861363555303043,-0.7364259725130466,0.8316747859471754
2.88,0,40000,37771,240.0,226.626,226.5276569198079,0.0,18.398627081301484,37771,2.2168824844807182,6.574673740550374,0.036000000000000004,0.04963734186688153,0.06823901063721442,0.16307147165590363,2.197855673871555,0.8455197167816584,0.6848502515040966,1.0522032912425487,0.16889714774484282,2.2672664688436304,0.7789362377363647,-0.9941476798011148,-0.7989102591961208,0.16460184065366334,2.2794727095018095,-0.7658921066969642,0.8318953424579849,-0.986987120796945,0.17411369858421544,2.356548086369657,-0.8675178122365219,-0.7087598074368744,0.857469170474686
2.92,0,40000,37817,240.0,226.90200000000002,227.05591504791457,0.0,18.651333355591344,37817,2.2179514120890667,6.648507792301333,0.042,0.055016117067572555,0.07122389655164386,0.17173497291509993,2.1948764559113942,0.8726300579912492,0.6719547911606334,1.0542520800887063,0.16934642773171624,2.2983464267283713,0.7820009036490152,-0.9770401123192531,-0.813057832763195,0.15986572031302884,2.2498926373970805,-0.7880938149782803,0.8402983637248367,-1.012498583842154,0.1618664127458077,2.377300055472883,-0.8669212816540899,-0.6877490294497415,0.8433608205648921
2.96,0,40000,37930,240.0,227.58,227.5634598785458,0.0,18.29253498134788,37935,2.1963150644219955,6.652726705098695,0.066,0.05703161978797617,0.07124583229932864,0.16416184076911047,2.184517345514325,0.8710294709166071,0.6720165458513723,1.037274985450578,0.1854613748500173,2.257137086161927,0.7730583594946481,-0.9862499656889137,-0.8277102436027697,0.15678355204708655,2.205186525326891,-0.7651707766931928,0.8222633441632947,-1.0288639915514697,0.1656777022784319,2.341479874876636,-0.8501802027247969,-0.6753537628610102,0.8231946903028335
3.0,0,40000,37995,240.0,227.97,228.05110359171266,0.0,17.89145974956936,38009,2.1819283057368724,6.463252447019058,0.054,0.05874731412926598,0.06811109205890085,0.16526170396254647,2.1565799137415436,0.8731852792171431,0.6588376067022681,1.0182496568691217,0.17531105579136896,2.2292087372158575,0.7460305055737475,-1.0125375297287569,-0.817230306836195,0.16312206167960014,2.2062440540870396,-0.7632010387244712,0.8162855964261224,-1.045416085702077,0.17232812772400757,2.331689205745693,-0.8491593416133565,-0.6668583669304162,0.8262331889136103
