seed,method,m,amplitude,local_eff,E_m
0,weighted,0,1.0956708580912724,13.054549193177449,0.2371649217867917
0,weighted,1,1.176776695296637,12.731543471041826,0.07535331730207595
0,weighted,2,1.2309698831278217,8.437682117042355,0.22240448740490867
0,weighted,3,1.25,9.566533796689995,0.17683163673397712
0,weighted,4,1.2309698831278217,8.276462791276007,0.4004698928052463
0,weighted,5,1.176776695296637,16.177294699970986,0.13942962167242262
0,weighted,6,1.0956708580912724,14.878744065939534,0.35528450523453353
0,weighted,7,1.0,13.350483825631537,0.17710488984145253
0,weighted,8,0.9043291419087276,20.968054932985456,0.01938953429623117
0,weighted,9,0.8232233047033631,25.088899195297586,0.125620030201097
0,weighted,10,0.7690301168721784,22.79477420734172,0.0558363038443349
0,weighted,11,0.75,18.42900051671423,0.23174455160125862
0,weighted,12,0.7690301168721784,30.783700181697057,0.020712164954236598
0,weighted,13,0.823223304703363,19.540157976353512,0.03684005844202678
0,weighted,14,0.9043291419087274,19.784120161021995,0.12515203491118854
0,weighted,15,0.9999999999999999,14.001213748596768,0.3327718105749799
0,weighted_ess_resample,0,1.0956708580912724,954.0984534743233,0.0009130774764919627
0,weighted_ess_resample,1,1.176776695296637,1739.6855996172296,0.12036621274874061
0,weighted_ess_resample,2,1.2309698831278217,1316.703047995629,0.3887599159959269
0,weighted_ess_resample,3,1.25,2223.603773254628,0.07857209402700101
0,weighted_ess_resample,4,1.2309698831278217,1771.856343339335,0.18661341622408828
0,weighted_ess_resample,5,1.176776695296637,1499.392031219575,0.04200528059953524
0,weighted_ess_resample,6,1.0956708580912724,969.9795017421718,0.01556874531896467
0,weighted_ess_resample,7,1.0,367.88533063844113,0.3463273133432667
0,weighted_ess_resample,8,0.9043291419087276,302.6757496833935,0.06671129044826839
0,weighted_ess_resample,9,0.8232233047033631,202.81747753664965,0.021012268989307713
0,weighted_ess_resample,10,0.7690301168721784,132.30429039771286,0.13952264162103517
0,weighted_ess_resample,11,0.75,147.95953932601512,0.12873015414923664
0,weighted_ess_resample,12,0.7690301168721784,148.46186563375684,0.0043895338293956036
0,weighted_ess_resample,13,0.823223304703363,216.61224626267244,0.057312757290228944
0,weighted_ess_resample,14,0.9043291419087274,348.8076648655826,0.09836384185180101
0,weighted_ess_resample,15,0.9999999999999999,612.8710578915344,0.11923280716734845
0,minvar_branch,0,1.0956708580912724,63465.0,0.15516099989013032
0,minvar_branch,1,1.176776695296637,182993.0,0.2688630967455159
0,minvar_branch,2,1.2309698831278217,164185.0,0.2657890246731847
0,minvar_branch,3,1.25,326624.0,0.25148368241254354
0,minvar_branch,4,1.2309698831278217,149744.0,0.33036703542139456
0,minvar_branch,5,1.176776695296637,141080.0,0.021759271180619454
0,minvar_branch,6,1.0956708580912724,65375.0,0.12973529296176
0,minvar_branch,7,1.0,22913.0,0.34638385548580547
0,minvar_branch,8,0.9043291419087276,12208.0,0.2603002424804515
0,minvar_branch,9,0.8232233047033631,10510.0,0.19663214163976328
0,minvar_branch,10,0.7690301168721784,4959.0,0.14327307108259096
0,minvar_branch,11,0.75,5304.0,0.059841636482721
0,minvar_branch,12,0.7690301168721784,6878.0,0.18825727305784876
0,minvar_branch,13,0.823223304703363,9622.0,0.09552754204181198
0,minvar_branch,14,0.9043291419087274,15588.0,0.05550132534280538
0,minvar_branch,15,0.9999999999999999,36984.0,0.055005433103979144
0,poisson_branch,0,1.0956708580912724,87827.0,0.1691432263869775
0,poisson_branch,1,1.176776695296637,231873.0,0.6077942480404879
0,poisson_branch,2,1.2309698831278217,125451.0,0.4390017293557615
0,poisson_branch,3,1.25,273603.0,0.04832985316179822
0,poisson_branch,4,1.2309698831278217,191424.0,0.14398025555952185
0,poisson_branch,5,1.176776695296637,128488.0,0.10907148593319702
0,poisson_branch,6,1.0956708580912724,92720.0,0.23427829654433066
0,poisson_branch,7,1.0,23178.0,0.33882446656701437
0,poisson_branch,8,0.9043291419087276,13294.0,0.1944979868557603
0,poisson_branch,9,0.8232233047033631,8450.0,0.03791231238287342
0,poisson_branch,10,0.7690301168721784,7112.0,0.22868358912293066
0,poisson_branch,11,0.75,4841.0,0.032674705465148356
0,poisson_branch,12,0.7690301168721784,6764.0,0.1685624011287131
0,poisson_branch,13,0.823223304703363,7251.0,0.17442629314641667
0,poisson_branch,14,0.9043291419087274,18758.0,0.1365733987182228
0,poisson_branch,15,0.9999999999999999,41154.0,0.17395883609023244
1,weighted,0,1.0956708580912724,15.699157456467008,0.0671459080757258
1,weighted,1,1.176776695296637,17.967828068044927,0.1864718741342725
1,weighted,2,1.2309698831278217,14.096743913140411,0.26015976495472515
1,weighted,3,1.25,10.41533203740634,0.19342671245791665
1,weighted,4,1.2309698831278217,11.686478927679113,0.33353760982881486
1,weighted,5,1.176776695296637,13.632204471708583,0.001935154982747186
1,weighted,6,1.0956708580912724,13.084195887035097,0.10154302840297297
1,weighted,7,1.0,14.931262446345562,0.38329238029945323
1,weighted,8,0.9043291419087276,16.184496124931005,0.3579792645049364
1,weighted,9,0.8232233047033631,23.77964659194005,0.3902658578423417
1,weighted,10,0.7690301168721784,17.906272613342704,0.12733451376573518
1,weighted,11,0.75,24.57220541302627,0.2935321642072202
1,weighted,12,0.7690301168721784,27.508711023401855,0.3401010604846976
1,weighted,13,0.823223304703363,15.802175657744458,0.26399634033180175
1,weighted,14,0.9043291419087274,18.457321765799463,0.10232502665914826
1,weighted,15,0.9999999999999999,14.124646788887286,0.04100697030979906
1,weighted_ess_resample,0,1.0956708580912724,883.1929274383751,0.010066256849721268
1,weighted_ess_resample,1,1.176776695296637,1807.9913869705147,0.25846101362498736
1,weighted_ess_resample,2,1.2309698831278217,2093.402846153472,0.03217485097087017
1,weighted_ess_resample,3,1.25,2128.9377696693655,0.05621475666611779
1,weighted_ess_resample,4,1.2309698831278217,1200.4621874913846,0.410064523459354
1,weighted_ess_resample,5,1.176776695296637,1768.8142251619186,0.21539646222444
1,weighted_ess_resample,6,1.0956708580912724,958.9248274993955,0.06936586713058074
1,weighted_ess_resample,7,1.0,425.3792943828137,0.181626902610871
1,weighted_ess_resample,8,0.9043291419087276,256.93272738138904,0.14521897899498032
1,weighted_ess_resample,9,0.8232233047033631,153.2372808122313,0.18572406980359696
1,weighted_ess_resample,10,0.7690301168721784,125.34402821780849,0.10342335192640925
1,weighted_ess_resample,11,0.75,110.58295706493416,0.12837963382152007
1,weighted_ess_resample,12,0.7690301168721784,150.3647081410901,0.07524115103369354
1,weighted_ess_resample,13,0.823223304703363,190.07043346183062,0.03347461426609676
1,weighted_ess_resample,14,0.9043291419087274,274.23429426325055,0.08825519067050855
1,weighted_ess_resample,15,0.9999999999999999,541.5541577860143,0.04836613066914155
1,minvar_branch,0,1.0956708580912724,98642.0,0.3131112999107819
1,minvar_branch,1,1.176776695296637,143667.0,0.003821159715737553
1,minvar_branch,2,1.2309698831278217,244089.0,0.09152981549195735
1,minvar_branch,3,1.25,182913.0,0.2991554974492824
1,minvar_branch,4,1.2309698831278217,138429.0,0.38096603767996207
1,minvar_branch,5,1.176776695296637,171188.0,0.18700789541488605
1,minvar_branch,6,1.0956708580912724,74770.0,0.004670101028692662
1,minvar_branch,7,1.0,32656.0,0.06845507723757098
1,minvar_branch,8,0.9043291419087276,20136.0,0.22006834185891458
1,minvar_branch,9,0.8232233047033631,6184.0,0.29591121180777386
1,minvar_branch,10,0.7690301168721784,4979.0,0.1398178303932689
1,minvar_branch,11,0.75,5117.0,0.022475424940060985
1,minvar_branch,12,0.7690301168721784,5065.0,0.12496029542919396
1,minvar_branch,13,0.823223304703363,9961.0,0.13412490607758148
1,minvar_branch,14,0.9043291419087274,10675.0,0.3531868519395976
1,minvar_branch,15,0.9999999999999999,32687.0,0.06757077136410966
1,poisson_branch,0,1.0956708580912724,75467.0,0.004608285216915377
1,poisson_branch,1,1.176776695296637,134577.0,0.06685070483176257
1,poisson_branch,2,1.2309698831278217,220632.0,0.013366410401035936
1,poisson_branch,3,1.25,180885.0,0.306925927386864
1,poisson_branch,4,1.2309698831278217,167250.0,0.2520827991387185
1,poisson_branch,5,1.176776695296637,137209.0,0.04860056591594567
1,poisson_branch,6,1.0956708580912724,83029.0,0.10527278563178637
1,poisson_branch,7,1.0,32005.0,0.08702550058146924
1,poisson_branch,8,0.9043291419087276,10894.0,0.33991733630259163
1,poisson_branch,9,0.8232233047033631,7480.0,0.1483531475294548
1,poisson_branch,10,0.7690301168721784,4213.0,0.27215354879430437
1,poisson_branch,11,0.75,4343.0,0.1321847233702002
1,poisson_branch,12,0.7690301168721784,6109.0,0.05540326855341635
1,poisson_branch,13,0.823223304703363,7961.0,0.09358815608035063
1,poisson_branch,14,0.9043291419087274,11753.0,0.2878693274797275
1,poisson_branch,15,0.9999999999999999,30274.0,0.13640399951898483
2,weighted,0,1.0956708580912724,16.109726538794085,0.03805728172375289
2,weighted,1,1.176776695296637,12.755974662893468,0.13723722286560133
2,weighted,2,1.2309698831278217,24.083974718277943,0.04649436710024364
2,weighted,3,1.25,17.44366466864015,0.0758765273207849
2,weighted,4,1.2309698831278217,17.26249545668154,0.1743809468303964
2,weighted,5,1.176776695296637,14.554916865914326,0.3038895089183596
2,weighted,6,1.0956708580912724,14.874357860489322,0.16944476270179734
2,weighted,7,1.0,11.897895792145631,0.21790539673273274
2,weighted,8,0.9043291419087276,15.282641104235553,0.07658119011794245
2,weighted,9,0.8232233047033631,22.82952256151372,0.041960549198712255
2,weighted,10,0.7690301168721784,25.69187976050345,0.15169559810045039
2,weighted,11,0.75,23.173313902057107,0.20023489194993727
2,weighted,12,0.7690301168721784,24.602456660710438,0.09122893070104862
2,weighted,13,0.823223304703363,20.765603446703867,0.26295050411441906
2,weighted,14,0.9043291419087274,19.63644494793513,0.00435793059901007
2,weighted,15,0.9999999999999999,13.976907724371072,0.0051124488507616125
2,weighted_ess_resample,0,1.0956708580912724,889.6802124939295,0.08560360611253366
2,weighted_ess_resample,1,1.176776695296637,1292.6783692822883,0.0021914865501046917
2,weighted_ess_resample,2,1.2309698831278217,2573.052823422129,0.47207889640018263
2,weighted_ess_resample,3,1.25,2109.5681661902013,0.04806939807934112
2,weighted_ess_resample,4,1.2309698831278217,1883.5248086567474,0.03440362928489114
2,weighted_ess_resample,5,1.176776695296637,944.5606978839276,0.27637198057185713
2,weighted_ess_resample,6,1.0956708580912724,1063.5228058424764,0.34380668662403907
2,weighted_ess_resample,7,1.0,451.9528451145221,0.020731269124012013
2,weighted_ess_resample,8,0.9043291419087276,229.8273176046245,0.16077626189949723
2,weighted_ess_resample,9,0.8232233047033631,178.45293449775326,0.046709099779378045
2,weighted_ess_resample,10,0.7690301168721784,112.83217473981207,0.09632489499755029
2,weighted_ess_resample,11,0.75,91.11719738454129,0.1890889262060595
2,weighted_ess_resample,12,0.7690301168721784,124.25323273181552,0.026836218445640443
2,weighted_ess_resample,13,0.823223304703363,211.447516268543,0.20485743917053145
2,weighted_ess_resample,14,0.9043291419087274,326.22416738024947,0.19635804263256007
2,weighted_ess_resample,15,0.9999999999999999,375.38480884608447,0.17322113741169257
2,minvar_branch,0,1.0956708580912724,109176.0,0.45333873278177167
2,minvar_branch,1,1.176776695296637,116315.0,0.1934783784190943
2,minvar_branch,2,1.2309698831278217,292063.0,0.30606243010552525
2,minvar_branch,3,1.25,361830.0,0.38637803960312367
2,minvar_branch,4,1.2309698831278217,294548.0,0.3171749816399927
2,minvar_branch,5,1.176776695296637,164496.0,0.14060594646918634
2,minvar_branch,6,1.0956708580912724,79367.0,0.05652465014920082
2,minvar_branch,7,1.0,32314.0,0.07821096784219961
2,minvar_branch,8,0.9043291419087276,14187.0,0.14038987058241856
2,minvar_branch,9,0.8232233047033631,8438.0,0.03927859075582081
2,minvar_branch,10,0.7690301168721784,5073.0,0.12357819915345507
2,minvar_branch,11,0.75,5455.0,0.09001435275513633
2,minvar_branch,12,0.7690301168721784,4387.0,0.24209295479721102
2,minvar_branch,13,0.823223304703363,8303.0,0.054649222451344334
2,minvar_branch,14,0.9043291419087274,19887.0,0.20498108435383802
2,minvar_branch,15,0.9999999999999999,37692.0,0.07520183821531434
2,poisson_branch,0,1.0956708580912724,72685.0,0.03242538843479276
2,poisson_branch,1,1.176776695296637,184975.0,0.28260617247928504
2,poisson_branch,2,1.2309698831278217,240152.0,0.07392413525404486
2,poisson_branch,3,1.25,273769.0,0.04896589427108738
2,poisson_branch,4,1.2309698831278217,247330.0,0.10602308692987011
2,poisson_branch,5,1.176776695296637,168449.0,0.1680158245597947
2,poisson_branch,6,1.0956708580912724,82463.0,0.09773825677238077
2,poisson_branch,7,1.0,25237.0,0.2800894409678031
2,poisson_branch,8,0.9043291419087276,14646.0,0.11257842000071201
2,poisson_branch,9,0.8232233047033631,8763.0,0.002275218155162097
2,poisson_branch,10,0.7690301168721784,6248.0,0.07941719134421696
2,poisson_branch,11,0.75,4312.0,0.1383791220751333
2,poisson_branch,12,0.7690301168721784,5699.0,0.015429165577685344
2,poisson_branch,13,0.823223304703363,9247.0,0.05283134288719971
2,poisson_branch,14,0.9043291419087274,20680.0,0.2530300610668967
2,poisson_branch,15,0.9999999999999999,28143.0,0.19719289682442984
3,weighted,0,1.0956708580912724,19.981965628059417,0.6509681315149568
3,weighted,1,1.176776695296637,19.102088801998846,0.5038893575307096
3,weighted,2,1.2309698831278217,12.849132483538954,0.01670922524776162
3,weighted,3,1.25,5.186024580819472,0.41746753601683284
3,weighted,4,1.2309698831278217,16.133756138293226,0.17330034145706538
3,weighted,5,1.176776695296637,15.560018566855053,0.031829225895971806
3,weighted,6,1.0956708580912724,13.769079477804231,0.1739836816938958
3,weighted,7,1.0,19.16577572922152,0.1788311524071872
3,weighted,8,0.9043291419087276,21.74967317600275,0.08816819437599391
3,weighted,9,0.8232233047033631,26.7959655289137,0.3785428047174138
3,weighted,10,0.7690301168721784,20.09964305607534,0.27245345935429616
3,weighted,11,0.75,19.980827279129063,0.2544950937162872
3,weighted,12,0.7690301168721784,29.444792880060213,0.4439928996939635
3,weighted,13,0.823223304703363,22.43609860417557,0.08757059467061316
3,weighted,14,0.9043291419087274,15.495994469833239,0.284804485413221
3,weighted,15,0.9999999999999999,16.44333518356908,0.03679834349891345
3,weighted_ess_resample,0,1.0956708580912724,1195.749993479076,0.42521726657063474
3,weighted_ess_resample,1,1.176776695296637,1973.283052192384,0.4676765835675887
3,weighted_ess_resample,2,1.2309698831278217,1740.9217798484651,0.0643634276639957
3,weighted_ess_resample,3,1.25,1698.1043991855875,0.16443330707470863
3,weighted_ess_resample,4,1.2309698831278217,2064.7676921084467,0.10752816562539166
3,weighted_ess_resample,5,1.176776695296637,1537.8027319348196,0.1444331767350611
3,weighted_ess_resample,6,1.0956708580912724,668.920163656555,0.2010238489266995
3,weighted_ess_resample,7,1.0,505.5952144372333,0.06669121369466378
3,weighted_ess_resample,8,0.9043291419087276,320.9126013253676,0.15721098266171996
3,weighted_ess_resample,9,0.8232233047033631,207.99597265556739,0.15472319545652857
3,weighted_ess_resample,10,0.7690301168721784,129.65266684967716,0.047741903336285106
3,weighted_ess_resample,11,0.75,116.21235848929898,0.03332855351792614
3,weighted_ess_resample,12,0.7690301168721784,149.59830480631322,0.11981980787223083
3,weighted_ess_resample,13,0.823223304703363,193.53685091226473,0.10056691245419312
3,weighted_ess_resample,14,0.9043291419087274,200.09621944897168,0.318275789787713
3,weighted_ess_resample,15,0.9999999999999999,422.38957671981126,0.11466143567632125
3,minvar_branch,0,1.0956708580912724,84473.0,0.12449515254519858
3,minvar_branch,1,1.176776695296637,180834.0,0.2538927130375403
3,minvar_branch,2,1.2309698831278217,220116.0,0.015673885890688674
3,minvar_branch,3,1.25,213735.0,0.18105875606065383
3,minvar_branch,4,1.2309698831278217,213855.0,0.04367214953548958
3,minvar_branch,5,1.176776695296637,157540.0,0.09237343647721298
3,minvar_branch,6,1.0956708580912724,43314.0,0.42340886392880567
3,minvar_branch,7,1.0,28729.0,0.18047666321527978
3,minvar_branch,8,0.9043291419087276,20824.0,0.2617552220336729
3,minvar_branch,9,0.8232233047033631,10042.0,0.1433472850948148
3,minvar_branch,10,0.7690301168721784,5713.0,0.013010497095148576
3,minvar_branch,11,0.75,5204.0,0.039859705176485793
3,minvar_branch,12,0.7690301168721784,7453.0,0.28759544287585725
3,minvar_branch,13,0.823223304703363,8428.0,0.04041715606647344
3,minvar_branch,14,0.9043291419087274,10852.0,0.34246217491789355
3,minvar_branch,15,0.9999999999999999,39059.0,0.11419687463790625
3,poisson_branch,0,1.0956708580912724,104614.0,0.3926098976994235
3,poisson_branch,1,1.176776695296637,158643.0,0.1000215760001688
3,poisson_branch,2,1.2309698831278217,185134.0,0.1721082029043175
3,poisson_branch,3,1.25,185133.0,0.29064940550577595
3,poisson_branch,4,1.2309698831278217,352524.0,0.5764350571983403
3,poisson_branch,5,1.176776695296637,135756.0,0.058675585613809006
3,poisson_branch,6,1.0956708580912724,49547.0,0.3404358632562343
3,poisson_branch,7,1.0,36187.0,0.03227021435583111
3,poisson_branch,8,0.9043291419087276,25256.0,0.5302962873454881
3,poisson_branch,9,0.8232233047033631,11045.0,0.25754538576700153
3,poisson_branch,10,0.7690301168721784,5103.0,0.11839533811947198
3,poisson_branch,11,0.75,5082.0,0.015481748982878664
3,poisson_branch,12,0.7690301168721784,4269.0,0.26247887486421106
3,poisson_branch,13,0.823223304703363,12000.0,0.3662783729475936
3,poisson_branch,14,0.9043291419087274,10064.0,0.3902081946529377
3,poisson_branch,15,0.9999999999999999,34050.0,0.028689838925197608
5,weighted,0,1.0956708580912724,20.47231914665097,0.13441815744895944
5,weighted,1,1.176776695296637,11.253394941448567,0.37727571814113037
5,weighted,2,1.2309698831278217,15.759249088313457,0.10053589846612543
5,weighted,3,1.25,18.20610175788624,0.24071559205092652
5,weighted,4,1.2309698831278217,10.09268925720655,0.6868664200788525
5,weighted,5,1.176776695296637,18.284960140530472,0.20078225310178985
5,weighted,6,1.0956708580912724,18.50122382082692,0.023121015979889352
5,weighted,7,1.0,18.6645233676815,0.07816682318457448
5,weighted,8,0.9043291419087276,15.21482087612144,0.16821667032279458
5,weighted,9,0.8232233047033631,19.316257070307756,0.160624138972099
5,weighted,10,0.7690301168721784,24.054534400644425,0.09678371908422287
5,weighted,11,0.75,25.58077782107151,0.20437631108715879
5,weighted,12,0.7690301168721784,26.558056435732723,0.061010426441493064
5,weighted,13,0.823223304703363,29.475427015408822,0.25018142299622215
5,weighted,14,0.9043291419087274,20.69393475690651,0.006200196308899768
5,weighted,15,0.9999999999999999,17.467008079385657,0.015878574198385086
5,weighted_ess_resample,0,1.0956708580912724,982.4154137038963,0.03912454812174419
5,weighted_ess_resample,1,1.176776695296637,1183.9733946664564,0.22780065835335792
5,weighted_ess_resample,2,1.2309698831278217,2262.8433912558,0.06093804240190788
5,weighted_ess_resample,3,1.25,2054.3209044850814,0.12225934883510224
5,weighted_ess_resample,4,1.2309698831278217,1705.0276202108057,0.19854213716843974
5,weighted_ess_resample,5,1.176776695296637,1584.5568637816712,0.039075776483271325
5,weighted_ess_resample,6,1.0956708580912724,897.9023045409778,0.04137010389127434
5,weighted_ess_resample,7,1.0,525.2089055333777,0.02902162008333799
5,weighted_ess_resample,8,0.9043291419087276,272.6228853217092,0.10698554841280786
5,weighted_ess_resample,9,0.8232233047033631,229.92978837072224,0.19596531517739346
5,weighted_ess_resample,10,0.7690301168721784,143.80183614299347,0.00010438502422355961
5,weighted_ess_resample,11,0.75,148.90971649229027,0.1875919980843246
5,weighted_ess_resample,12,0.7690301168721784,163.0744976459688,0.15380104394224614
5,weighted_ess_resample,13,0.823223304703363,253.83120948816432,0.33010726352824954
5,weighted_ess_resample,14,0.9043291419087274,280.7103363792875,0.073101352092401
5,weighted_ess_resample,15,0.9999999999999999,479.87037148893353,0.10064666253408182
5,minvar_branch,0,1.0956708580912724,91765.0,0.22156544308015758
5,minvar_branch,1,1.176776695296637,81786.0,0.43290050859634654
5,minvar_branch,2,1.2309698831278217,279558.0,0.2501419242952391
5,minvar_branch,3,1.25,312639.0,0.19789913474140056
5,minvar_branch,4,1.2309698831278217,151045.0,0.3245491563282973
5,minvar_branch,5,1.176776695296637,128239.0,0.11079803782911445
5,minvar_branch,6,1.0956708580912724,79955.0,0.06435204055437838
5,minvar_branch,7,1.0,39922.0,0.13881480911690616
5,minvar_branch,8,0.9043291419087276,19610.0,0.18819726777181736
5,minvar_branch,9,0.8232233047033631,6636.0,0.24444805976008852
5,minvar_branch,10,0.7690301168721784,7074.0,0.22211863181321875
5,minvar_branch,11,0.75,5592.0,0.11738959864467874
5,minvar_branch,12,0.7690301168721784,6540.0,0.12986370540830633
5,minvar_branch,13,0.823223304703363,9304.0,0.05932116515870074
5,minvar_branch,14,0.9043291419087274,15557.0,0.05737965860649377
5,minvar_branch,15,0.9999999999999999,40545.0,0.15658650457497394
5,poisson_branch,0,1.0956708580912724,83522.0,0.11183554663478358
5,poisson_branch,1,1.176776695296637,66625.0,0.5380260238333161
5,poisson_branch,2,1.2309698831278217,230242.0,0.029608084667884418
5,poisson_branch,3,1.25,189849.0,0.27257970748524607
5,poisson_branch,4,1.2309698831278217,206158.0,0.07809199225614297
5,poisson_branch,5,1.176776695296637,133181.0,0.0765304897583363
5,poisson_branch,6,1.0956708580912724,86022.0,0.14511526774521594
5,poisson_branch,7,1.0,35160.0,0.002974016546025381
5,poisson_branch,8,0.9043291419087276,19359.0,0.172988827475503
5,poisson_branch,9,0.8232233047033631,10400.0,0.18410792322107886
5,poisson_branch,10,0.7690301168721784,5001.0,0.13601706563501448
5,poisson_branch,11,0.75,3780.0,0.24468299662430515
5,poisson_branch,12,0.7690301168721784,6740.0,0.16441611230152667
5,poisson_branch,13,0.823223304703363,8954.0,0.019471379281062615
5,poisson_branch,14,0.9043291419087274,15500.0,0.060833368155856084
5,poisson_branch,15,0.9999999999999999,30456.0,0.13121226826155125
6,weighted,0,1.0956708580912724,17.900134349281082,0.03849254273954972
6,weighted,1,1.176776695296637,16.46735279070806,0.3129676156134261
6,weighted,2,1.2309698831278217,11.270566269641776,0.15875356746497724
6,weighted,3,1.25,15.64128409825185,0.023740651555955467
6,weighted,4,1.2309698831278217,17.153244520372375,0.43991210556597726
6,weighted,5,1.176776695296637,17.846770173468556,0.2650981588262917
6,weighted,6,1.0956708580912724,20.644539889884083,0.4464218006725562
6,weighted,7,1.0,20.391239533745424,0.31814342791675343
6,weighted,8,0.9043291419087276,26.546444383625293,0.3973061513233632
6,weighted,9,0.8232233047033631,23.728273530474972,0.10382520290159068
6,weighted,10,0.7690301168721784,28.55301143315953,0.24616593856427937
6,weighted,11,0.75,21.9959312689718,0.06948124697183174
6,weighted,12,0.7690301168721784,27.920683834714186,0.15909541560831333
6,weighted,13,0.823223304703363,20.89492635166729,0.10827725685218927
6,weighted,14,0.9043291419087274,19.459873388436293,0.3680352582757933
6,weighted,15,0.9999999999999999,12.18613712338442,0.1978916875833201
6,weighted_ess_resample,0,1.0956708580912724,961.6259987400994,0.09298199783338701
6,weighted_ess_resample,1,1.176776695296637,1302.8477466655331,0.09313799777751669
6,weighted_ess_resample,2,1.2309698831278217,1568.6153697437485,0.22247536063828835
6,weighted_ess_resample,3,1.25,1863.3848439952747,0.17233289228814552
6,weighted_ess_resample,4,1.2309698831278217,2368.112522718763,0.2035910658818157
6,weighted_ess_resample,5,1.176776695296637,1673.0276983932874,0.17500627798296967
6,weighted_ess_resample,6,1.0956708580912724,979.8624755368064,0.09616398472210914
6,weighted_ess_resample,7,1.0,635.6452285561857,0.26123733237032476
6,weighted_ess_resample,8,0.9043291419087276,428.64553061783465,0.49342085595195695
6,weighted_ess_resample,9,0.8232233047033631,169.33141266512368,0.10882042614559027
6,weighted_ess_resample,10,0.7690301168721784,154.17888867599478,0.1662873666787156
6,weighted_ess_resample,11,0.75,100.86935356893109,0.1717413304686824
6,weighted_ess_resample,12,0.7690301168721784,139.72375538932707,0.037674312087753244
6,weighted_ess_resample,13,0.823223304703363,189.2881954119115,0.03708929296443906
6,weighted_ess_resample,14,0.9043291419087274,187.5642154664882,0.36503561651530064
6,weighted_ess_resample,15,0.9999999999999999,415.1179075731752,0.1959862736384692
6,minvar_branch,0,1.0956708580912724,68257.0,0.09137043046562068
6,minvar_branch,1,1.176776695296637,107497.0,0.25462189094198834
6,minvar_branch,2,1.2309698831278217,175935.0,0.21324476691461913
6,minvar_branch,3,1.25,238914.0,0.08458358081491123
6,minvar_branch,4,1.2309698831278217,301284.0,0.34729737485375395
6,minvar_branch,5,1.176776695296637,171025.0,0.18587766264767894
6,minvar_branch,6,1.0956708580912724,65129.0,0.13301001751902816
6,minvar_branch,7,1.0,41750.0,0.1909603296586052
6,minvar_branch,8,0.9043291419087276,18957.0,0.14863108644315867
6,minvar_branch,9,0.8232233047033631,8211.0,0.0651240233107425
6,minvar_branch,10,0.7690301168721784,3944.0,0.31862653606568636
6,minvar_branch,11,0.75,4248.0,0.15116755811112384
6,minvar_branch,12,0.7690301168721784,5092.0,0.12029572049860923
6,minvar_branch,13,0.823223304703363,7539.0,0.1416356121956744
6,minvar_branch,14,0.9043291419087274,11671.0,0.29283782191916097
6,minvar_branch,15,0.9999999999999999,23962.0,0.31646008576580276
6,poisson_branch,0,1.0956708580912724,73089.0,0.027047385503344155
6,poisson_branch,1,1.176776695296637,129130.0,0.10461989429787776
6,poisson_branch,2,1.2309698831278217,208020.0,0.06976540434580425
6,poisson_branch,3,1.25,202305.0,0.22485363485086945
6,poisson_branch,4,1.2309698831278217,245050.0,0.09582726499884629
6,poisson_branch,5,1.176776695296637,156206.0,0.08312355603884425
6,poisson_branch,6,1.0956708580912724,90308.0,0.20217002161696948
6,poisson_branch,7,1.0,35444.0,0.011075399387295848
6,poisson_branch,8,0.9043291419087276,17690.0,0.07186178821435231
6,poisson_branch,9,0.8232233047033631,7415.0,0.15575382204958663
6,poisson_branch,10,0.7690301168721784,4524.0,0.21842455607534603
6,poisson_branch,11,0.75,5862.0,0.17134081317151414
6,poisson_branch,12,0.7690301168721784,4929.0,0.14845593211658384
6,poisson_branch,13,0.823223304703363,11212.0,0.27655942645736814
6,poisson_branch,14,0.9043291419087274,15948.0,0.033688422925780115
6,poisson_branch,15,0.9999999999999999,35891.0,0.023826519563457556
7,weighted,0,1.0956708580912724,15.352736595271752,0.12993235149140536
7,weighted,1,1.176776695296637,19.285340309220075,0.086301924177909
7,weighted,2,1.2309698831278217,11.683165761835255,0.028914376747200786
7,weighted,3,1.25,15.219884402193617,0.4838098615589479
7,weighted,4,1.2309698831278217,12.789875487514712,0.0808414360394291
7,weighted,5,1.176776695296637,10.163139426107682,0.15235781169956295
7,weighted,6,1.0956708580912724,15.88947462607214,0.026199508676485406
7,weighted,7,1.0,17.923078427728083,0.1204328818104239
7,weighted,8,0.9043291419087276,15.891572015556354,0.15330725038299153
7,weighted,9,0.8232233047033631,21.248851905366664,0.12029120483373773
7,weighted,10,0.7690301168721784,27.686038361757745,0.09408904143321503
7,weighted,11,0.75,26.213992439388832,0.32642108951555826
7,weighted,12,0.7690301168721784,21.74165921649632,0.11804539791259004
7,weighted,13,0.823223304703363,14.719259692591054,0.3237392596897421
7,weighted,14,0.9043291419087274,22.682292754015112,0.11133037498190299
7,weighted,15,0.9999999999999999,19.296411349123765,0.061869379316140706
7,weighted_ess_resample,0,1.0956708580912724,1021.1043092447658,0.2564301170267101
7,weighted_ess_resample,1,1.176776695296637,1287.633209404195,0.02762811053526706
7,weighted_ess_resample,2,1.2309698831278217,1812.384780828646,0.005055560548258944
7,weighted_ess_resample,3,1.25,2653.9696129414147,0.32592275831476375
7,weighted_ess_resample,4,1.2309698831278217,1789.978855043118,0.0050988422668797285
7,weighted_ess_resample,5,1.176776695296637,1260.996636416906,0.029324039492853594
7,weighted_ess_resample,6,1.0956708580912724,846.9941577809512,0.04440152398457389
7,weighted_ess_resample,7,1.0,534.924025669007,0.13304251388139463
7,weighted_ess_resample,8,0.9043291419087276,239.49391736868762,0.14336616341844477
7,weighted_ess_resample,9,0.8232233047033631,169.66102158715464,0.010263827719602313
7,weighted_ess_resample,10,0.7690301168721784,112.28205123943937,0.1551468404288214
7,weighted_ess_resample,11,0.75,131.05900943159136,0.10121901726689374
7,weighted_ess_resample,12,0.7690301168721784,136.33827559820904,0.07308945325333306
7,weighted_ess_resample,13,0.823223304703363,152.61646546452837,0.12776789566024876
7,weighted_ess_resample,14,0.9043291419087274,324.0650651667483,0.179130521188398
7,weighted_ess_resample,15,0.9999999999999999,573.1228162833429,0.20721148964964825
7,minvar_branch,0,1.0956708580912724,86642.0,0.15336863858062447
7,minvar_branch,1,1.176776695296637,163589.0,0.1343168598443776
7,minvar_branch,2,1.2309698831278217,215388.0,0.036816800842390626
7,minvar_branch,3,1.25,312692.0,0.19810220810761933
7,minvar_branch,4,1.2309698831278217,226831.0,0.014354598436863193
7,minvar_branch,5,1.176776695296637,152256.0,0.055734479778307346
7,minvar_branch,6,1.0956708580912724,66575.0,0.1137610268287444
7,minvar_branch,7,1.0,56605.0,0.6147139990497088
7,minvar_branch,8,0.9043291419087276,16976.0,0.028599531753920018
7,minvar_branch,9,0.8232233047033631,6382.0,0.27336761865414183
7,minvar_branch,10,0.7690301168721784,4119.0,0.2883931800341182
7,minvar_branch,11,0.75,4965.0,0.007897110645416705
7,minvar_branch,12,0.7690301168721784,5336.0,0.0781417840888803
7,minvar_branch,13,0.823223304703363,8117.0,0.07582653723203192
7,minvar_branch,14,0.9043291419087274,19682.0,0.19255984825525427
7,minvar_branch,15,0.9999999999999999,40148.0,0.14526168419474797
7,poisson_branch,0,1.0956708580912724,74677.0,0.00590810665398659
7,poisson_branch,1,1.176776695296637,191018.0,0.3245079921862309
7,poisson_branch,2,1.2309698831278217,215468.0,0.03645905270445997
7,poisson_branch,3,1.25,341268.0,0.3075932366561059
7,poisson_branch,4,1.2309698831278217,205585.0,0.08065436329407133
7,poisson_branch,5,1.176776695296637,198555.0,0.3767691232685859
7,poisson_branch,6,1.0956708580912724,66816.0,0.11055286171369723
7,poisson_branch,7,1.0,53251.0,0.5190378087341411
7,poisson_branch,8,0.9043291419087276,15335.0,0.07083094843035087
7,poisson_branch,9,0.8232233047033631,9845.0,0.12091754847226162
7,poisson_branch,10,0.7690301168721784,6240.0,0.07803509506848813
7,poisson_branch,11,0.75,5287.0,0.056444708160661015
7,poisson_branch,12,0.7690301168721784,3711.0,0.35888009009629596
7,poisson_branch,13,0.823223304703363,8103.0,0.07742052866713754
7,poisson_branch,14,0.9043291419087274,17100.0,0.03611286480870072
7,poisson_branch,15,0.9999999999999999,39264.0,0.12004470380149901
