seed,method,m,amplitude,cx,cy,M_ref,M_method,E_m,local_eff
0,weighted,0,1.0956708580912724,-2.356194490192345,-2.356194490192345,148.2825587440157,113.11513729714586,0.2371649217867917,13.054549193177449
0,weighted,1,1.176776695296637,-0.7853981633974483,-2.356194490192345,284.67508004620794,306.1262916809237,0.07535331730207595,12.731543471041826
0,weighted,2,1.2309698831278217,0.7853981633974483,-2.356194490192345,441.41018128244633,343.23857617901604,0.22240448740490867,8.437682117042355
0,weighted,3,1.25,2.356194490192345,-2.356194490192345,515.1724650036236,424.07367481675533,0.17683163673397712,9.566533796689995
0,weighted,4,1.2309698831278217,-2.356194490192345,-0.7853981633974483,441.4101812824476,264.63869330112146,0.4004698928052463,8.276462791276007
0,weighted,5,1.176776695296637,-0.7853981633974483,-0.7853981633974483,284.6750800462278,244.9829413358156,0.13942962167242262,16.177294699970986
0,weighted,6,1.0956708580912724,0.7853981633974483,-0.7853981633974483,148.2825587440179,95.60006322573885,0.35528450523453353,14.878744065939534
0,weighted,7,1.0,2.356194490192345,-0.7853981633974483,69.19726433937538,56.94209046122043,0.17710488984145253,13.350483825631537
0,weighted,8,0.9043291419087276,-2.356194490192345,0.7853981633974483,32.57757740317082,33.20924145751773,0.01938953429623117,20.968054932985456
0,weighted,9,0.8232233047033631,-0.7853981633974483,0.7853981633974483,17.336913934687896,19.51477758675721,0.125620030201097,25.088899195297586
0,weighted,10,0.7690301168721784,0.7853981633974483,0.7853981633974483,11.425663551126782,12.063630372790639,0.0558363038443349,22.79477420734172
0,weighted,11,0.75,2.356194490192345,0.7853981633974483,9.878529006862887,7.589233731687421,0.23174455160125862,18.42900051671423
0,weighted,12,0.7690301168721784,-2.356194490192345,2.356194490192345,11.425663551126913,11.662313779309462,0.020712164954236598,30.783700181697057
0,weighted,13,0.823223304703363,-0.7853981633974483,2.356194490192345,17.336913934685423,17.975606857243623,0.03684005844202678,19.540157976353512
0,weighted,14,0.9043291419087274,0.7853981633974483,2.356194490192345,32.57757740316995,28.500427298686475,0.12515203491118854,19.784120161021995
0,weighted,15,0.9999999999999999,2.356194490192345,2.356194490192345,69.19726433937966,92.22416328043052,0.3327718105749799,14.001213748596768
0,weighted_ess_resample,0,1.0956708580912724,-2.356194490192345,-2.356194490192345,148.2825587440157,148.41795220856145,0.0009130774764919627,954.0984534743233
0,weighted_ess_resample,1,1.176776695296637,-0.7853981633974483,-2.356194490192345,284.67508004620794,318.94034129531457,0.12036621274874061,1739.6855996172296
0,weighted_ess_resample,2,1.2309698831278217,0.7853981633974483,-2.356194490192345,441.41018128244633,269.8075962873356,0.3887599159959269,1316.703047995629
0,weighted_ess_resample,3,1.25,2.356194490192345,-2.356194490192345,515.1724650036236,474.69428564323704,0.07857209402700101,2223.603773254628
0,weighted_ess_resample,4,1.2309698831278217,-2.356194490192345,-0.7853981633974483,441.4101812824476,359.0371193972359,0.18661341622408828,1771.856343339335
0,weighted_ess_resample,5,1.176776695296637,-0.7853981633974483,-0.7853981633974483,284.6750800462278,272.7172234291908,0.04200528059953524,1499.392031219575
0,weighted_ess_resample,6,1.0956708580912724,0.7853981633974483,-0.7853981633974483,148.2825587440179,145.97398535168787,0.01556874531896467,969.9795017421718
0,weighted_ess_resample,7,1.0,2.356194490192345,-0.7853981633974483,69.19726433937538,45.232361690015665,0.3463273133432667,367.88533063844113
0,weighted_ess_resample,8,0.9043291419087276,-2.356194490192345,0.7853981633974483,32.57757740317082,30.404285174926947,0.06671129044826839,302.6757496833935
0,weighted_ess_resample,9,0.8232233047033631,-0.7853981633974483,0.7853981633974483,17.336913934687896,16.972626035647757,0.021012268989307713,202.81747753664965
0,weighted_ess_resample,10,0.7690301168721784,0.7853981633974483,0.7853981633974483,11.425663551126782,9.831524790200396,0.13952264162103517,132.30429039771286
0,weighted_ess_resample,11,0.75,2.356194490192345,0.7853981633974483,9.878529006862887,11.150193568684053,0.12873015414923664,147.95953932601512
0,weighted_ess_resample,12,0.7690301168721784,-2.356194490192345,2.356194490192345,11.425663551126913,11.475816887807877,0.0043895338293956036,148.46186563375684
0,weighted_ess_resample,13,0.823223304703363,-0.7853981633974483,2.356194490192345,17.336913934685423,18.330540275185637,0.057312757290228944,216.61224626267244
0,weighted_ess_resample,14,0.9043291419087274,0.7853981633974483,2.356194490192345,32.57757740316995,35.78203307477016,0.09836384185180101,348.8076648655826
0,weighted_ess_resample,15,0.9999999999999999,2.356194490192345,2.356194490192345,69.19726433937966,77.44784841486495,0.11923280716734845,612.8710578915344
0,minvar_branch,0,1.0956708580912724,-2.356194490192345,-2.356194490192345,148.2825587440157,125.27488866302723,0.15516099989013032,63465.0
0,minvar_branch,1,1.176776695296637,-0.7853981633974483,-2.356194490192345,284.67508004620794,361.21370363370903,0.2688630967455159,182993.0
0,minvar_branch,2,1.2309698831278217,0.7853981633974483,-2.356194490192345,441.41018128244633,324.0881997185713,0.2657890246731847,164185.0
0,minvar_branch,3,1.25,2.356194490192345,-2.356194490192345,515.1724650036236,644.7299335802821,0.25148368241254354,326624.0
0,minvar_branch,4,1.2309698831278217,-2.356194490192345,-0.7853981633974483,441.4101812824476,295.582808287345,0.33036703542139456,149744.0
0,minvar_branch,5,1.176776695296637,-0.7853981633974483,-0.7853981633974483,284.6750800462278,278.48075778113736,0.021759271180619454,141080.0
0,minvar_branch,6,1.0956708580912724,0.7853981633974483,-0.7853981633974483,148.2825587440179,129.04507754424336,0.12973529296176,65375.0
0,minvar_branch,7,1.0,2.356194490192345,-0.7853981633974483,69.19726433937538,45.228449128432096,0.34638385548580547,22913.0
0,minvar_branch,8,0.9043291419087276,-2.356194490192345,0.7853981633974483,32.57757740317082,24.097626105699778,0.2603002424804515,12208.0
0,minvar_branch,9,0.8232233047033631,-0.7853981633974483,0.7853981633974483,17.336913934687896,20.745908451089832,0.19663214163976328,10510.0
0,minvar_branch,10,0.7690301168721784,0.7853981633974483,0.7853981633974483,11.425663551126782,9.788673645000426,0.14327307108259096,4959.0
0,minvar_branch,11,0.75,2.356194490192345,0.7853981633974483,9.878529006862887,10.469676348675591,0.059841636482721,5304.0
0,minvar_branch,12,0.7690301168721784,-2.356194490192345,2.356194490192345,11.425663551126913,13.576627814138522,0.18825727305784876,6878.0
0,minvar_branch,13,0.823223304703363,-0.7853981633974483,2.356194490192345,17.336913934685423,18.99306670945636,0.09552754204181198,9622.0
0,minvar_branch,14,0.9043291419087274,0.7853981633974483,2.356194490192345,32.57757740316995,30.769478680836187,0.05550132534280538,15588.0
0,minvar_branch,15,0.9999999999999999,2.356194490192345,2.356194490192345,69.19726433937966,73.00348983397777,0.055005433103979144,36984.0
0,poisson_branch,0,1.0956708580912724,-2.356194490192345,-2.356194490192345,148.2825587440157,173.36354914689502,0.1691432263869775,87827.0
0,poisson_branch,1,1.176776695296637,-0.7853981633974483,-2.356194490192345,284.67508004620794,457.6989562587586,0.6077942480404879,231873.0
0,poisson_branch,2,1.2309698831278217,0.7853981633974483,-2.356194490192345,441.41018128244633,247.63034834421222,0.4390017293557615,125451.0
0,poisson_branch,3,1.25,2.356194490192345,-2.356194490192345,515.1724650036236,540.0706745902504,0.04832985316179822,273603.0
0,poisson_branch,4,1.2309698831278217,-2.356194490192345,-0.7853981633974483,441.4101812824476,377.8558305748259,0.14398025555952185,191424.0
0,poisson_branch,5,1.176776695296637,-0.7853981633974483,-0.7853981633974483,284.6750800462278,253.6251460574339,0.10907148593319702,128488.0
0,poisson_branch,6,1.0956708580912724,0.7853981633974483,-0.7853981633974483,148.2825587440179,183.02194401380106,0.23427829654433066,92720.0
0,poisson_branch,7,1.0,2.356194490192345,-0.7853981633974483,69.19726433937538,45.75153816168983,0.33882446656701437,23178.0
0,poisson_branch,8,0.9043291419087276,-2.356194490192345,0.7853981633974483,32.57757740317082,26.24130418161639,0.1944979868557603,13294.0
0,poisson_branch,9,0.8232233047033631,-0.7853981633974483,0.7853981633974483,17.336913934687896,16.679631437841017,0.03791231238287342,8450.0
0,poisson_branch,10,0.7690301168721784,0.7853981633974483,0.7853981633974483,11.425663551126782,14.038525300109503,0.22868358912293066,7112.0
0,poisson_branch,11,0.75,2.356194490192345,0.7853981633974483,9.878529006862887,9.555750981134718,0.032674705465148356,4841.0
0,poisson_branch,12,0.7690301168721784,-2.356194490192345,2.356194490192345,11.425663551126913,13.351600833793684,0.1685624011287131,6764.0
0,poisson_branch,13,0.823223304703363,-0.7853981633974483,2.356194490192345,17.336913934685423,14.312900302459788,0.17442629314641667,7251.0
0,poisson_branch,14,0.9043291419087274,0.7853981633974483,2.356194490192345,32.57757740316995,37.02680787112684,0.1365733987182228,18758.0
0,poisson_branch,15,0.9999999999999999,2.356194490192345,2.356194490192345,69.19726433937966,81.23473990448629,0.17395883609023244,41154.0
1,weighted,0,1.0956708580912724,-2.356194490192345,-2.356194490192345,148.2825587440157,158.23912580267478,0.0671459080757258,15.699157456467008
1,weighted,1,1.176776695296637,-0.7853981633974483,-2.356194490192345,284.67508004620794,337.7589757417484,0.1864718741342725,17.967828068044927
1,weighted,2,1.2309698831278217,0.7853981633974483,-2.356194490192345,441.41018128244633,556.2473502935102,0.26015976495472515,14.096743913140411
1,weighted,3,1.25,2.356194490192345,-2.356194490192345,515.1724650036236,415.5243487491316,0.19342671245791665,10.41533203740634
1,weighted,4,1.2309698831278217,-2.356194490192345,-0.7853981633974483,441.4101812824476,294.18328446339615,0.33353760982881486,11.686478927679113
1,weighted,5,1.176776695296637,-0.7853981633974483,-0.7853981633974483,284.6750800462278,284.12418964661236,0.001935154982747186,13.632204471708583
1,weighted,6,1.0956708580912724,0.7853981633974483,-0.7853981633974483,148.2825587440179,133.2254986698086,0.10154302840297297,13.084195887035097
1,weighted,7,1.0,2.356194490192345,-0.7853981633974483,69.19726433937538,42.67448018052572,0.38329238029945323,14.931262446345562
1,weighted,8,0.9043291419087276,-2.356194490192345,0.7853981633974483,32.57757740317082,20.915480205031095,0.3579792645049364,16.184496124931005
1,weighted,9,0.8232233047033631,-0.7853981633974483,0.7853981633974483,17.336913934687896,10.570908345628077,0.3902658578423417,23.77964659194005
1,weighted,10,0.7690301168721784,0.7853981633974483,0.7853981633974483,11.425663551126782,9.97078223839317,0.12733451376573518,17.906272613342704
1,weighted,11,0.75,2.356194490192345,0.7853981633974483,9.878529006862887,6.978863008294622,0.2935321642072202,24.57220541302627
1,weighted,12,0.7690301168721784,-2.356194490192345,2.356194490192345,11.425663551126913,15.311543841606532,0.3401010604846976,27.508711023401855
1,weighted,13,0.823223304703363,-0.7853981633974483,2.356194490192345,17.336913934685423,12.760032103281054,0.26399634033180175,15.802175657744458
1,weighted,14,0.9043291419087274,0.7853981633974483,2.356194490192345,32.57757740316995,35.91107887943978,0.10232502665914826,18.457321765799463
1,weighted,15,0.9999999999999999,2.356194490192345,2.356194490192345,69.19726433937966,72.03483450366392,0.04100697030979906,14.124646788887286
1,weighted_ess_resample,0,1.0956708580912724,-2.356194490192345,-2.356194490192345,148.2825587440157,146.78990842136454,0.010066256849721268,883.1929274383751
1,weighted_ess_resample,1,1.176776695296637,-0.7853981633974483,-2.356194490192345,284.67508004620794,358.25248978872526,0.25846101362498736,1807.9913869705147
1,weighted_ess_resample,2,1.2309698831278217,0.7853981633974483,-2.356194490192345,441.41018128244633,455.6124880822338,0.03217485097087017,2093.402846153472
1,weighted_ess_resample,3,1.25,2.356194490192345,-2.356194490192345,515.1724650036236,486.21217024236086,0.05621475666611779,2128.9377696693655
1,weighted_ess_resample,4,1.2309698831278217,-2.356194490192345,-0.7853981633974483,441.4101812824476,260.40352564475364,0.410064523459354,1200.4621874913846
1,weighted_ess_resample,5,1.176776695296637,-0.7853981633974483,-0.7853981633974483,284.6750800462278,345.9930851716445,0.21539646222444,1768.8142251619186
1,weighted_ess_resample,6,1.0956708580912724,0.7853981633974483,-0.7853981633974483,148.2825587440179,158.56830701163798,0.06936586713058074,958.9248274993955
1,weighted_ess_resample,7,1.0,2.356194490192345,-0.7853981633974483,69.19726433937538,56.62917954826895,0.181626902610871,425.3792943828137
1,weighted_ess_resample,8,0.9043291419087276,-2.356194490192345,0.7853981633974483,32.57757740317082,27.846694874552412,0.14521897899498032,256.93272738138904
1,weighted_ess_resample,9,0.8232233047033631,-0.7853981633974483,0.7853981633974483,17.336913934687896,14.117031720902968,0.18572406980359696,153.2372808122313
1,weighted_ess_resample,10,0.7690301168721784,0.7853981633974483,0.7853981633974483,11.425663551126782,10.24398312868585,0.10342335192640925,125.34402821780849
1,weighted_ess_resample,11,0.75,2.356194490192345,0.7853981633974483,9.878529006862887,8.610327070266566,0.12837963382152007,110.58295706493416
1,weighted_ess_resample,12,0.7690301168721784,-2.356194490192345,2.356194490192345,11.425663551126913,12.28534362803742,0.07524115103369354,150.3647081410901
1,weighted_ess_resample,13,0.823223304703363,-0.7853981633974483,2.356194490192345,17.336913934685423,17.917260441213536,0.03347461426609676,190.07043346183062
1,weighted_ess_resample,14,0.9043291419087274,0.7853981633974483,2.356194490192345,32.57757740316995,29.702437097869932,0.08825519067050855,274.23429426325055
1,weighted_ess_resample,15,0.9999999999999999,2.356194490192345,2.356194490192345,69.19726433937966,72.54406826836522,0.04836613066914155,541.5541577860143
1,minvar_branch,0,1.0956708580912724,-2.356194490192345,-2.356194490192345,148.2825587440157,194.71150346645132,0.3131112999107819,98642.0
1,minvar_branch,1,1.176776695296637,-0.7853981633974483,-2.356194490192345,284.67508004620794,283.587291098261,0.003821159715737553,143667.0
1,minvar_branch,2,1.2309698831278217,0.7853981633974483,-2.356194490192345,441.41018128244633,481.8123737315001,0.09152981549195735,244089.0
1,minvar_branch,3,1.25,2.356194490192345,-2.356194490192345,515.1724650036236,361.0557899632916,0.2991554974492824,182913.0
1,minvar_branch,4,1.2309698831278217,-2.356194490192345,-0.7853981633974483,441.4101812824476,273.24789352767976,0.38096603767996207,138429.0
1,minvar_branch,5,1.176776695296637,-0.7853981633974483,-0.7853981633974483,284.6750800462278,337.91156764273705,0.18700789541488605,171188.0
1,minvar_branch,6,1.0956708580912724,0.7853981633974483,-0.7853981633974483,148.2825587440179,147.5900642138903,0.004670101028692662,74770.0
1,minvar_branch,7,1.0,2.356194490192345,-0.7853981633974483,69.19726433937538,64.46036026439482,0.06845507723757098,32656.0
1,minvar_branch,8,0.9043291419087276,-2.356194490192345,0.7853981633974483,32.57757740317082,39.74687084406707,0.22006834185891458,20136.0
1,minvar_branch,9,0.8232233047033631,-0.7853981633974483,0.7853981633974483,17.336913934687896,12.20672672326732,0.29591121180777386,6184.0
1,minvar_branch,10,0.7690301168721784,0.7853981633974483,0.7853981633974483,11.425663551126782,9.828152062604783,0.1398178303932689,4979.0
1,minvar_branch,11,0.75,2.356194490192345,0.7853981633974483,9.878529006862887,10.10055314407485,0.022475424940060985,5117.0
1,minvar_branch,12,0.7690301168721784,-2.356194490192345,2.356194490192345,11.425663551126913,9.99790925830352,0.12496029542919396,5065.0
1,minvar_branch,13,0.823223304703363,-0.7853981633974483,2.356194490192345,17.336913934685423,19.66222588785022,0.13412490607758148,9961.0
1,minvar_branch,14,0.9043291419087274,0.7853981633974483,2.356194490192345,32.57757740316995,21.071605396325783,0.3531868519395976,10675.0
1,minvar_branch,15,0.9999999999999999,2.356194490192345,2.356194490192345,69.19726433937966,64.52155181168158,0.06757077136410966,32687.0
1,poisson_branch,0,1.0956708580912724,-2.356194490192345,-2.356194490192345,148.2825587440157,148.96588706740212,0.004608285216915377,75467.0
1,poisson_branch,1,1.176776695296637,-0.7853981633974483,-2.356194490192345,284.67508004620794,265.6443502970805,0.06685070483176257,134577.0
1,poisson_branch,2,1.2309698831278217,0.7853981633974483,-2.356194490192345,441.41018128244633,435.5101116442295,0.013366410401035936,220632.0
1,poisson_branch,3,1.25,2.356194490192345,-2.356194490192345,515.1724650036236,357.0526784182097,0.306925927386864,180885.0
1,poisson_branch,4,1.2309698831278217,-2.356194490192345,-0.7853981633974483,441.4101812824476,330.13826721643903,0.2520827991387185,167250.0
1,poisson_branch,5,1.176776695296637,-0.7853981633974483,-0.7853981633974483,284.6750800462278,270.839710053814,0.04860056591594567,137209.0
1,poisson_branch,6,1.0956708580912724,0.7853981633974483,-0.7853981633974483,148.2825587440179,163.89267676360967,0.10527278563178637,83029.0
1,poisson_branch,7,1.0,2.356194490192345,-0.7853981633974483,69.19726433937538,63.17533777137299,0.08702550058146924,32005.0
1,poisson_branch,8,0.9043291419087276,-2.356194490192345,0.7853981633974483,32.57757740317082,21.503894069093494,0.33991733630259163,10894.0
1,poisson_branch,9,0.8232233047033631,-0.7853981633974483,0.7853981633974483,17.336913934687896,14.764928184029682,0.1483531475294548,7480.0
1,poisson_branch,10,0.7690301168721784,0.7853981633974483,0.7853981633974483,11.425663551126782,8.316128668357894,0.27215354879430437,4213.0
1,poisson_branch,11,0.75,2.356194490192345,0.7853981633974483,9.878529006862887,8.572738382786218,0.1321847233702002,4343.0
1,poisson_branch,12,0.7690301168721784,-2.356194490192345,2.356194490192345,11.425663551126913,12.058682657250978,0.05540326855341635,6109.0
1,poisson_branch,13,0.823223304703363,-0.7853981633974483,2.356194490192345,17.336913934685423,15.714384127414478,0.09358815608035063,7961.0
1,poisson_branch,14,0.9043291419087274,0.7853981633974483,2.356194490192345,32.57757740316995,23.199492105200648,0.2878693274797275,11753.0
1,poisson_branch,15,0.9999999999999999,2.356194490192345,2.356194490192345,69.19726433937966,59.75848072771585,0.13640399951898483,30274.0
2,weighted,0,1.0956708580912724,-2.356194490192345,-2.356194490192345,148.2825587440157,153.92578985685563,0.03805728172375289,16.109726538794085
2,weighted,1,1.176776695296637,-0.7853981633974483,-2.356194490192345,284.67508004620794,245.6070626416236,0.13723722286560133,12.755974662893468
2,weighted,2,1.2309698831278217,0.7853981633974483,-2.356194490192345,441.41018128244633,461.9332682927775,0.04649436710024364,24.083974718277943
2,weighted,3,1.25,2.356194490192345,-2.356194490192345,515.1724650036236,554.2619626193872,0.0758765273207849,17.44366466864015
2,weighted,4,1.2309698831278217,-2.356194490192345,-0.7853981633974483,441.4101812824476,518.3837066350577,0.1743809468303964,17.26249545668154
2,weighted,5,1.176776695296637,-0.7853981633974483,-0.7853981633974483,284.6750800462278,198.1653097696849,0.3038895089183596,14.554916865914326
2,weighted,6,1.0956708580912724,0.7853981633974483,-0.7853981633974483,148.2825587440179,173.40826172321334,0.16944476270179734,14.874357860489322
2,weighted,7,1.0,2.356194490192345,-0.7853981633974483,69.19726433937538,54.11880700068401,0.21790539673273274,11.897895792145631
2,weighted,8,0.9043291419087276,-2.356194490192345,0.7853981633974483,32.57757740317082,30.08274775447661,0.07658119011794245,15.282641104235553
2,weighted,9,0.8232233047033631,-0.7853981633974483,0.7853981633974483,17.336913934687896,16.609447504577584,0.041960549198712255,22.82952256151372
2,weighted,10,0.7690301168721784,0.7853981633974483,0.7853981633974483,11.425663551126782,13.158886417209475,0.15169559810045039,25.69187976050345
2,weighted,11,0.75,2.356194490192345,0.7853981633974483,9.878529006862887,7.900502818549376,0.20023489194993727,23.173313902057107
2,weighted,12,0.7690301168721784,-2.356194490192345,2.356194490192345,11.425663551126913,12.468014619446167,0.09122893070104862,24.602456660710438
2,weighted,13,0.823223304703363,-0.7853981633974483,2.356194490192345,17.336913934685423,21.895664193599252,0.26295050411441906,20.765603446703867
2,weighted,14,0.9043291419087274,0.7853981633974483,2.356194490192345,32.57757740316995,32.435606581763054,0.00435793059901007,19.63644494793513
2,weighted,15,0.9999999999999999,2.356194490192345,2.356194490192345,69.19726433937966,68.84349686483195,0.0051124488507616125,13.976907724371072
2,weighted_ess_resample,0,1.0956708580912724,-2.356194490192345,-2.356194490192345,148.2825587440157,160.97608049609704,0.08560360611253366,889.6802124939295
2,weighted_ess_resample,1,1.176776695296637,-0.7853981633974483,-2.356194490192345,284.67508004620794,285.2989416552792,0.0021914865501046917,1292.6783692822883
2,weighted_ess_resample,2,1.2309698831278217,0.7853981633974483,-2.356194490192345,441.41018128244633,649.7906125220682,0.47207889640018263,2573.052823422129
2,weighted_ess_resample,3,1.25,2.356194490192345,-2.356194490192345,515.1724650036236,539.9364953033983,0.04806939807934112,2109.5681661902013
2,weighted_ess_resample,4,1.2309698831278217,-2.356194490192345,-0.7853981633974483,441.4101812824476,456.5962935218655,0.03440362928489114,1883.5248086567474
2,weighted_ess_resample,5,1.176776695296637,-0.7853981633974483,-0.7853981633974483,284.6750800462278,205.99886435439984,0.27637198057185713,944.5606978839276
2,weighted_ess_resample,6,1.0956708580912724,0.7853981633974483,-0.7853981633974483,148.2825587440179,199.26309394993314,0.34380668662403907,1063.5228058424764
2,weighted_ess_resample,7,1.0,2.356194490192345,-0.7853981633974483,69.19726433937538,67.76271722971039,0.020731269124012013,451.9528451145221
2,weighted_ess_resample,8,0.9043291419087276,-2.356194490192345,0.7853981633974483,32.57757740317082,27.339876286547486,0.16077626189949723,229.8273176046245
2,weighted_ess_resample,9,0.8232233047033631,-0.7853981633974483,0.7853981633974483,17.336913934687896,18.146705577529723,0.046709099779378045,178.45293449775326
2,weighted_ess_resample,10,0.7690301168721784,0.7853981633974483,0.7853981633974483,11.425663551126782,10.325087709287157,0.09632489499755029,112.83217473981207
2,weighted_ess_resample,11,0.75,2.356194490192345,0.7853981633974483,9.878529006862887,8.010608564459773,0.1890889262060595,91.11719738454129
2,weighted_ess_resample,12,0.7690301168721784,-2.356194490192345,2.356194490192345,11.425663551126913,11.11904194818248,0.026836218445640443,124.25323273181552
2,weighted_ess_resample,13,0.823223304703363,-0.7853981633974483,2.356194490192345,17.336913934685423,20.88850972646498,0.20485743917053145,211.447516268543
2,weighted_ess_resample,14,0.9043291419087274,0.7853981633974483,2.356194490192345,32.57757740316995,38.97444673576712,0.19635804263256007,326.22416738024947
2,weighted_ess_resample,15,0.9999999999999999,2.356194490192345,2.356194490192345,69.19726433937966,57.21083550473476,0.17322113741169257,375.38480884608447
2,minvar_branch,0,1.0956708580912724,-2.356194490192345,-2.356194490192345,148.2825587440157,215.50478601866638,0.45333873278177167,109176.0
2,minvar_branch,1,1.176776695296637,-0.7853981633974483,-2.356194490192345,284.67508004620794,229.59660718254176,0.1934783784190943,116315.0
2,minvar_branch,2,1.2309698831278217,0.7853981633974483,-2.356194490192345,441.41018128244633,576.5092540390723,0.30606243010552525,292063.0
2,minvar_branch,3,1.25,2.356194490192345,-2.356194490192345,515.1724650036236,714.2237920892326,0.38637803960312367,361830.0
2,minvar_branch,4,1.2309698831278217,-2.356194490192345,-0.7853981633974483,441.4101812824476,581.4144474264137,0.3171749816399927,294548.0
2,minvar_branch,5,1.176776695296637,-0.7853981633974483,-0.7853981633974483,284.6750800462278,324.702089112319,0.14060594646918634,164496.0
2,minvar_branch,6,1.0956708580912724,0.7853981633974483,-0.7853981633974483,148.2825587440179,156.66417850025184,0.05652465014920082,79367.0
2,minvar_branch,7,1.0,2.356194490192345,-0.7853981633974483,69.19726433937538,63.78527932336031,0.07821096784219961,32314.0
2,minvar_branch,8,0.9043291419087276,-2.356194490192345,0.7853981633974483,32.57757740317082,28.004015527650946,0.14038987058241856,14187.0
2,minvar_branch,9,0.8232233047033631,-0.7853981633974483,0.7853981633974483,17.336913934687896,16.655944387278403,0.03927859075582081,8438.0
2,minvar_branch,10,0.7690301168721784,0.7853981633974483,0.7853981633974483,11.425663551126782,10.013700625345264,0.12357819915345507,5073.0
2,minvar_branch,11,0.75,2.356194490192345,0.7853981633974483,9.878529006862887,10.76773840158849,0.09001435275513633,5455.0
2,minvar_branch,12,0.7690301168721784,-2.356194490192345,2.356194490192345,11.425663551126913,8.659590901515804,0.24209295479721102,4387.0
2,minvar_branch,13,0.823223304703363,-0.7853981633974483,2.356194490192345,17.336913934685423,16.389465068448988,0.054649222451344334,8303.0
2,minvar_branch,14,0.9043291419087274,0.7853981633974483,2.356194490192345,32.57757740316995,39.255364544892814,0.20498108435383802,19887.0
2,minvar_branch,15,0.9999999999999999,2.356194490192345,2.356194490192345,69.19726433937966,74.40102581717203,0.07520183821531434,37692.0
2,poisson_branch,0,1.0956708580912724,-2.356194490192345,-2.356194490192345,148.2825587440157,143.474439178636,0.03242538843479276,72685.0
2,poisson_branch,1,1.176776695296637,-0.7853981633974483,-2.356194490192345,284.67508004620794,365.12601481830086,0.28260617247928504,184975.0
2,poisson_branch,2,1.2309698831278217,0.7853981633974483,-2.356194490192345,441.41018128244633,474.04104722608236,0.07392413525404486,240152.0
2,poisson_branch,3,1.25,2.356194490192345,-2.356194490192345,515.1724650036236,540.3983454563665,0.04896589427108738,273769.0
2,poisson_branch,4,1.2309698831278217,-2.356194490192345,-0.7853981633974483,441.4101812824476,488.20985130428625,0.10602308692987011,247330.0
2,poisson_branch,5,1.176776695296637,-0.7853981633974483,-0.7853981633974483,284.6750800462278,332.5049983518203,0.1680158245597947,168449.0
2,poisson_branch,6,1.0956708580912724,0.7853981633974483,-0.7853981633974483,148.2825587440179,162.77543754540636,0.09773825677238077,82463.0
2,poisson_branch,7,1.0,2.356194490192345,-0.7853981633974483,69.19726433937538,49.815841254058434,0.2800894409678031,25237.0
2,poisson_branch,8,0.9043291419087276,-2.356194490192345,0.7853981633974483,32.57757740317082,28.91004521167095,0.11257842000071201,14646.0
2,poisson_branch,9,0.8232233047033631,-0.7853981633974483,0.7853981633974483,17.336913934687896,17.29746867334921,0.002275218155162097,8763.0
2,poisson_branch,10,0.7690301168721784,0.7853981633974483,0.7853981633974483,11.425663551126782,12.333057659601263,0.07941719134421696,6248.0
2,poisson_branch,11,0.75,2.356194490192345,0.7853981633974483,9.878529006862887,8.511546835499463,0.1383791220751333,4312.0
2,poisson_branch,12,0.7690301168721784,-2.356194490192345,2.356194490192345,11.425663551126913,11.249375096361652,0.015429165577685344,5699.0
2,poisson_branch,13,0.823223304703363,-0.7853981633974483,2.356194490192345,17.336913934685423,18.25284637937466,0.05283134288719971,9247.0
2,poisson_branch,14,0.9043291419087274,0.7853981633974483,2.356194490192345,32.57757740316995,40.82068380290559,0.2530300610668967,20680.0
2,poisson_branch,15,0.9999999999999999,2.356194490192345,2.356194490192345,69.19726433937966,55.552055331971566,0.19719289682442984,28143.0
3,weighted,0,1.0956708580912724,-2.356194490192345,-2.356194490192345,148.2825587440157,244.8097789458644,0.6509681315149568,19.981965628059417
3,weighted,1,1.176776695296637,-0.7853981633974483,-2.356194490192345,284.67508004620794,428.119823235695,0.5038893575307096,19.102088801998846
3,weighted,2,1.2309698831278217,0.7853981633974483,-2.356194490192345,441.41018128244633,448.78580342815,0.01670922524776162,12.849132483538954
3,weighted,3,1.25,2.356194490192345,-2.356194490192345,515.1724650036236,300.10468541484283,0.41746753601683284,5.186024580819472
3,weighted,4,1.2309698831278217,-2.356194490192345,-0.7853981633974483,441.4101812824476,517.9067164213209,0.17330034145706538,16.133756138293226
3,weighted,5,1.176776695296637,-0.7853981633974483,-0.7853981633974483,284.6750800462278,275.61409261648254,0.031829225895971806,15.560018566855053
3,weighted,6,1.0956708580912724,0.7853981633974483,-0.7853981633974483,148.2825587440179,122.48381324274229,0.1739836816938958,13.769079477804231
3,weighted,7,1.0,2.356194490192345,-0.7853981633974483,69.19726433937538,81.57189086461064,0.1788311524071872,19.16577572922152
3,weighted,8,0.9043291419087276,-2.356194490192345,0.7853981633974483,32.57757740317082,29.70527122638907,0.08816819437599391,21.74967317600275
3,weighted,9,0.8232233047033631,-0.7853981633974483,0.7853981633974483,17.336913934687896,23.899677960669067,0.3785428047174138,26.7959655289137
3,weighted,10,0.7690301168721784,0.7853981633974483,0.7853981633974483,11.425663551126782,8.312701991203998,0.27245345935429616,20.09964305607534
3,weighted,11,0.75,2.356194490192345,0.7853981633974483,9.878529006862887,7.3644918414822556,0.2544950937162872,19.980827279129063
3,weighted,12,0.7690301168721784,-2.356194490192345,2.356194490192345,11.425663551126913,16.49857704211938,0.4439928996939635,29.444792880060213
3,weighted,13,0.823223304703363,-0.7853981633974483,2.356194490192345,17.336913934685423,18.855117797699066,0.08757059467061316,22.43609860417557
3,weighted,14,0.9043291419087274,0.7853981633974483,2.356194490192345,32.57757740316995,23.299337234850753,0.284804485413221,15.495994469833239
3,weighted,15,0.9999999999999999,2.356194490192345,2.356194490192345,69.19726433937966,71.74360904172526,0.03679834349891345,16.44333518356908
3,weighted_ess_resample,0,1.0956708580912724,-2.356194490192345,-2.356194490192345,148.2825587440157,211.3348630532456,0.42521726657063474,1195.749993479076
3,weighted_ess_resample,1,1.176776695296637,-0.7853981633974483,-2.356194490192345,284.67508004620794,417.8109489090483,0.4676765835675887,1973.283052192384
3,weighted_ess_resample,2,1.2309698831278217,0.7853981633974483,-2.356194490192345,441.41018128244633,412.99950900932237,0.0643634276639957,1740.9217798484651
3,weighted_ess_resample,3,1.25,2.356194490192345,-2.356194490192345,515.1724650036236,430.4609528692482,0.16443330707470863,1698.1043991855875
3,weighted_ess_resample,4,1.2309698831278217,-2.356194490192345,-0.7853981633974483,441.4101812824476,488.87420836412076,0.10752816562539166,2064.7676921084467
3,weighted_ess_resample,5,1.176776695296637,-0.7853981633974483,-0.7853981633974483,284.6750800462278,325.79160619461226,0.1444331767350611,1537.8027319348196
3,weighted_ess_resample,6,1.0956708580912724,0.7853981633974483,-0.7853981633974483,148.2825587440179,118.474228056596,0.2010238489266995,668.920163656555
3,weighted_ess_resample,7,1.0,2.356194490192345,-0.7853981633974483,69.19726433937538,73.8121138825188,0.06669121369466378,505.5952144372333
3,weighted_ess_resample,8,0.9043291419087276,-2.356194490192345,0.7853981633974483,32.57757740317082,37.69913035946155,0.15721098266171996,320.9126013253676
3,weighted_ess_resample,9,0.8232233047033631,-0.7853981633974483,0.7853981633974483,17.336913934687896,20.019336658017625,0.15472319545652857,207.99597265556739
3,weighted_ess_resample,10,0.7690301168721784,0.7853981633974483,0.7853981633974483,11.425663551126782,10.88018062631597,0.047741903336285106,129.65266684967716
3,weighted_ess_resample,11,0.75,2.356194490192345,0.7853981633974483,9.878529006862887,9.549291924179272,0.03332855351792614,116.21235848929898
3,weighted_ess_resample,12,0.7690301168721784,-2.356194490192345,2.356194490192345,11.425663551126913,12.79468436263569,0.11981980787223083,149.59830480631322
3,weighted_ess_resample,13,0.823223304703363,-0.7853981633974483,2.356194490192345,17.336913934685423,19.080433840580813,0.10056691245419312,193.53685091226473
3,weighted_ess_resample,14,0.9043291419087274,0.7853981633974483,2.356194490192345,32.57757740316995,22.20892322580568,0.318275789787713,200.09621944897168
3,weighted_ess_resample,15,0.9999999999999999,2.356194490192345,2.356194490192345,69.19726433937966,61.26300666535248,0.11466143567632125,422.38957671981126
3,minvar_branch,0,1.0956708580912724,-2.356194490192345,-2.356194490192345,148.2825587440157,166.7430185146443,0.12449515254519858,84473.0
3,minvar_branch,1,1.176776695296637,-0.7853981633974483,-2.356194490192345,284.67508004620794,356.9520084533186,0.2538927130375403,180834.0
3,minvar_branch,2,1.2309698831278217,0.7853981633974483,-2.356194490192345,441.41018128244633,434.49156847003707,0.015673885890688674,220116.0
3,minvar_branch,3,1.25,2.356194490192345,-2.356194490192345,515.1724650036236,421.8959793333668,0.18105875606065383,213735.0
3,minvar_branch,4,1.2309698831278217,-2.356194490192345,-0.7853981633974483,441.4101812824476,422.13284983899297,0.04367214953548958,213855.0
3,minvar_branch,5,1.176776695296637,-0.7853981633974483,-0.7853981633974483,284.6750800462278,310.9714954695235,0.09237343647721298,157540.0
3,minvar_branch,6,1.0956708580912724,0.7853981633974483,-0.7853981633974483,148.2825587440179,85.4984090057569,0.42340886392880567,43314.0
3,minvar_branch,7,1.0,2.356194490192345,-0.7853981633974483,69.19726433937538,56.70877296777924,0.18047666321527978,28729.0
3,minvar_branch,8,0.9043291419087276,-2.356194490192345,0.7853981633974483,32.57757740317082,41.104928409656964,0.2617552220336729,20824.0
3,minvar_branch,9,0.8232233047033631,-0.7853981633974483,0.7853981633974483,17.336913934687896,19.82211347914787,0.1433472850948148,10042.0
3,minvar_branch,10,0.7690301168721784,0.7853981633974483,0.7853981633974483,11.425663551126782,11.277009988684702,0.013010497095148576,5713.0
3,minvar_branch,11,0.75,2.356194490192345,0.7853981633974483,9.878529006862887,10.272284260653805,0.039859705176485793,5204.0
3,minvar_branch,12,0.7690301168721784,-2.356194490192345,2.356194490192345,11.425663551126913,14.711632320263798,0.28759544287585725,7453.0
3,minvar_branch,13,0.823223304703363,-0.7853981633974483,2.356194490192345,17.336913934685423,16.636205178476224,0.04041715606647344,8428.0
3,minvar_branch,14,0.9043291419087274,0.7853981633974483,2.356194490192345,32.57757740316995,21.420989392124344,0.34246217491789355,10852.0
3,minvar_branch,15,0.9999999999999999,2.356194490192345,2.356194490192345,69.19726433937966,77.09937566042986,0.11419687463790625,39059.0
3,poisson_branch,0,1.0956708580912724,-2.356194490192345,-2.356194490192345,148.2825587440157,206.49975896311244,0.3926098976994235,104614.0
3,poisson_branch,1,1.176776695296637,-0.7853981633974483,-2.356194490192345,284.67508004620794,313.14873020040386,0.1000215760001688,158643.0
3,poisson_branch,2,1.2309698831278217,0.7853981633974483,-2.356194490192345,441.41018128244633,365.4398682382555,0.1721082029043175,185134.0
3,poisson_branch,3,1.25,2.356194490192345,-2.356194490192345,515.1724650036236,365.43789431737525,0.29064940550577595,185133.0
3,poisson_branch,4,1.2309698831278217,-2.356194490192345,-0.7853981633974483,441.4101812824476,695.854484377925,0.5764350571983403,352524.0
3,poisson_branch,5,1.176776695296637,-0.7853981633974483,-0.7853981633974483,284.6750800462278,267.9716030148574,0.058675585613809006,135756.0
3,poisson_branch,6,1.0956708580912724,0.7853981633974483,-0.7853981633974483,148.2825587440179,97.8018578521549,0.3404358632562343,49547.0
3,poisson_branch,7,1.0,2.356194490192345,-0.7853981633974483,69.19726433937538,71.43027489244413,0.03227021435583111,36187.0
3,poisson_branch,8,0.9043291419087276,-2.356194490192345,0.7853981633974483,32.57757740317082,49.85334575078257,0.5302962873454881,25256.0
3,poisson_branch,9,0.8232233047033631,-0.7853981633974483,0.7853981633974483,17.336913934687896,21.801956122006395,0.25754538576700153,11045.0
3,poisson_branch,10,0.7690301168721784,0.7853981633974483,0.7853981633974483,11.425663551126782,10.0729182517518,0.11839533811947198,5103.0
3,poisson_branch,11,0.75,2.356194490192345,0.7853981633974483,9.878529006862887,10.031465913267224,0.015481748982878664,5082.0
3,poisson_branch,12,0.7690301168721784,-2.356194490192345,2.356194490192345,11.425663551126913,8.426668237650095,0.26247887486421106,4269.0
3,poisson_branch,13,0.823223304703363,-0.7853981633974483,2.356194490192345,17.336913934685423,23.687050562614463,0.3662783729475936,12000.0
3,poisson_branch,14,0.9043291419087274,0.7853981633974483,2.356194490192345,32.57757740316995,19.865539738512663,0.3902081946529377,10064.0
3,poisson_branch,15,0.9999999999999999,2.356194490192345,2.356194490192345,69.19726433937966,67.21200597141853,0.028689838925197608,34050.0
5,weighted,0,1.0956708580912724,-2.356194490192345,-2.356194490192345,148.2825587440157,168.21442707220336,0.13441815744895944,20.47231914665097
5,weighted,1,1.176776695296637,-0.7853981633974483,-2.356194490192345,284.67508004620794,177.27408478489107,0.37727571814113037,11.253394941448567
5,weighted,2,1.2309698831278217,0.7853981633974483,-2.356194490192345,441.41018128244633,397.0326121151203,0.10053589846612543,15.759249088313457
5,weighted,3,1.25,2.356194490192345,-2.356194490192345,515.1724650036236,391.16242008194115,0.24071559205092652,18.20610175788624
5,weighted,4,1.2309698831278217,-2.356194490192345,-0.7853981633974483,441.4101812824476,138.22035027861554,0.6868664200788525,10.09268925720655
5,weighted,5,1.176776695296637,-0.7853981633974483,-0.7853981633974483,284.6750800462278,227.51737607261379,0.20078225310178985,18.284960140530472
5,weighted,6,1.0956708580912724,0.7853981633974483,-0.7853981633974483,148.2825587440179,144.85411533375859,0.023121015979889352,18.50122382082692
5,weighted,7,1.0,2.356194490192345,-0.7853981633974483,69.19726433937538,74.6061946658476,0.07816682318457448,18.6645233676815
5,weighted,8,0.9043291419087276,-2.356194490192345,0.7853981633974483,32.57757740317082,27.097485805226313,0.16821667032279458,15.21482087612144
5,weighted,9,0.8232233047033631,-0.7853981633974483,0.7853981633974483,17.336913934687896,14.552187061495268,0.160624138972099,19.316257070307756
5,weighted,10,0.7690301168721784,0.7853981633974483,0.7853981633974483,11.425663551126782,12.53148176260988,0.09678371908422287,24.054534400644425
5,weighted,11,0.75,2.356194490192345,0.7853981633974483,9.878529006862887,11.897466324253019,0.20437631108715879,25.58077782107151
5,weighted,12,0.7690301168721784,-2.356194490192345,2.356194490192345,11.425663551126913,12.12274815675819,0.061010426441493064,26.558056435732723
5,weighted,13,0.823223304703363,-0.7853981633974483,2.356194490192345,17.336913934685423,21.674287733228056,0.25018142299622215,29.475427015408822
5,weighted,14,0.9043291419087274,0.7853981633974483,2.356194490192345,32.57757740316995,32.77956477833798,0.006200196308899768,20.69393475690651
5,weighted,15,0.9999999999999999,2.356194490192345,2.356194490192345,69.19726433937966,68.09851044324155,0.015878574198385086,17.467008079385657
5,weighted_ess_resample,0,1.0956708580912724,-2.356194490192345,-2.356194490192345,148.2825587440157,154.0840468492113,0.03912454812174419,982.4154137038963
5,weighted_ess_resample,1,1.176776695296637,-0.7853981633974483,-2.356194490192345,284.67508004620794,219.8259093948869,0.22780065835335792,1183.9733946664564
5,weighted_ess_resample,2,1.2309698831278217,0.7853981633974483,-2.356194490192345,441.41018128244633,468.3088536260699,0.06093804240190788,2262.8433912558
5,weighted_ess_resample,3,1.25,2.356194490192345,-2.356194490192345,515.1724650036236,452.1878148945061,0.12225934883510224,2054.3209044850814
5,weighted_ess_resample,4,1.2309698831278217,-2.356194490192345,-0.7853981633974483,441.4101812824476,353.771660522722,0.19854213716843974,1705.0276202108057
5,weighted_ess_resample,5,1.176776695296637,-0.7853981633974483,-0.7853981633974483,284.6750800462278,295.79897984447155,0.039075776483271325,1584.5568637816712
5,weighted_ess_resample,6,1.0956708580912724,0.7853981633974483,-0.7853981633974483,148.2825587440179,142.1480938835139,0.04137010389127434,897.9023045409778
5,weighted_ess_resample,7,1.0,2.356194490192345,-0.7853981633974483,69.19726433937538,67.18904762291172,0.02902162008333799,525.2089055333777
5,weighted_ess_resample,8,0.9043291419087276,-2.356194490192345,0.7853981633974483,32.57757740317082,29.092247418731894,0.10698554841280786,272.6228853217092
5,weighted_ess_resample,9,0.8232233047033631,-0.7853981633974483,0.7853981633974483,17.336913934687896,20.734347738102354,0.19596531517739346,229.92978837072224
5,weighted_ess_resample,10,0.7690301168721784,0.7853981633974483,0.7853981633974483,11.425663551126782,11.424470882960227,0.00010438502422355961,143.80183614299347
5,weighted_ess_resample,11,0.75,2.356194490192345,0.7853981633974483,9.878529006862887,11.731662001394255,0.1875919980843246,148.90971649229027
5,weighted_ess_resample,12,0.7690301168721784,-2.356194490192345,2.356194490192345,11.425663551126913,13.182942533023104,0.15380104394224614,163.0744976459688
5,weighted_ess_resample,13,0.823223304703363,-0.7853981633974483,2.356194490192345,17.336913934685423,23.059955151689206,0.33010726352824954,253.83120948816432
5,weighted_ess_resample,14,0.9043291419087274,0.7853981633974483,2.356194490192345,32.57757740316995,30.196112447103374,0.073101352092401,280.7103363792875
5,weighted_ess_resample,15,0.9999999999999999,2.356194490192345,2.356194490192345,69.19726433937966,62.23279062713246,0.10064666253408182,479.87037148893353
5,minvar_branch,0,1.0956708580912724,-2.356194490192345,-2.356194490192345,148.2825587440157,181.13684957319302,0.22156544308015758,91765.0
5,minvar_branch,1,1.176776695296637,-0.7853981633974483,-2.356194490192345,284.67508004620794,161.43909310949886,0.43290050859634654,81786.0
5,minvar_branch,2,1.2309698831278217,0.7853981633974483,-2.356194490192345,441.41018128244633,551.8253734319478,0.2501419242952391,279558.0
5,minvar_branch,3,1.25,2.356194490192345,-2.356194490192345,515.1724650036236,617.1246500704352,0.19789913474140056,312639.0
5,minvar_branch,4,1.2309698831278217,-2.356194490192345,-0.7853981633974483,441.4101812824476,298.15087935250847,0.3245491563282973,151045.0
5,minvar_branch,5,1.176776695296637,-0.7853981633974483,-0.7853981633974483,284.6750800462278,253.13363975825965,0.11079803782911445,128239.0
5,minvar_branch,6,1.0956708580912724,0.7853981633974483,-0.7853981633974483,148.2825587440179,157.82484397781994,0.06435204055437838,79955.0
5,minvar_branch,7,1.0,2.356194490192345,-0.7853981633974483,69.19726433937538,78.80286938005787,0.13881480911690616,39922.0
5,minvar_branch,8,0.9043291419087276,-2.356194490192345,0.7853981633974483,32.57757740317082,38.708588461072466,0.18819726777181736,19610.0
5,minvar_branch,9,0.8232233047033631,-0.7853981633974483,0.7853981633974483,17.336913934687896,13.098938961125798,0.24444805976008852,6636.0
5,minvar_branch,10,0.7690301168721784,0.7853981633974483,0.7853981633974483,11.425663551126782,13.963516306661225,0.22211863181321875,7074.0
5,minvar_branch,11,0.75,2.356194490192345,0.7853981633974483,9.878529006862887,11.038165562178339,0.11738959864467874,5592.0
5,minvar_branch,12,0.7690301168721784,-2.356194490192345,2.356194490192345,11.425663551126913,12.909442556624882,0.12986370540830633,6540.0
5,minvar_branch,13,0.823223304703363,-0.7853981633974483,2.356194490192345,17.336913934685423,18.365359869547078,0.05932116515870074,9304.0
5,minvar_branch,14,0.9043291419087274,0.7853981633974483,2.356194490192345,32.57757740316995,30.70828713354943,0.05737965860649377,15557.0
5,minvar_branch,15,0.9999999999999999,2.356194490192345,2.356194490192345,69.19726433937966,80.03262208843361,0.15658650457497394,40545.0
5,poisson_branch,0,1.0956708580912724,-2.356194490192345,-2.356194490192345,148.2825587440157,164.8658197575571,0.11183554663478358,83522.0
5,poisson_branch,1,1.176776695296637,-0.7853981633974483,-2.356194490192345,284.67508004620794,131.5124786445157,0.5380260238333161,66625.0
5,poisson_branch,2,1.2309698831278217,0.7853981633974483,-2.356194490192345,441.41018128244633,454.4794913031232,0.029608084667884418,230242.0
5,poisson_branch,3,1.25,2.356194490192345,-2.356194490192345,515.1724650036236,374.74690518848274,0.27257970748524607,189849.0
5,poisson_branch,4,1.2309698831278217,-2.356194490192345,-0.7853981633974483,441.4101812824476,406.939580823956,0.07809199225614297,206158.0
5,poisson_branch,5,1.176776695296637,-0.7853981633974483,-0.7853981633974483,284.6750800462278,262.8887567482964,0.0765304897583363,133181.0
5,poisson_branch,6,1.0956708580912724,0.7853981633974483,-0.7853981633974483,148.2825587440179,169.80062195810177,0.14511526774521594,86022.0
5,poisson_branch,7,1.0,2.356194490192345,-0.7853981633974483,69.19726433937538,69.40305814846037,0.002974016546025381,35160.0
5,poisson_branch,8,0.9043291419087276,-2.356194490192345,0.7853981633974483,32.57757740317082,38.21313432013778,0.172988827475503,19359.0
5,poisson_branch,9,0.8232233047033631,-0.7853981633974483,0.7853981633974483,17.336913934687896,20.528777154265867,0.18410792322107886,10400.0
5,poisson_branch,10,0.7690301168721784,0.7853981633974483,0.7853981633974483,11.425663551126782,9.871578321969578,0.13601706563501448,5001.0
5,poisson_branch,11,0.75,2.356194490192345,0.7853981633974483,9.878529006862887,7.461420927223555,0.24468299662430515,3780.0
5,poisson_branch,12,0.7690301168721784,-2.356194490192345,2.356194490192345,11.425663551126913,13.304226732668456,0.16441611230152667,6740.0
5,poisson_branch,13,0.823223304703363,-0.7853981633974483,2.356194490192345,17.336913934685423,17.674487561470823,0.019471379281062615,8954.0
5,poisson_branch,14,0.9043291419087274,0.7853981633974483,2.356194490192345,32.57757740316995,30.59577364337701,0.060833368155856084,15500.0
5,poisson_branch,15,0.9999999999999999,2.356194490192345,2.356194490192345,69.19726433937966,60.1177343279155,0.13121226826155125,30456.0
6,weighted,0,1.0956708580912724,-2.356194490192345,-2.356194490192345,148.2825587440157,153.9903314739995,0.03849254273954972,17.900134349281082
6,weighted,1,1.176776695296637,-0.7853981633974483,-2.356194490192345,284.67508004620794,373.76916107283085,0.3129676156134261,16.46735279070806
6,weighted,2,1.2309698831278217,0.7853981633974483,-2.356194490192345,441.41018128244633,371.33474028849565,0.15875356746497724,11.270566269641776
6,weighted,3,1.25,2.356194490192345,-2.356194490192345,515.1724650036236,527.4029949864973,0.023740651555955467,15.64128409825185
6,weighted,4,1.2309698831278217,-2.356194490192345,-0.7853981633974483,441.4101812824476,635.5918635486688,0.43991210556597726,17.153244520372375
6,weighted,5,1.176776695296637,-0.7853981633974483,-0.7853981633974483,284.6750800462278,209.20824046224558,0.2650981588262917,17.846770173468556
6,weighted,6,1.0956708580912724,0.7853981633974483,-0.7853981633974483,148.2825587440179,214.47912562685647,0.4464218006725562,20.644539889884083
6,weighted,7,1.0,2.356194490192345,-0.7853981633974483,69.19726433937538,91.21191921876598,0.31814342791675343,20.391239533745424
6,weighted,8,0.9043291419087276,-2.356194490192345,0.7853981633974483,32.57757740317082,45.520849300663585,0.3973061513233632,26.546444383625293
6,weighted,9,0.8232233047033631,-0.7853981633974483,0.7853981633974483,17.336913934687896,19.13692254164428,0.10382520290159068,23.728273530474972
6,weighted,10,0.7690301168721784,0.7853981633974483,0.7853981633974483,11.425663551126782,14.238272742909583,0.24616593856427937,28.55301143315953
6,weighted,11,0.75,2.356194490192345,0.7853981633974483,9.878529006862887,9.192156493218643,0.06948124697183174,21.9959312689718
6,weighted,12,0.7690301168721784,-2.356194490192345,2.356194490192345,11.425663551126913,13.243434242394207,0.15909541560831333,27.920683834714186
6,weighted,13,0.823223304703363,-0.7853981633974483,2.356194490192345,17.336913934685423,15.45972045155519,0.10827725685218927,20.89492635166729
6,weighted,14,0.9043291419087274,0.7853981633974483,2.356194490192345,32.57757740316995,20.587880289594647,0.3680352582757933,19.459873388436293
6,weighted,15,0.9999999999999999,2.356194490192345,2.356194490192345,69.19726433937966,55.50370092311072,0.1978916875833201,12.18613712338442
6,weighted_ess_resample,0,1.0956708580912724,-2.356194490192345,-2.356194490192345,148.2825587440157,162.07016729988084,0.09298199783338701,961.6259987400994
6,weighted_ess_resample,1,1.176776695296637,-0.7853981633974483,-2.356194490192345,284.67508004620794,258.16101307354984,0.09313799777751669,1302.8477466655331
6,weighted_ess_resample,2,1.2309698831278217,0.7853981633974483,-2.356194490192345,441.41018128244633,343.20729201222184,0.22247536063828835,1568.6153697437485
6,weighted_ess_resample,3,1.25,2.356194490192345,-2.356194490192345,515.1724650036236,426.39130408233575,0.17233289228814552,1863.3848439952747
6,weighted_ess_resample,4,1.2309698831278217,-2.356194490192345,-0.7853981633974483,441.4101812824476,531.2773505808266,0.2035910658818157,2368.112522718763
6,weighted_ess_resample,5,1.176776695296637,-0.7853981633974483,-0.7853981633974483,284.6750800462278,334.49500623962206,0.17500627798296967,1673.0276983932874
6,weighted_ess_resample,6,1.0956708580912724,0.7853981633974483,-0.7853981633974483,148.2825587440179,162.5420004576329,0.09616398472210914,979.8624755368064
6,weighted_ess_resample,7,1.0,2.356194490192345,-0.7853981633974483,69.19726433937538,87.27417308271801,0.26123733237032476,635.6452285561857
6,weighted_ess_resample,8,0.9043291419087276,-2.356194490192345,0.7853981633974483,32.57757740317082,48.6520335302845,0.49342085595195695,428.64553061783465
6,weighted_ess_resample,9,0.8232233047033631,-0.7853981633974483,0.7853981633974483,17.336913934687896,15.450303572265737,0.10882042614559027,169.33141266512368
6,weighted_ess_resample,10,0.7690301168721784,0.7853981633974483,0.7853981633974483,11.425663551126782,13.325607055600637,0.1662873666787156,154.17888867599478
6,weighted_ess_resample,11,0.75,2.356194490192345,0.7853981633974483,9.878529006862887,8.181977292150783,0.1717413304686824,100.86935356893109
6,weighted_ess_resample,12,0.7690301168721784,-2.356194490192345,2.356194490192345,11.425663551126913,11.856117565561735,0.037674312087753244,139.72375538932707
6,weighted_ess_resample,13,0.823223304703363,-0.7853981633974483,2.356194490192345,17.336913934685423,17.979927814708237,0.03708929296443906,189.2881954119115
6,weighted_ess_resample,14,0.9043291419087274,0.7853981633974483,2.356194490192345,32.57757740316995,20.68560135122888,0.36503561651530064,187.5642154664882
6,weighted_ess_resample,15,0.9999999999999999,2.356194490192345,2.356194490192345,69.19726433937966,55.63555035552851,0.1959862736384692,415.1179075731752
6,minvar_branch,0,1.0956708580912724,-2.356194490192345,-2.356194490192345,148.2825587440157,134.7339175210313,0.09137043046562068,68257.0
6,minvar_branch,1,1.176776695296637,-0.7853981633974483,-2.356194490192345,284.67508004620794,212.19057286078058,0.25462189094198834,107497.0
6,minvar_branch,2,1.2309698831278217,0.7853981633974483,-2.356194490192345,441.41018128244633,347.2817700611313,0.21324476691461913,175935.0
6,minvar_branch,3,1.25,2.356194490192345,-2.356194490192345,515.1724650036236,471.5973331763726,0.08458358081491123,238914.0
6,minvar_branch,4,1.2309698831278217,-2.356194490192345,-0.7853981633974483,441.4101812824476,594.7107784755613,0.34729737485375395,301284.0
6,minvar_branch,5,1.176776695296637,-0.7853981633974483,-0.7853981633974483,284.6750800462278,337.5898185392615,0.18587766264767894,171025.0
6,minvar_branch,6,1.0956708580912724,0.7853981633974483,-0.7853981633974483,148.2825587440179,128.55949300770976,0.13301001751902816,65129.0
6,minvar_branch,7,1.0,2.356194490192345,-0.7853981633974483,69.19726433937538,82.41119674909615,0.1909603296586052,41750.0
6,minvar_branch,8,0.9043291419087276,-2.356194490192345,0.7853981633974483,32.57757740317082,37.419618126290196,0.14863108644315867,18957.0
6,minvar_branch,9,0.8232233047033631,-0.7853981633974483,0.7853981633974483,17.336913934687896,16.207864347468945,0.0651240233107425,8211.0
6,minvar_branch,10,0.7690301168721784,0.7853981633974483,0.7853981633974483,11.425663551126782,7.785143951579286,0.31862653606568636,3944.0
6,minvar_branch,11,0.75,2.356194490192345,0.7853981633974483,9.878529006862887,8.38521589916552,0.15116755811112384,4248.0
6,minvar_branch,12,0.7690301168721784,-2.356194490192345,2.356194490192345,11.425663551126913,10.051205122069403,0.12029572049860923,5092.0
6,minvar_branch,13,0.823223304703363,-0.7853981633974483,2.356194490192345,17.336913934685423,14.881389515962535,0.1416356121956744,7539.0
6,minvar_branch,14,0.9043291419087274,0.7853981633974483,2.356194490192345,32.57757740316995,23.037630593022783,0.29283782191916097,11671.0
6,minvar_branch,15,0.9999999999999999,2.356194490192345,2.356194490192345,69.19726433937966,47.29909213178065,0.31646008576580276,23962.0
6,poisson_branch,0,1.0956708580912724,-2.356194490192345,-2.356194490192345,148.2825587440157,144.27190321424402,0.027047385503344155,73089.0
6,poisson_branch,1,1.176776695296637,-0.7853981633974483,-2.356194490192345,284.67508004620794,254.89240326253378,0.10461989429787776,129130.0
6,poisson_branch,2,1.2309698831278217,0.7853981633974483,-2.356194490192345,441.41018128244633,410.6150215029217,0.06976540434580425,208020.0
6,poisson_branch,3,1.25,2.356194490192345,-2.356194490192345,515.1724650036236,399.33406367247653,0.22485363485086945,202305.0
6,poisson_branch,4,1.2309698831278217,-2.356194490192345,-0.7853981633974483,441.4101812824476,483.70931169738947,0.09582726499884629,245050.0
6,poisson_branch,5,1.176776695296637,-0.7853981633974483,-0.7853981633974483,284.6750800462278,308.33828501531286,0.08312355603884425,156206.0
6,poisson_branch,6,1.0956708580912724,0.7853981633974483,-0.7853981633974483,148.2825587440179,178.26084685071555,0.20217002161696948,90308.0
6,poisson_branch,7,1.0,2.356194490192345,-0.7853981633974483,69.19726433937538,69.96365167844225,0.011075399387295848,35444.0
6,poisson_branch,8,0.9043291419087276,-2.356194490192345,0.7853981633974483,32.57757740317082,34.91866037105415,0.07186178821435231,17690.0
6,poisson_branch,9,0.8232233047033631,-0.7853981633974483,0.7853981633974483,17.336913934687896,14.636623326815519,0.15575382204958663,7415.0
6,poisson_branch,10,0.7690301168721784,0.7853981633974483,0.7853981633974483,11.425663551126782,8.930018062105653,0.21842455607534603,4524.0
6,poisson_branch,11,0.75,2.356194490192345,0.7853981633974483,9.878529006862887,11.571124199837165,0.17134081317151414,5862.0
6,poisson_branch,12,0.7690301168721784,-2.356194490192345,2.356194490192345,11.425663551126913,9.72945601859389,0.14845593211658384,4929.0
6,poisson_branch,13,0.823223304703363,-0.7853981633974483,2.356194490192345,17.336913934685423,22.131600909002778,0.27655942645736814,11212.0
6,poisson_branch,14,0.9043291419087274,0.7853981633974483,2.356194490192345,32.57757740316995,31.48009019771462,0.033688422925780115,15948.0
6,poisson_branch,15,0.9999999999999999,2.356194490192345,2.356194490192345,69.19726433937966,70.84599431189963,0.023826519563457556,35891.0
7,weighted,0,1.0956708580912724,-2.356194490192345,-2.356194490192345,148.2825587440157,167.5492602867881,0.12993235149140536,15.352736595271752
7,weighted,1,1.176776695296637,-0.7853981633974483,-2.356194490192345,284.67508004620794,309.24308721969595,0.086301924177909,19.285340309220075
7,weighted,2,1.2309698831278217,0.7853981633974483,-2.356194490192345,441.41018128244633,428.6470810007955,0.028914376747200786,11.683165761835255
7,weighted,3,1.25,2.356194490192345,-2.356194490192345,515.1724650036236,764.4179839760087,0.4838098615589479,15.219884402193617
7,weighted,4,1.2309698831278217,-2.356194490192345,-0.7853981633974483,441.4101812824476,477.0944142197454,0.0808414360394291,12.789875487514712
7,weighted,5,1.176776695296637,-0.7853981633974483,-0.7853981633974483,284.6750800462278,241.3026078049866,0.15235781169956295,10.163139426107682
7,weighted,6,1.0956708580912724,0.7853981633974483,-0.7853981633974483,148.2825587440179,152.16748892840326,0.026199508676485406,15.88947462607214
7,weighted,7,1.0,2.356194490192345,-0.7853981633974483,69.19726433937538,77.53089029716404,0.1204328818104239,17.923078427728083
7,weighted,8,0.9043291419087276,-2.356194490192345,0.7853981633974483,32.57757740317082,27.583198587351625,0.15330725038299153,15.891572015556354
7,weighted,9,0.8232233047033631,-0.7853981633974483,0.7853981633974483,17.336913934687896,19.42239219999032,0.12029120483373773,21.248851905366664
7,weighted,10,0.7690301168721784,0.7853981633974483,0.7853981633974483,11.425663551126782,12.500693282390724,0.09408904143321503,27.686038361757745
7,weighted,11,0.75,2.356194490192345,0.7853981633974483,9.878529006862887,13.103089208094117,0.32642108951555826,26.213992439388832
7,weighted,12,0.7690301168721784,-2.356194490192345,2.356194490192345,11.425663551126913,10.07691655081876,0.11804539791259004,21.74165921649632
7,weighted,13,0.823223304703363,-0.7853981633974483,2.356194490192345,17.336913934685423,11.724274252165591,0.3237392596897421,14.719259692591054
7,weighted,14,0.9043291419087274,0.7853981633974483,2.356194490192345,32.57757740316995,36.204451311466826,0.11133037498190299,22.682292754015112
7,weighted,15,0.9999999999999999,2.356194490192345,2.356194490192345,69.19726433937966,73.478456134432,0.061869379316140706,19.296411349123765
7,weighted_ess_resample,0,1.0956708580912724,-2.356194490192345,-2.356194490192345,148.2825587440157,186.30667263576365,0.2564301170267101,1021.1043092447658
7,weighted_ess_resample,1,1.176776695296637,-0.7853981633974483,-2.356194490192345,284.67508004620794,276.8100454680553,0.02762811053526706,1287.633209404195
7,weighted_ess_resample,2,1.2309698831278217,0.7853981633974483,-2.356194490192345,441.41018128244633,439.17860538435497,0.005055560548258944,1812.384780828646
7,weighted_ess_resample,3,1.25,2.356194490192345,-2.356194490192345,515.1724650036236,683.0788958054208,0.32592275831476375,2653.9696129414147
7,weighted_ess_resample,4,1.2309698831278217,-2.356194490192345,-0.7853981633974483,441.4101812824476,439.1595003930936,0.0050988422668797285,1789.978855043118
7,weighted_ess_resample,5,1.176776695296637,-0.7853981633974483,-0.7853981633974483,284.6750800462278,276.32725675632093,0.029324039492853594,1260.996636416906
7,weighted_ess_resample,6,1.0956708580912724,0.7853981633974483,-0.7853981633974483,148.2825587440179,154.8665303325844,0.04440152398457389,846.9941577809512
7,weighted_ess_resample,7,1.0,2.356194490192345,-0.7853981633974483,69.19726433937538,78.40344234080126,0.13304251388139463,534.924025669007
7,weighted_ess_resample,8,0.9043291419087276,-2.356194490192345,0.7853981633974483,32.57757740317082,27.9070551174108,0.14336616341844477,239.49391736868762
7,weighted_ess_resample,9,0.8232233047033631,-0.7853981633974483,0.7853981633974483,17.336913934687896,17.514857032503105,0.010263827719602313,169.66102158715464
7,weighted_ess_resample,10,0.7690301168721784,0.7853981633974483,0.7853981633974483,11.425663551126782,9.653007951366714,0.1551468404288214,112.28205123943937
7,weighted_ess_resample,11,0.75,2.356194490192345,0.7853981633974483,9.878529006862887,10.878424004980053,0.10121901726689374,131.05900943159136
7,weighted_ess_resample,12,0.7690301168721784,-2.356194490192345,2.356194490192345,11.425663551126913,12.260759053135315,0.07308945325333306,136.33827559820904
7,weighted_ess_resample,13,0.823223304703363,-0.7853981633974483,2.356194490192345,17.336913934685423,15.121812924007823,0.12776789566024876,152.61646546452837
7,weighted_ess_resample,14,0.9043291419087274,0.7853981633974483,2.356194490192345,32.57757740316995,38.41321582245516,0.179130521188398,324.0650651667483
7,weighted_ess_resample,15,0.9999999999999999,2.356194490192345,2.356194490192345,69.19726433937966,83.535732562823,0.20721148964964825,573.1228162833429
7,minvar_branch,0,1.0956708580912724,-2.356194490192345,-2.356194490192345,148.2825587440157,171.02445290383685,0.15336863858062447,86642.0
7,minvar_branch,1,1.176776695296637,-0.7853981633974483,-2.356194490192345,284.67508004620794,322.91174287396143,0.1343168598443776,163589.0
7,minvar_branch,2,1.2309698831278217,0.7853981633974483,-2.356194490192345,441.41018128244633,425.15887054836696,0.036816800842390626,215388.0
7,minvar_branch,3,1.25,2.356194490192345,-2.356194490192345,515.1724650036236,617.2292678770867,0.19810220810761933,312692.0
7,minvar_branch,4,1.2309698831278217,-2.356194490192345,-0.7853981633974483,441.4101812824476,447.7464471807001,0.014354598436863193,226831.0
7,minvar_branch,5,1.176776695296637,-0.7853981633974483,-0.7853981633974483,284.6750800462278,300.5412975384523,0.055734479778307346,152256.0
7,minvar_branch,6,1.0956708580912724,0.7853981633974483,-0.7853981633974483,148.2825587440179,131.41378260050482,0.1137610268287444,66575.0
7,minvar_branch,7,1.0,2.356194490192345,-0.7853981633974483,69.19726433937538,111.73379142473263,0.6147139990497088,56605.0
7,minvar_branch,8,0.9043291419087276,-2.356194490192345,0.7853981633974483,32.57757740317082,33.50928086257859,0.028599531753920018,16976.0
7,minvar_branch,9,0.8232233047033631,-0.7853981633974483,0.7853981633974483,17.336913934687896,12.597563057550458,0.27336761865414183,6382.0
7,minvar_branch,10,0.7690301168721784,0.7853981633974483,0.7853981633974483,11.425663551126782,8.130580105617414,0.2883931800341182,4119.0
7,minvar_branch,11,0.75,2.356194490192345,0.7853981633974483,9.878529006862887,9.800517170281733,0.007897110645416705,4965.0
7,minvar_branch,12,0.7690301168721784,-2.356194490192345,2.356194490192345,11.425663551126913,10.532841816842565,0.0781417840888803,5336.0
7,minvar_branch,13,0.823223304703363,-0.7853981633974483,2.356194490192345,17.336913934685423,16.022315784728466,0.07582653723203192,8117.0
7,minvar_branch,14,0.9043291419087274,0.7853981633974483,2.356194490192345,32.57757740316995,38.85071076444815,0.19255984825525427,19682.0
7,minvar_branch,15,0.9999999999999999,2.356194490192345,2.356194490192345,69.19726433937966,79.24897549898712,0.14526168419474797,40148.0
7,poisson_branch,0,1.0956708580912724,-2.356194490192345,-2.356194490192345,148.2825587440157,147.40648957203,0.00590810665398659,74677.0
7,poisson_branch,1,1.176776695296637,-0.7853981633974483,-2.356194490192345,284.67508004620794,377.05441869745744,0.3245079921862309,191018.0
7,poisson_branch,2,1.2309698831278217,0.7853981633974483,-2.356194490192345,441.41018128244633,425.3167842187844,0.03645905270445997,215468.0
7,poisson_branch,3,1.25,2.356194490192345,-2.356194490192345,515.1724650036236,673.6360309501927,0.3075932366561059,341268.0
7,poisson_branch,4,1.2309698831278217,-2.356194490192345,-0.7853981633974483,441.4101812824476,405.8085241595912,0.08065436329407133,205585.0
7,poisson_branch,5,1.176776695296637,-0.7853981633974483,-0.7853981633974483,284.6750800462278,391.9318603716595,0.3767691232685859,198555.0
7,poisson_branch,6,1.0956708580912724,0.7853981633974483,-0.7853981633974483,148.2825587440179,131.8894975326373,0.11055286171369723,66816.0
7,poisson_branch,7,1.0,2.356194490192345,-0.7853981633974483,69.19726433937538,105.1132607924819,0.5190378087341411,53251.0
7,poisson_branch,8,0.9043291419087276,-2.356194490192345,0.7853981633974483,32.57757740317082,30.270076698141064,0.07083094843035087,15335.0
7,poisson_branch,9,0.8232233047033631,-0.7853981633974483,0.7853981633974483,17.336913934687896,19.433251065744948,0.12091754847226162,9845.0
7,poisson_branch,10,0.7690301168721784,0.7853981633974483,0.7853981633974483,11.425663551126782,12.31726629255952,0.07803509506848813,6240.0
7,poisson_branch,11,0.75,2.356194490192345,0.7853981633974483,9.878529006862887,10.436119693711888,0.056444708160661015,5287.0
7,poisson_branch,12,0.7690301168721784,-2.356194490192345,2.356194490192345,11.425663551126913,7.325220386488522,0.35888009009629596,3711.0
7,poisson_branch,13,0.823223304703363,-0.7853981633974483,2.356194490192345,17.336913934685423,15.994680892405414,0.07742052866713754,8103.0
7,poisson_branch,14,0.9043291419087274,0.7853981633974483,2.356194490192345,32.57757740316995,33.75404705172561,0.03611286480870072,17100.0
7,poisson_branch,15,0.9999999999999999,2.356194490192345,2.356194490192345,69.19726433937966,77.50402944087452,0.12004470380149901,39264.0
