method,resolution,seed_group,q,q_set,window_start,window_end,quantity,alpha,beta,T_est,R2_fit,n_points,valid_fit,invalid_reason
LDG,80,-,0.1,"0.1,0.2,0.3",4e-05,9e-05,Rq2,7.375947862771501e-05,0.4496581123572975,0.0001640345778285567,0.3429315305481766,101,False,R2<0.9 (curved)
LDG,80,-,0.1,"0.1,0.2,0.3",5e-05,0.0001,Rq2,4.7823633369219565e-05,0.10937751621369177,0.0004372345891982602,0.6411417533219095,101,False,R2<0.9 (curved)
LDG,80,-,0.1,"0.1,0.2,0.3",6e-05,0.00011,Rq2,5.548793947053176e-05,0.20738171088987545,0.00026756428632222616,0.8209977220993545,101,False,R2<0.9 (curved)
LDG,80,-,0.1,"0.1,0.2,0.3",7e-05,0.00012,Rq2,6.20126207723931e-05,0.2760282686749873,0.00022466039826308726,0.9427828927935576,101,True,
LDG,80,-,0.2,"0.1,0.2,0.3",4e-05,9e-05,Rq2,0.00026087395286042886,2.844478816972836,9.171239079152549e-05,0.7534234610029698,101,False,R2<0.9 (curved)
LDG,80,-,0.2,"0.1,0.2,0.3",5e-05,0.0001,Rq2,0.0001351749169234799,1.0962510107281296,0.0001233065380105755,0.5245347720134348,101,False,R2<0.9 (curved)
LDG,80,-,0.2,"0.1,0.2,0.3",6e-05,0.00011,Rq2,6.143680173463556e-05,0.21288702591908656,0.00028858875485435296,0.1906735077576569,101,False,R2<0.9 (curved)
LDG,80,-,0.2,"0.1,0.2,0.3",7e-05,0.00012,Rq2,4.19569311879018e-05,0.00524545307263982,0.00799872396280663,0.6362340815078227,101,False,R2<0.9 (curved)
LDG,80,-,0.3,"0.1,0.2,0.3",4e-05,9e-05,Rq2,0.0004346833186207479,4.608232874168735,9.432755038430194e-05,0.7632926870791215,101,False,R2<0.9 (curved)
LDG,80,-,0.3,"0.1,0.2,0.3",5e-05,0.0001,Rq2,0.0002439479544308533,1.952658591147646,0.00012493118640236875,0.675072959430791,101,False,R2<0.9 (curved)
LDG,80,-,0.3,"0.1,0.2,0.3",6e-05,0.00011,Rq2,0.00014814899710096683,0.8054349675607547,0.0001839366343252186,0.5394431432653215,101,False,R2<0.9 (curved)
LDG,80,-,0.3,"0.1,0.2,0.3",7e-05,0.00012,Rq2,0.0001112284868527249,0.41749493909870744,0.0002664187668785786,0.9191677007891614,101,True,
LDG,80,-,0.2,"0.2,0.3",4e-05,9e-05,Rq2,0.00026087395286042886,2.844478816972836,9.171239079152549e-05,0.7534234610029698,101,False,R2<0.9 (curved)
LDG,80,-,0.2,"0.2,0.3",5e-05,0.0001,Rq2,0.0001351749169234799,1.0962510107281296,0.0001233065380105755,0.5245347720134348,101,False,R2<0.9 (curved)
LDG,80,-,0.2,"0.2,0.3",6e-05,0.00011,Rq2,6.143680173463556e-05,0.21288702591908656,0.00028858875485435296,0.1906735077576569,101,False,R2<0.9 (curved)
LDG,80,-,0.2,"0.2,0.3",7e-05,0.00012,Rq2,4.19569311879018e-05,0.00524545307263982,0.00799872396280663,0.6362340815078227,101,False,R2<0.9 (curved)
LDG,80,-,0.3,"0.2,0.3",4e-05,9e-05,Rq2,0.0004346833186207479,4.608232874168735,9.432755038430194e-05,0.7632926870791215,101,False,R2<0.9 (curved)
LDG,80,-,0.3,"0.2,0.3",5e-05,0.0001,Rq2,0.0002439479544308533,1.952658591147646,0.00012493118640236875,0.675072959430791,101,False,R2<0.9 (curved)
LDG,80,-,0.3,"0.2,0.3",6e-05,0.00011,Rq2,0.00014814899710096683,0.8054349675607547,0.0001839366343252186,0.5394431432653215,101,False,R2<0.9 (curved)
LDG,80,-,0.3,"0.2,0.3",7e-05,0.00012,Rq2,0.0001112284868527249,0.41749493909870744,0.0002664187668785786,0.9191677007891614,101,True,
LDG,80,-,0.2,0.2,4e-05,9e-05,Rq2,0.00026087395286042886,2.844478816972836,9.171239079152549e-05,0.7534234610029698,101,False,R2<0.9 (curved)
LDG,80,-,0.2,0.2,5e-05,0.0001,Rq2,0.0001351749169234799,1.0962510107281296,0.0001233065380105755,0.5245347720134348,101,False,R2<0.9 (curved)
LDG,80,-,0.2,0.2,6e-05,0.00011,Rq2,6.143680173463556e-05,0.21288702591908656,0.00028858875485435296,0.1906735077576569,101,False,R2<0.9 (curved)
LDG,80,-,0.2,0.2,7e-05,0.00012,Rq2,4.19569311879018e-05,0.00524545307263982,0.00799872396280663,0.6362340815078227,101,False,R2<0.9 (curved)
LDG,80,-,0.3,0.3,4e-05,9e-05,Rq2,0.0004346833186207479,4.608232874168735,9.432755038430194e-05,0.7632926870791215,101,False,R2<0.9 (curved)
LDG,80,-,0.3,0.3,5e-05,0.0001,Rq2,0.0002439479544308533,1.952658591147646,0.00012493118640236875,0.675072959430791,101,False,R2<0.9 (curved)
LDG,80,-,0.3,0.3,6e-05,0.00011,Rq2,0.00014814899710096683,0.8054349675607547,0.0001839366343252186,0.5394431432653215,101,False,R2<0.9 (curved)
LDG,80,-,0.3,0.3,7e-05,0.00012,Rq2,0.0001112284868527249,0.41749493909870744,0.0002664187668785786,0.9191677007891614,101,True,
LDG,80,ens,-1,,4e-05,9e-05,L2,9.34906430470837e-06,0.09965329667752225,9.381590590988587e-05,0.8033170810832874,101,False,R2<0.9 (curved)
LDG,80,ens,-1,,5e-05,0.0001,L2,5.329867965763553e-06,0.04392268889836619,0.00012134657734858783,0.7803257887161849,101,False,R2<0.9 (curved)
LDG,80,ens,-1,,6e-05,0.00011,L2,3.283591363270905e-06,0.019045174942742746,0.0001724106695340246,0.7701282801054053,101,False,R2<0.9 (curved)
LDG,80,ens,-1,,7e-05,0.00012,L2,2.2328824920935597e-06,0.007736598147981903,0.0002886129600354141,0.8322811663415945,101,False,R2<0.9 (curved)
LDG,80,ens,-2,,4e-05,9e-05,peak,9.860854031031136e-05,1.0412908738877462,9.469836218015449e-05,0.8034297526934852,101,False,R2<0.9 (curved)
LDG,80,ens,-2,,5e-05,0.0001,peak,5.627730000260636e-05,0.45299740462773824,0.00012423316210575998,0.7448186718419056,101,False,R2<0.9 (curved)
LDG,80,ens,-2,,6e-05,0.00011,peak,3.330163080398249e-05,0.17459901068061776,0.00019073207044053032,0.6999633969422334,101,False,R2<0.9 (curved)
LDG,80,ens,-2,,7e-05,0.00012,peak,2.2482159689274048e-05,0.05874005174418904,0.0003827398686535569,0.8258120472033765,101,False,R2<0.9 (curved)
LDG,160,-,0.1,"0.1,0.2,0.3",4e-05,9e-05,Rq2,0.0001242034438577201,1.4403730681802747,8.623005150647195e-05,0.8438951900143559,101,False,R2<0.9 (curved)
LDG,160,-,0.1,"0.1,0.2,0.3",5e-05,0.0001,Rq2,7.289880311809332e-05,0.7177733334255956,0.00010156242886620141,0.775839963016975,101,False,R2<0.9 (curved)
LDG,160,-,0.1,"0.1,0.2,0.3",6e-05,0.00011,Rq2,3.94575379793347e-05,0.3077192974606529,0.0001282257508870727,0.5680394434280631,101,False,R2<0.9 (curved)
LDG,160,-,0.1,"0.1,0.2,0.3",7e-05,0.00012,Rq2,1.6690284270739097e-05,0.06410579302390627,0.0002603553202206698,0.2525576716032977,101,False,R2<0.9 (curved)
LDG,160,-,0.2,"0.1,0.2,0.3",4e-05,9e-05,Rq2,0.00026796734753421167,3.065103957709803,8.74252068547889e-05,0.8647665212573743,101,False,R2<0.9 (curved)
LDG,160,-,0.2,"0.1,0.2,0.3",5e-05,0.0001,Rq2,0.00016770070220300772,1.6703601547942915,0.00010039793018390123,0.883459249345419,101,False,R2<0.9 (curved)
LDG,160,-,0.2,"0.1,0.2,0.3",6e-05,0.00011,Rq2,0.00011259977464668272,1.0016999476900355,0.00011240868576098341,0.9229631277695373,101,True,
LDG,160,-,0.2,"0.1,0.2,0.3",7e-05,0.00012,Rq2,7.832440127444227e-05,0.6198791960136891,0.00012635429899588465,0.8369982066120846,101,False,R2<0.9 (curved)
LDG,160,-,0.3,"0.1,0.2,0.3",4e-05,9e-05,Rq2,0.0004525696399922184,5.183219422167701,8.731438959667791e-05,0.8490190101315592,101,False,R2<0.9 (curved)
LDG,160,-,0.3,"0.1,0.2,0.3",5e-05,0.0001,Rq2,0.00027478654449999843,2.711274622381578,0.00010134958009477717,0.8544227838402405,101,False,R2<0.9 (curved)
LDG,160,-,0.3,"0.1,0.2,0.3",6e-05,0.00011,Rq2,0.00017905196128796593,1.5450012220572718,0.0001158911454125236,0.8841753380495767,101,False,R2<0.9 (curved)
LDG,160,-,0.3,"0.1,0.2,0.3",7e-05,0.00012,Rq2,0.00011547073021197382,0.8586826717360567,0.00013447427555341118,0.9197219394836837,101,True,
LDG,160,-,0.2,"0.2,0.3",4e-05,9e-05,Rq2,0.00026796734753421167,3.065103957709803,8.74252068547889e-05,0.8647665212573743,101,False,R2<0.9 (curved)
LDG,160,-,0.2,"0.2,0.3",5e-05,0.0001,Rq2,0.00016770070220300772,1.6703601547942915,0.00010039793018390123,0.883459249345419,101,False,R2<0.9 (curved)
LDG,160,-,0.2,"0.2,0.3",6e-05,0.00011,Rq2,0.00011259977464668272,1.0016999476900355,0.00011240868576098341,0.9229631277695373,101,True,
LDG,160,-,0.2,"0.2,0.3",7e-05,0.00012,Rq2,7.832440127444227e-05,0.6198791960136891,0.00012635429899588465,0.8369982066120846,101,False,R2<0.9 (curved)
LDG,160,-,0.3,"0.2,0.3",4e-05,9e-05,Rq2,0.0004525696399922184,5.183219422167701,8.731438959667791e-05,0.8490190101315592,101,False,R2<0.9 (curved)
LDG,160,-,0.3,"0.2,0.3",5e-05,0.0001,Rq2,0.00027478654449999843,2.711274622381578,0.00010134958009477717,0.8544227838402405,101,False,R2<0.9 (curved)
LDG,160,-,0.3,"0.2,0.3",6e-05,0.00011,Rq2,0.00017905196128796593,1.5450012220572718,0.0001158911454125236,0.8841753380495767,101,False,R2<0.9 (curved)
LDG,160,-,0.3,"0.2,0.3",7e-05,0.00012,Rq2,0.00011547073021197382,0.8586826717360567,0.00013447427555341118,0.9197219394836837,101,True,
LDG,160,-,0.2,0.2,4e-05,9e-05,Rq2,0.00026796734753421167,3.065103957709803,8.74252068547889e-05,0.8647665212573743,101,False,R2<0.9 (curved)
LDG,160,-,0.2,0.2,5e-05,0.0001,Rq2,0.00016770070220300772,1.6703601547942915,0.00010039793018390123,0.883459249345419,101,False,R2<0.9 (curved)
LDG,160,-,0.2,0.2,6e-05,0.00011,Rq2,0.00011259977464668272,1.0016999476900355,0.00011240868576098341,0.9229631277695373,101,True,
LDG,160,-,0.2,0.2,7e-05,0.00012,Rq2,7.832440127444227e-05,0.6198791960136891,0.00012635429899588465,0.8369982066120846,101,False,R2<0.9 (curved)
LDG,160,-,0.3,0.3,4e-05,9e-05,Rq2,0.0004525696399922184,5.183219422167701,8.731438959667791e-05,0.8490190101315592,101,False,R2<0.9 (curved)
LDG,160,-,0.3,0.3,5e-05,0.0001,Rq2,0.00027478654449999843,2.711274622381578,0.00010134958009477717,0.8544227838402405,101,False,R2<0.9 (curved)
LDG,160,-,0.3,0.3,6e-05,0.00011,Rq2,0.00017905196128796593,1.5450012220572718,0.0001158911454125236,0.8841753380495767,101,False,R2<0.9 (curved)
LDG,160,-,0.3,0.3,7e-05,0.00012,Rq2,0.00011547073021197382,0.8586826717360567,0.00013447427555341118,0.9197219394836837,101,True,
LDG,160,ens,-1,,4e-05,9e-05,L2,9.996495723930692e-06,0.1155946953868906,8.647884481612967e-05,0.8588584380626147,101,False,R2<0.9 (curved)
LDG,160,ens,-1,,5e-05,0.0001,L2,6.0594100202813686e-06,0.06078921551083738,9.96790297318627e-05,0.8656648342347633,101,False,R2<0.9 (curved)
LDG,160,ens,-1,,6e-05,0.00011,L2,3.7706735684372308e-06,0.032730432596909866,0.00011520390258432534,0.8594241493852828,101,False,R2<0.9 (curved)
LDG,160,ens,-1,,7e-05,0.00012,L2,2.2943616149644333e-06,0.016672384776472017,0.00013761448321431645,0.853871570214636,101,False,R2<0.9 (curved)
LDG,160,ens,-2,,4e-05,9e-05,peak,0.0001069672262835196,1.2257118890670546,8.726946947127783e-05,0.8633201774056227,101,False,R2<0.9 (curved)
LDG,160,ens,-2,,5e-05,0.0001,peak,6.637839666467448e-05,0.6613099187079686,0.00010037411323628863,0.8834042898382132,101,False,R2<0.9 (curved)
LDG,160,ens,-2,,6e-05,0.00011,peak,4.32060174050628e-05,0.37700412396788524,0.00011460356706533871,0.8883974955045453,101,False,R2<0.9 (curved)
LDG,160,ens,-2,,7e-05,0.00012,peak,2.7749030982244217e-05,0.20827345565310698,0.0001332336417774814,0.8796117000246483,101,False,R2<0.9 (curved)
LDG,320,-,0.1,"0.1,0.2,0.3",4e-05,9e-05,Rq2,0.00012135479267530157,1.400442672282913,8.665459506277159e-05,0.8623359175435765,101,False,R2<0.9 (curved)
LDG,320,-,0.1,"0.1,0.2,0.3",5e-05,0.0001,Rq2,7.590410465919957e-05,0.7695836745073188,9.863008685545826e-05,0.8899209419252372,101,False,R2<0.9 (curved)
LDG,320,-,0.1,"0.1,0.2,0.3",6e-05,0.00011,Rq2,5.115792461373505e-05,0.4673838592990873,0.00010945590780660265,0.9149716912851937,101,False,T<=window_end
LDG,320,-,0.1,"0.1,0.2,0.3",7e-05,0.00012,Rq2,3.4323650116733034e-05,0.28434598088763846,0.00012071086782934447,0.9252397329367588,101,True,
LDG,320,-,0.2,"0.1,0.2,0.3",4e-05,9e-05,Rq2,0.0002685094852471515,3.1003076054166603,8.660736914557407e-05,0.8613541014916581,101,False,R2<0.9 (curved)
LDG,320,-,0.2,"0.1,0.2,0.3",5e-05,0.0001,Rq2,0.00016690915440659113,1.6913330272267606,9.868497316596968e-05,0.8894803634614348,101,False,R2<0.9 (curved)
LDG,320,-,0.2,"0.1,0.2,0.3",6e-05,0.00011,Rq2,0.00011125293427270762,1.0085542200037563,0.0001103093240463495,0.8957736447584832,101,False,R2<0.9 (curved)
LDG,320,-,0.2,"0.1,0.2,0.3",7e-05,0.00012,Rq2,7.436063993115725e-05,0.6078925155295822,0.0001223253092142053,0.9248405412661564,101,True,
LDG,320,-,0.3,"0.1,0.2,0.3",4e-05,9e-05,Rq2,0.00045539252004857565,5.2767977740589425,8.630092331514255e-05,0.8622545051319537,101,False,R2<0.9 (curved)
LDG,320,-,0.3,"0.1,0.2,0.3",5e-05,0.0001,Rq2,0.0002806007041994276,2.848782893634624,9.849845168138551e-05,0.8837792391521673,101,False,R2<0.9 (curved)
LDG,320,-,0.3,"0.1,0.2,0.3",6e-05,0.00011,Rq2,0.000184179824593886,1.6697578971941136,0.00011030331097902551,0.9030362772292277,101,True,
LDG,320,-,0.3,"0.1,0.2,0.3",7e-05,0.00012,Rq2,0.00012369551630563125,1.0110848559784882,0.00012233940165776055,0.9171290618286281,101,True,
LDG,320,-,0.2,"0.2,0.3",4e-05,9e-05,Rq2,0.0002685094852471515,3.1003076054166603,8.660736914557407e-05,0.8613541014916581,101,False,R2<0.9 (curved)
LDG,320,-,0.2,"0.2,0.3",5e-05,0.0001,Rq2,0.00016690915440659113,1.6913330272267606,9.868497316596968e-05,0.8894803634614348,101,False,R2<0.9 (curved)
LDG,320,-,0.2,"0.2,0.3",6e-05,0.00011,Rq2,0.00011125293427270762,1.0085542200037563,0.0001103093240463495,0.8957736447584832,101,False,R2<0.9 (curved)
LDG,320,-,0.2,"0.2,0.3",7e-05,0.00012,Rq2,7.436063993115725e-05,0.6078925155295822,0.0001223253092142053,0.9248405412661564,101,True,
LDG,320,-,0.3,"0.2,0.3",4e-05,9e-05,Rq2,0.00045539252004857565,5.2767977740589425,8.630092331514255e-05,0.8622545051319537,101,False,R2<0.9 (curved)
LDG,320,-,0.3,"0.2,0.3",5e-05,0.0001,Rq2,0.0002806007041994276,2.848782893634624,9.849845168138551e-05,0.8837792391521673,101,False,R2<0.9 (curved)
LDG,320,-,0.3,"0.2,0.3",6e-05,0.00011,Rq2,0.000184179824593886,1.6697578971941136,0.00011030331097902551,0.9030362772292277,101,True,
LDG,320,-,0.3,"0.2,0.3",7e-05,0.00012,Rq2,0.00012369551630563125,1.0110848559784882,0.00012233940165776055,0.9171290618286281,101,True,
LDG,320,-,0.2,0.2,4e-05,9e-05,Rq2,0.0002685094852471515,3.1003076054166603,8.660736914557407e-05,0.8613541014916581,101,False,R2<0.9 (curved)
LDG,320,-,0.2,0.2,5e-05,0.0001,Rq2,0.00016690915440659113,1.6913330272267606,9.868497316596968e-05,0.8894803634614348,101,False,R2<0.9 (curved)
LDG,320,-,0.2,0.2,6e-05,0.00011,Rq2,0.00011125293427270762,1.0085542200037563,0.0001103093240463495,0.8957736447584832,101,False,R2<0.9 (curved)
LDG,320,-,0.2,0.2,7e-05,0.00012,Rq2,7.436063993115725e-05,0.6078925155295822,0.0001223253092142053,0.9248405412661564,101,True,
LDG,320,-,0.3,0.3,4e-05,9e-05,Rq2,0.00045539252004857565,5.2767977740589425,8.630092331514255e-05,0.8622545051319537,101,False,R2<0.9 (curved)
LDG,320,-,0.3,0.3,5e-05,0.0001,Rq2,0.0002806007041994276,2.848782893634624,9.849845168138551e-05,0.8837792391521673,101,False,R2<0.9 (curved)
LDG,320,-,0.3,0.3,6e-05,0.00011,Rq2,0.000184179824593886,1.6697578971941136,0.00011030331097902551,0.9030362772292277,101,True,
LDG,320,-,0.3,0.3,7e-05,0.00012,Rq2,0.00012369551630563125,1.0110848559784882,0.00012233940165776055,0.9171290618286281,101,True,
LDG,320,ens,-1,,4e-05,9e-05,L2,1.0045444237741232e-05,0.1170438246611686,8.58263498037756e-05,0.8631991790712421,101,False,R2<0.9 (curved)
LDG,320,ens,-1,,5e-05,0.0001,L2,6.16376587985884e-06,0.06306400027107631,9.773826356343259e-05,0.880051552739647,101,False,R2<0.9 (curved)
LDG,320,ens,-1,,6e-05,0.00011,L2,3.9759561215728e-06,0.036293937395082326,0.00010954876783667802,0.8979371663103872,101,False,R2<0.9 (curved)
LDG,320,ens,-1,,7e-05,0.00012,L2,2.6038847839628335e-06,0.021364690068910393,0.00012187795730076943,0.9204779670327778,101,True,
LDG,320,ens,-2,,4e-05,9e-05,peak,0.00010959412203377838,1.268210783579974,8.641633035512453e-05,0.8685267454330345,101,False,R2<0.9 (curved)
LDG,320,ens,-2,,5e-05,0.0001,peak,6.857501643846004e-05,0.6978683909227122,9.826353697978936e-05,0.8912927344333922,101,False,R2<0.9 (curved)
LDG,320,ens,-2,,6e-05,0.00011,peak,4.547976726232398e-05,0.41501377302945736,0.00010958616368400829,0.9097460430256092,101,False,T<=window_end
LDG,320,ens,-2,,7e-05,0.00012,peak,3.0549330565878085e-05,0.2522940289262943,0.00012108622108850158,0.9269761177429767,101,True,
particle,80000,mean,0.1,"0.1,0.2,0.3",4e-05,9e-05,Rq2,0.00022730945520214635,1.1308803624473718,0.0002010022127453157,0.46226190684083024,50,False,R2<0.9 (curved)
particle,80000,mean,0.1,"0.1,0.2,0.3",5e-05,0.0001,Rq2,0.0002684141319653915,1.61577327273445,0.00016612116099131994,0.701422267578432,50,False,R2<0.9 (curved)
particle,80000,mean,0.1,"0.1,0.2,0.3",6e-05,0.00011,Rq2,0.00021769678102777988,0.9215154848005586,0.00023623778940068,0.3174141356657604,50,False,R2<0.9 (curved)
particle,80000,mean,0.1,"0.1,0.2,0.3",7e-05,0.00012,Rq2,0.00015721308475359386,0.26498098073349674,0.0005932995051886766,0.04181134587137425,51,False,R2<0.9 (curved)
particle,80000,mean,0.2,"0.1,0.2,0.3",4e-05,9e-05,Rq2,0.000362308646668531,2.4078627889651423,0.00015046897536227343,0.9228023196460464,50,True,
particle,80000,mean,0.2,"0.1,0.2,0.3",5e-05,0.0001,Rq2,0.00034473366596575927,2.1231245604870552,0.0001623709095460116,0.823343328842412,50,False,R2<0.9 (curved)
particle,80000,mean,0.2,"0.1,0.2,0.3",6e-05,0.00011,Rq2,0.0002835937525743265,1.2967042842290137,0.00021870349008906365,0.4700896212868281,50,False,R2<0.9 (curved)
particle,80000,mean,0.2,"0.1,0.2,0.3",7e-05,0.00012,Rq2,0.00018392258614106908,0.16731188569878208,0.0010992798591260389,0.01228614974496578,51,False,R2<0.9 (curved)
particle,80000,mean,0.3,"0.1,0.2,0.3",4e-05,9e-05,Rq2,0.0004985174578017036,3.6511550562542365,0.00013653691780297566,0.907877071420498,50,True,
particle,80000,mean,0.3,"0.1,0.2,0.3",5e-05,0.0001,Rq2,0.0004164929047977753,2.5353761845202105,0.00016427262642154682,0.9432486039306757,50,True,
particle,80000,mean,0.3,"0.1,0.2,0.3",6e-05,0.00011,Rq2,0.00034958065640697483,1.6566663026303956,0.00021101452709693143,0.70587828773923,50,False,R2<0.9 (curved)
particle,80000,mean,0.3,"0.1,0.2,0.3",7e-05,0.00012,Rq2,0.00024096914591027223,0.4040879773915308,0.0005963284220079413,0.07136491208230311,51,False,R2<0.9 (curved)
particle,80000,mean,0.2,"0.2,0.3",4e-05,9e-05,Rq2,0.000362308646668531,2.4078627889651423,0.00015046897536227343,0.9228023196460464,50,True,
particle,80000,mean,0.2,"0.2,0.3",5e-05,0.0001,Rq2,0.00034473366596575927,2.1231245604870552,0.0001623709095460116,0.823343328842412,50,False,R2<0.9 (curved)
particle,80000,mean,0.2,"0.2,0.3",6e-05,0.00011,Rq2,0.0002835937525743265,1.2967042842290137,0.00021870349008906365,0.4700896212868281,50,False,R2<0.9 (curved)
particle,80000,mean,0.2,"0.2,0.3",7e-05,0.00012,Rq2,0.00018392258614106908,0.16731188569878208,0.0010992798591260389,0.01228614974496578,51,False,R2<0.9 (curved)
particle,80000,mean,0.3,"0.2,0.3",4e-05,9e-05,Rq2,0.0004985174578017036,3.6511550562542365,0.00013653691780297566,0.907877071420498,50,True,
particle,80000,mean,0.3,"0.2,0.3",5e-05,0.0001,Rq2,0.0004164929047977753,2.5353761845202105,0.00016427262642154682,0.9432486039306757,50,True,
particle,80000,mean,0.3,"0.2,0.3",6e-05,0.00011,Rq2,0.00034958065640697483,1.6566663026303956,0.00021101452709693143,0.70587828773923,50,False,R2<0.9 (curved)
particle,80000,mean,0.3,"0.2,0.3",7e-05,0.00012,Rq2,0.00024096914591027223,0.4040879773915308,0.0005963284220079413,0.07136491208230311,51,False,R2<0.9 (curved)
particle,80000,mean,0.2,0.2,4e-05,9e-05,Rq2,0.000362308646668531,2.4078627889651423,0.00015046897536227343,0.9228023196460464,50,True,
particle,80000,mean,0.2,0.2,5e-05,0.0001,Rq2,0.00034473366596575927,2.1231245604870552,0.0001623709095460116,0.823343328842412,50,False,R2<0.9 (curved)
particle,80000,mean,0.2,0.2,6e-05,0.00011,Rq2,0.0002835937525743265,1.2967042842290137,0.00021870349008906365,0.4700896212868281,50,False,R2<0.9 (curved)
particle,80000,mean,0.2,0.2,7e-05,0.00012,Rq2,0.00018392258614106908,0.16731188569878208,0.0010992798591260389,0.01228614974496578,51,False,R2<0.9 (curved)
particle,80000,mean,0.3,0.3,4e-05,9e-05,Rq2,0.0004985174578017036,3.6511550562542365,0.00013653691780297566,0.907877071420498,50,True,
particle,80000,mean,0.3,0.3,5e-05,0.0001,Rq2,0.0004164929047977753,2.5353761845202105,0.00016427262642154682,0.9432486039306757,50,True,
particle,80000,mean,0.3,0.3,6e-05,0.00011,Rq2,0.00034958065640697483,1.6566663026303956,0.00021101452709693143,0.70587828773923,50,False,R2<0.9 (curved)
particle,80000,mean,0.3,0.3,7e-05,0.00012,Rq2,0.00024096914591027223,0.4040879773915308,0.0005963284220079413,0.07136491208230311,51,False,R2<0.9 (curved)
particle,80000,ens,-1,,4e-05,9e-05,L2,4.913602776290862e-06,0.06149756165621914,7.989914793302961e-05,0.556362007714583,50,False,R2<0.9 (curved)
particle,80000,ens,-1,,5e-05,0.0001,L2,1.2268218751216791e-06,0.012063861206208185,0.00010169396465622003,0.6735519402844121,50,False,R2<0.9 (curved)
particle,80000,ens,-1,,6e-05,0.00011,L2,6.596682606602125e-07,0.005281639804127038,0.00012489838101885557,0.9215389909842221,50,True,
particle,80000,ens,-1,,7e-05,0.00012,L2,4.722103404122119e-07,0.0031699399159073873,0.00014896507597590944,0.7780712611293185,51,False,R2<0.9 (curved)
particle,320000,mean,0.1,"0.1,0.2,0.3",4e-05,9e-05,Rq2,0.00011667557498180332,0.7786909720221348,0.0001498355306198243,0.6034296651527566,50,False,R2<0.9 (curved)
particle,320000,mean,0.1,"0.1,0.2,0.3",5e-05,0.0001,Rq2,0.00010365970408360619,0.6431245157231379,0.00016118139108264255,0.5839101085149818,50,False,R2<0.9 (curved)
particle,320000,mean,0.1,"0.1,0.2,0.3",6e-05,0.00011,Rq2,0.00010445451634881868,0.6760952568808926,0.00015449674477929431,0.6026833258725384,50,False,R2<0.9 (curved)
particle,320000,mean,0.1,"0.1,0.2,0.3",7e-05,0.00012,Rq2,0.0001224239602972605,0.844659978757802,0.00014493874858058638,0.7927522502052491,51,False,R2<0.9 (curved)
particle,320000,mean,0.2,"0.1,0.2,0.3",4e-05,9e-05,Rq2,0.00028576001970369855,2.4695300952082704,0.00011571432972538797,0.8562919590835322,50,False,R2<0.9 (curved)
particle,320000,mean,0.2,"0.1,0.2,0.3",5e-05,0.0001,Rq2,0.00023601025689943937,1.82734656540168,0.00012915462308462573,0.9140107187603925,50,True,
particle,320000,mean,0.2,"0.1,0.2,0.3",6e-05,0.00011,Rq2,0.00022120250705779645,1.6667544209453085,0.00013271451647468277,0.9319005539984513,50,True,
particle,320000,mean,0.2,"0.1,0.2,0.3",7e-05,0.00012,Rq2,0.00022463767274689443,1.6655385421576188,0.0001348738963770169,0.9279378998290878,51,True,
particle,320000,mean,0.3,"0.1,0.2,0.3",4e-05,9e-05,Rq2,0.0004912996174055855,4.5873575334753145,0.00010709861043540335,0.9075833722625205,50,True,
particle,320000,mean,0.3,"0.1,0.2,0.3",5e-05,0.0001,Rq2,0.00039159072933453334,3.241280897763313,0.00012081357391911187,0.9711108599354378,50,True,
particle,320000,mean,0.3,"0.1,0.2,0.3",6e-05,0.00011,Rq2,0.0003590143761692331,2.8585350336219877,0.00012559383458537982,0.9879775422408539,50,True,
particle,320000,mean,0.3,"0.1,0.2,0.3",7e-05,0.00012,Rq2,0.0003330502941512933,2.5340074846972134,0.00013143224562775483,0.9422396545214684,51,True,
particle,320000,mean,0.2,"0.2,0.3",4e-05,9e-05,Rq2,0.00028576001970369855,2.4695300952082704,0.00011571432972538797,0.8562919590835322,50,False,R2<0.9 (curved)
particle,320000,mean,0.2,"0.2,0.3",5e-05,0.0001,Rq2,0.00023601025689943937,1.82734656540168,0.00012915462308462573,0.9140107187603925,50,True,
particle,320000,mean,0.2,"0.2,0.3",6e-05,0.00011,Rq2,0.00022120250705779645,1.6667544209453085,0.00013271451647468277,0.9319005539984513,50,True,
particle,320000,mean,0.2,"0.2,0.3",7e-05,0.00012,Rq2,0.00022463767274689443,1.6655385421576188,0.0001348738963770169,0.9279378998290878,51,True,
particle,320000,mean,0.3,"0.2,0.3",4e-05,9e-05,Rq2,0.0004912996174055855,4.5873575334753145,0.00010709861043540335,0.9075833722625205,50,True,
particle,320000,mean,0.3,"0.2,0.3",5e-05,0.0001,Rq2,0.00039159072933453334,3.241280897763313,0.00012081357391911187,0.9711108599354378,50,True,
particle,320000,mean,0.3,"0.2,0.3",6e-05,0.00011,Rq2,0.0003590143761692331,2.8585350336219877,0.00012559383458537982,0.9879775422408539,50,True,
particle,320000,mean,0.3,"0.2,0.3",7e-05,0.00012,Rq2,0.0003330502941512933,2.5340074846972134,0.00013143224562775483,0.9422396545214684,51,True,
particle,320000,mean,0.2,0.2,4e-05,9e-05,Rq2,0.00028576001970369855,2.4695300952082704,0.00011571432972538797,0.8562919590835322,50,False,R2<0.9 (curved)
particle,320000,mean,0.2,0.2,5e-05,0.0001,Rq2,0.00023601025689943937,1.82734656540168,0.00012915462308462573,0.9140107187603925,50,True,
particle,320000,mean,0.2,0.2,6e-05,0.00011,Rq2,0.00022120250705779645,1.6667544209453085,0.00013271451647468277,0.9319005539984513,50,True,
particle,320000,mean,0.2,0.2,7e-05,0.00012,Rq2,0.00022463767274689443,1.6655385421576188,0.0001348738963770169,0.9279378998290878,51,True,
particle,320000,mean,0.3,0.3,4e-05,9e-05,Rq2,0.0004912996174055855,4.5873575334753145,0.00010709861043540335,0.9075833722625205,50,True,
particle,320000,mean,0.3,0.3,5e-05,0.0001,Rq2,0.00039159072933453334,3.241280897763313,0.00012081357391911187,0.9711108599354378,50,True,
particle,320000,mean,0.3,0.3,6e-05,0.00011,Rq2,0.0003590143761692331,2.8585350336219877,0.00012559383458537982,0.9879775422408539,50,True,
particle,320000,mean,0.3,0.3,7e-05,0.00012,Rq2,0.0003330502941512933,2.5340074846972134,0.00013143224562775483,0.9422396545214684,51,True,
particle,320000,ens,-1,,4e-05,9e-05,L2,9.407448560824082e-06,0.11523221170067913,8.163905232731586e-05,0.7715589712385641,50,False,R2<0.9 (curved)
particle,320000,ens,-1,,5e-05,0.0001,L2,4.339023585982789e-06,0.04603122398864835,9.426261589422054e-05,0.7611236608691883,50,False,R2<0.9 (curved)
particle,320000,ens,-1,,6e-05,0.00011,L2,2.126265845114741e-06,0.01945364826456703,0.00010929907933965951,0.8222700642789633,50,False,R2<0.9 (curved)
particle,320000,ens,-1,,7e-05,0.00012,L2,1.2510149196730153e-06,0.01001504329809451,0.0001249135807441828,0.8676231234533565,51,False,R2<0.9 (curved)
